id_pdv;adresse;ville;latitude;longitude;pop;nom_carbu;id_carbu;maj;prix_carbu
40500002;Route de Mont de Marsan;Saint-Sever;43.773;-0.567;R;Gazole;1;2026-10-07 08:54:39;2.319
40500002;Route de Mont de Marsan;Saint-Sever;43.773;-0.567;R;GPLc;4;2026-10-07 08:55:39;1.185
40500002;Route de Mont de Marsan;Saint-Sever;43.773;-0.567;R;E10;5;2026-10-07 08:54:39;2.149
38230003;Rue des Ardennes;Tignieu-Jameyzieu;45.745;5.183;R;Gazole;1;2026-10-07 09:41:00;2.297
38230003;Rue des Ardennes;Tignieu-Jameyzieu;45.745;5.183;R;SP95;2;2026-10-07 09:41:00;2.234
38230003;Rue des Ardennes;Tignieu-Jameyzieu;45.745;5.183;R;E85;3;2026-10-07 09:41:00;0.852
38230003;Rue des Ardennes;Tignieu-Jameyzieu;45.745;5.183;R;GPLc;4;2026-10-07 09:41:00;0.997
38230003;Rue des Ardennes;Tignieu-Jameyzieu;45.745;5.183;R;E10;5;2026-10-07 09:41:00;2.149
38230003;Rue des Ardennes;Tignieu-Jameyzieu;45.745;5.183;R;SP98;6;2026-10-07 09:41:00;2.269
95350002;20 avenue robert schumann;SAINT-BRICE-SOUS-FORêT;49.00763;2.35163;R;Gazole;1;2026-10-07 08:26:00;2.357
95350002;20 avenue robert schumann;SAINT-BRICE-SOUS-FORêT;49.00763;2.35163;R;E85;3;2026-10-07 08:26:00;0.854
95350002;20 avenue robert schumann;SAINT-BRICE-SOUS-FORêT;49.00763;2.35163;R;GPLc;4;2026-10-07 08:26:00;0.986
95350002;20 avenue robert schumann;SAINT-BRICE-SOUS-FORêT;49.00763;2.35163;R;E10;5;2026-10-07 08:26:00;2.178
95350002;20 avenue robert schumann;SAINT-BRICE-SOUS-FORêT;49.00763;2.35163;R;SP98;6;2026-10-07 08:26:00;2.278
93380009;42, BOULEVARD JEAN MERMOZ;Pierrefitte-sur-Seine;48.9660970452;2.36413094302;R;Gazole;1;2026-10-07 00:01:00;2.25
93380009;42, BOULEVARD JEAN MERMOZ;Pierrefitte-sur-Seine;48.9660970452;2.36413094302;R;E85;3;2026-10-07 00:01:00;0.886
93380009;42, BOULEVARD JEAN MERMOZ;Pierrefitte-sur-Seine;48.9660970452;2.36413094302;R;E10;5;2026-10-07 00:01:00;1.99
93380009;42, BOULEVARD JEAN MERMOZ;Pierrefitte-sur-Seine;48.9660970452;2.36413094302;R;SP98;6;2026-10-07 00:01:00;1.99
34150003;Route de Pézenas;GIGNAC;43.651;3.547;R;Gazole;1;2026-10-07 08:30:00;2.307
34150003;Route de Pézenas;GIGNAC;43.651;3.547;R;E10;5;2026-10-07 08:30:00;2.15
59550001;Boulevard des Résistants;LANDRECIES;50.124;3.689;R;Gazole;1;2026-10-07 07:21:59;2.457
59550001;Boulevard des Résistants;LANDRECIES;50.124;3.689;R;E10;5;2026-10-07 07:21:59;2.235
59550001;Boulevard des Résistants;LANDRECIES;50.124;3.689;R;SP98;6;2026-10-07 07:21:59;2.346
91200001;180 ROUTE NATIONALE 7;ATHIS-MONS;48.712;2.371;R;Gazole;1;2026-10-07 08:26:00;2.325
91200001;180 ROUTE NATIONALE 7;ATHIS-MONS;48.712;2.371;R;SP95;2;2026-10-07 08:26:00;2.204
91200001;180 ROUTE NATIONALE 7;ATHIS-MONS;48.712;2.371;R;E85;3;2026-10-07 08:26:00;0.871
91200001;180 ROUTE NATIONALE 7;ATHIS-MONS;48.712;2.371;R;E10;5;2026-10-07 08:26:00;2.143
91200001;180 ROUTE NATIONALE 7;ATHIS-MONS;48.712;2.371;R;SP98;6;2026-10-07 08:26:00;2.262
82800001;Rue des Marchats;NEGREPELISSE;44.07487;1.51788;R;Gazole;1;2026-10-07 09:45:28;2.389
82800001;Rue des Marchats;NEGREPELISSE;44.07487;1.51788;R;SP95;2;2026-10-07 09:45:29;2.339
82800001;Rue des Marchats;NEGREPELISSE;44.07487;1.51788;R;E85;3;2026-10-07 09:45:29;0.889
82800001;Rue des Marchats;NEGREPELISSE;44.07487;1.51788;R;E10;5;2026-10-07 09:45:29;2.219
82800001;Rue des Marchats;NEGREPELISSE;44.07487;1.51788;R;SP98;6;2026-10-07 09:45:29;2.359
13270004;DEVIATION RN 568 OUEST;Fos-sur-Mer;43.441;4.94;R;Gazole;1;2026-10-07 07:31:00;2.34
13270004;DEVIATION RN 568 OUEST;Fos-sur-Mer;43.441;4.94;R;E10;5;2026-10-07 07:31:00;2.187
13270004;DEVIATION RN 568 OUEST;Fos-sur-Mer;43.441;4.94;R;SP98;6;2026-10-07 07:31:00;2.316
13380002;89 AVENUE DE LA LIBERATION;Plan-de-Cuques;43.341;5.457;R;Gazole;1;2026-10-07 07:31:00;2.402
13380002;89 AVENUE DE LA LIBERATION;Plan-de-Cuques;43.341;5.457;R;E85;3;2026-10-07 07:31:00;1.045
13380002;89 AVENUE DE LA LIBERATION;Plan-de-Cuques;43.341;5.457;R;E10;5;2026-10-07 07:31:00;2.192
13380002;89 AVENUE DE LA LIBERATION;Plan-de-Cuques;43.341;5.457;R;SP98;6;2026-10-07 07:31:00;2.322
64500006;26 - RN 618 AVENUE DE CHANTACO;Saint-Jean-de-Luz;43.382;-1.649;R;Gazole;1;2026-10-07 00:01:00;2.25
77680004;Place Robert Schuman;Roissy-en-Brie;48.79;2.642;R;Gazole;1;2026-10-07 07:16:18;2.33
77680004;Place Robert Schuman;Roissy-en-Brie;48.79;2.642;R;SP95;2;2026-10-07 07:16:18;2.218
77680004;Place Robert Schuman;Roissy-en-Brie;48.79;2.642;R;E10;5;2026-10-07 07:16:18;2.15
77680004;Place Robert Schuman;Roissy-en-Brie;48.79;2.642;R;SP98;6;2026-10-07 07:16:18;2.23
3200005;Allée des ailes;VICHY;46.143;3.415;R;GPLc;4;2026-10-07 10:24:56;0.999
39100006;9 Rue Léon Bel;Dole;47.10875;5.50677;R;Gazole;1;2026-10-07 06:22:53;2.319
18200011;Autoroute A71 - La GazonnièreSens Bourges – Clermond-Ferrand;FARGE ALLICHAMPS;46.752;2.416;A;Gazole;1;2026-10-07 07:41:00;2.541
18200011;Autoroute A71 - La GazonnièreSens Bourges – Clermond-Ferrand;FARGE ALLICHAMPS;46.752;2.416;A;GPLc;4;2026-10-07 07:41:00;1.114
18200011;Autoroute A71 - La GazonnièreSens Bourges – Clermond-Ferrand;FARGE ALLICHAMPS;46.752;2.416;A;E10;5;2026-10-07 07:41:00;2.347
18200011;Autoroute A71 - La GazonnièreSens Bourges – Clermond-Ferrand;FARGE ALLICHAMPS;46.752;2.416;A;SP98;6;2026-10-07 07:41:00;2.447
19190002;RD15 LE BOURG;LE PESCHER;45.071202;1.737681;R;Gazole;1;2026-10-07 00:01:00;2.25
19190002;RD15 LE BOURG;LE PESCHER;45.071202;1.737681;R;SP98;6;2026-10-07 00:01:00;1.99
50260003;240 Rue Bitouzé d'Auxmesnil;Bricquebec;49.468;-1.64;R;Gazole;1;2026-10-07 09:45:01;2.369
50260003;240 Rue Bitouzé d'Auxmesnil;Bricquebec;49.468;-1.64;R;E10;5;2026-10-07 09:45:02;2.149
50260003;240 Rue Bitouzé d'Auxmesnil;Bricquebec;49.468;-1.64;R;SP98;6;2026-10-07 09:45:02;2.259
77550004;AUTOROUTE A5B - AIRE DE GALANDE-LA-MARE-LAROCHE;REAU;48.626;2.63;A;Gazole;1;2026-10-07 00:01:00;2.25
77550004;AUTOROUTE A5B - AIRE DE GALANDE-LA-MARE-LAROCHE;REAU;48.626;2.63;A;E85;3;2026-10-07 00:01:00;0.999
77550004;AUTOROUTE A5B - AIRE DE GALANDE-LA-MARE-LAROCHE;REAU;48.626;2.63;A;E10;5;2026-10-07 00:01:00;1.99
77550004;AUTOROUTE A5B - AIRE DE GALANDE-LA-MARE-LAROCHE;REAU;48.626;2.63;A;SP98;6;2026-10-07 00:01:00;1.99
43770001;17 Avenue des Champs Élysées;Chadrac;45.053;3.9;R;Gazole;1;2026-10-07 05:56:58;2.349
91100019;46 avenue du 8 mai 1945;CORBEIL ESSONNES;48.611;2.452;R;Gazole;1;2026-10-07 07:32:00;2.403
91100019;46 avenue du 8 mai 1945;CORBEIL ESSONNES;48.611;2.452;R;E10;5;2026-10-07 07:32:00;2.173
91100019;46 avenue du 8 mai 1945;CORBEIL ESSONNES;48.611;2.452;R;SP98;6;2026-10-07 07:32:00;2.299
88170006;AUT.A31-AIRE DE LORRAINE SANDAUCOURT-LES RAPPES;SANDAUCOURT;48.2666363;5.8637440000000005;A;Gazole;1;2026-10-07 00:01:00;2.25
88170006;AUT.A31-AIRE DE LORRAINE SANDAUCOURT-LES RAPPES;SANDAUCOURT;48.2666363;5.8637440000000005;A;E85;3;2026-10-07 00:01:00;0.999
88170006;AUT.A31-AIRE DE LORRAINE SANDAUCOURT-LES RAPPES;SANDAUCOURT;48.2666363;5.8637440000000005;A;GPLc;4;2026-10-07 00:01:00;1.114
88170006;AUT.A31-AIRE DE LORRAINE SANDAUCOURT-LES RAPPES;SANDAUCOURT;48.2666363;5.8637440000000005;A;E10;5;2026-10-07 00:01:00;1.99
88170006;AUT.A31-AIRE DE LORRAINE SANDAUCOURT-LES RAPPES;SANDAUCOURT;48.2666363;5.8637440000000005;A;SP98;6;2026-10-07 00:01:00;1.99
95100011;2 Avenue Gabriel Péri;Argenteuil;48.943;2.253;R;Gazole;1;2026-10-07 07:31:00;2.405
95100011;2 Avenue Gabriel Péri;Argenteuil;48.943;2.253;R;E85;3;2026-10-07 07:31:00;0.993
95100011;2 Avenue Gabriel Péri;Argenteuil;48.943;2.253;R;E10;5;2026-10-07 07:31:00;2.189
95100011;2 Avenue Gabriel Péri;Argenteuil;48.943;2.253;R;SP98;6;2026-10-07 07:31:00;2.297
88400005;68 BOULEVARD KELSCH;GERARDMER;48.075;6.884;R;Gazole;1;2026-10-07 00:01:00;2.25
88400005;68 BOULEVARD KELSCH;GERARDMER;48.075;6.884;R;GPLc;4;2026-10-07 00:01:00;1.049
88400005;68 BOULEVARD KELSCH;GERARDMER;48.075;6.884;R;E10;5;2026-10-07 00:01:00;1.99
39260003;AVENUE DE FRANCHE COMTE;MOIRANS EN MONTAGNE;46.439;5.722;R;Gazole;1;2026-10-07 10:57:57;2.269
81600001;Route de Toulouse;GAILLAC;43.893;1.881;R;Gazole;1;2026-10-07 10:51:00;2.399
81600001;Route de Toulouse;GAILLAC;43.893;1.881;R;E85;3;2026-10-07 10:51:00;0.869
81600001;Route de Toulouse;GAILLAC;43.893;1.881;R;E10;5;2026-10-07 10:51:00;2.215
81600001;Route de Toulouse;GAILLAC;43.893;1.881;R;SP98;6;2026-10-07 10:51:00;2.306
29270003;2 rue Charles Le Goff;Carhaix-Plouguer;48.27519;-3.58155;R;Gazole;1;2026-10-07 10:06:20;2.335
29270003;2 rue Charles Le Goff;Carhaix-Plouguer;48.27519;-3.58155;R;E10;5;2026-10-07 10:06:20;2.132
83136012;43 avenue de La Liberation;Forcalqueiret;43.339;6.084;R;Gazole;1;2026-10-07 06:30:25;2.25
83136012;43 avenue de La Liberation;Forcalqueiret;43.339;6.084;R;SP95;2;2026-10-07 06:30:25;1.99
83136012;43 avenue de La Liberation;Forcalqueiret;43.339;6.084;R;SP98;6;2026-10-07 06:30:25;1.99
59119003;194 Route de Tournai;WAZIERS;50.392;3.108;R;Gazole;1;2026-10-07 06:00:03;2.25
59119003;194 Route de Tournai;WAZIERS;50.392;3.108;R;E85;3;2026-10-07 06:00:03;0.867
59119003;194 Route de Tournai;WAZIERS;50.392;3.108;R;E10;5;2026-10-07 06:00:03;1.99
73420001;214 Chemin de la Boisière;Drumettaz-Clarafond;45.657;5.911;R;Gazole;1;2026-10-07 08:45:00;2.27
73420001;214 Chemin de la Boisière;Drumettaz-Clarafond;45.657;5.911;R;E10;5;2026-10-07 08:45:00;2.133
33520002;A630 ROC.PRESQU'ILE LAC COTE2;Bruges;44.888;-0.579;A;Gazole;1;2026-10-07 07:41:00;2.449
33520002;A630 ROC.PRESQU'ILE LAC COTE2;Bruges;44.888;-0.579;A;GPLc;4;2026-10-07 07:41:00;1.009
33520002;A630 ROC.PRESQU'ILE LAC COTE2;Bruges;44.888;-0.579;A;E10;5;2026-10-07 07:41:00;2.246
33520002;A630 ROC.PRESQU'ILE LAC COTE2;Bruges;44.888;-0.579;A;SP98;6;2026-10-07 07:41:00;2.346
34170001;753 Route de la Pompignane;CASTELNAU-LE-LEZ;43.623;3.898;R;Gazole;1;2026-10-07 08:09:23;2.359
34170001;753 Route de la Pompignane;CASTELNAU-LE-LEZ;43.623;3.898;R;E85;3;2026-10-07 08:09:23;0.939
34170001;753 Route de la Pompignane;CASTELNAU-LE-LEZ;43.623;3.898;R;E10;5;2026-10-07 08:09:24;2.229
34170001;753 Route de la Pompignane;CASTELNAU-LE-LEZ;43.623;3.898;R;SP98;6;2026-10-07 08:09:24;2.329
37380004;AUTOROUTE A10 - AIRE TOURS VAL DE LOIRE;MONNAIE;47.474;0.777;A;Gazole;1;2026-10-07 00:01:00;2.25
37380004;AUTOROUTE A10 - AIRE TOURS VAL DE LOIRE;MONNAIE;47.474;0.777;A;E85;3;2026-10-07 00:01:00;0.999
37380004;AUTOROUTE A10 - AIRE TOURS VAL DE LOIRE;MONNAIE;47.474;0.777;A;GPLc;4;2026-10-07 00:01:00;1.109
37380004;AUTOROUTE A10 - AIRE TOURS VAL DE LOIRE;MONNAIE;47.474;0.777;A;E10;5;2026-10-07 00:01:00;1.99
37380004;AUTOROUTE A10 - AIRE TOURS VAL DE LOIRE;MONNAIE;47.474;0.777;A;SP98;6;2026-10-07 00:01:00;1.99
39700013;ROUTE NATIONALE 73;ROCHEFORT SUR NENON;47.116137241037;5.5385215038275;R;Gazole;1;2026-10-07 00:01:00;2.25
38500006;7 RUE DE L'INDUSTRIE;VOIRON;45.359;5.595;R;Gazole;1;2026-10-07 07:23:18;2.398
38500006;7 RUE DE L'INDUSTRIE;VOIRON;45.359;5.595;R;E10;5;2026-10-07 07:23:18;2.209
38500006;7 RUE DE L'INDUSTRIE;VOIRON;45.359;5.595;R;SP98;6;2026-10-07 07:23:18;2.29
62180002;LA FOLIE NORD;RANG-DU-FLIERS;50.412;1.608;R;Gazole;1;2026-10-07 09:51:05;2.339
62180002;LA FOLIE NORD;RANG-DU-FLIERS;50.412;1.608;R;GPLc;4;2026-10-07 09:51:05;1.09
62180002;LA FOLIE NORD;RANG-DU-FLIERS;50.412;1.608;R;E10;5;2026-10-07 09:51:05;2.132
62180002;LA FOLIE NORD;RANG-DU-FLIERS;50.412;1.608;R;SP98;6;2026-10-07 09:51:05;2.225
94800008;60 AV DE STALINGRAD;VILLEJUIF;48.785;2.367;R;Gazole;1;2026-10-07 00:01:00;2.25
94800008;60 AV DE STALINGRAD;VILLEJUIF;48.785;2.367;R;E85;3;2026-10-07 00:01:00;0.914
94800008;60 AV DE STALINGRAD;VILLEJUIF;48.785;2.367;R;E10;5;2026-10-07 00:01:00;1.99
42100005;36 Rue de Terrenoire;Saint-Étienne;45.433;4.415;R;Gazole;1;2026-10-07 07:40:00;2.299
42100005;36 Rue de Terrenoire;Saint-Étienne;45.433;4.415;R;E10;5;2026-10-07 07:40:00;2.159
42100005;36 Rue de Terrenoire;Saint-Étienne;45.433;4.415;R;SP98;6;2026-10-07 07:40:00;2.326
43000004;106 Avenue Maréchal Foch;Le Puy-en-Velay;45.033;3.886;R;Gazole;1;2026-10-07 07:31:00;2.409
43000004;106 Avenue Maréchal Foch;Le Puy-en-Velay;45.033;3.886;R;E85;3;2026-10-07 07:31:00;1.065
43000004;106 Avenue Maréchal Foch;Le Puy-en-Velay;45.033;3.886;R;E10;5;2026-10-07 07:31:00;2.217
43000004;106 Avenue Maréchal Foch;Le Puy-en-Velay;45.033;3.886;R;SP98;6;2026-10-07 07:31:00;2.297
38200019;2 RUE DU COLONEL ARNAUD BELTRAME;Vienne;45.502489078125;4.8505126269;R;Gazole;1;2026-10-07 06:55:28;2.285
38200019;2 RUE DU COLONEL ARNAUD BELTRAME;Vienne;45.502489078125;4.8505126269;R;SP95;2;2026-10-07 06:55:28;2.239
38200019;2 RUE DU COLONEL ARNAUD BELTRAME;Vienne;45.502489078125;4.8505126269;R;SP98;6;2026-10-07 06:55:28;2.291
45100008;39 AV .J.F.KENNEDY;Orléans;47.84264;1.92524;R;Gazole;1;2026-10-07 00:01:00;2.25
45100008;39 AV .J.F.KENNEDY;Orléans;47.84264;1.92524;R;E85;3;2026-10-07 00:01:00;0.894
45100008;39 AV .J.F.KENNEDY;Orléans;47.84264;1.92524;R;GPLc;4;2026-10-07 00:01:00;0.934
45100008;39 AV .J.F.KENNEDY;Orléans;47.84264;1.92524;R;E10;5;2026-10-07 00:01:00;1.99
74350006;363 ROUTE D'ANNECY;CRUSEILLES;46.014;6.111;R;Gazole;1;2026-10-07 07:05:52;2.429
71600003;Parc d'activités de Champ Bossu;PARAY-LE-MONIAL;46.467142444554995;4.1131633933708;R;Gazole;1;2026-10-07 08:30:00;2.319
46300004;Route de Fumel;GOURDON;44.726;1.373;R;Gazole;1;2026-10-07 09:00:00;2.349
46300004;Route de Fumel;GOURDON;44.726;1.373;R;E10;5;2026-10-07 09:00:00;2.149
46300004;Route de Fumel;GOURDON;44.726;1.373;R;SP98;6;2026-10-07 09:00:00;2.259
88600001;500 ROUTE DE LEPANGES;Laval-sur-Vologne;48.188;6.688;R;Gazole;1;2026-10-07 08:27:07;2.25
88600001;500 ROUTE DE LEPANGES;Laval-sur-Vologne;48.188;6.688;R;SP95;2;2026-10-07 08:27:07;1.99
67310003;58 Route de Hohengoeft;Wasselonne;48.646;7.453;R;Gazole;1;2026-10-07 09:41:00;2.339
67310003;58 Route de Hohengoeft;Wasselonne;48.646;7.453;R;E10;5;2026-10-07 09:41:00;2.302
67310003;58 Route de Hohengoeft;Wasselonne;48.646;7.453;R;SP98;6;2026-10-07 09:41:00;2.379
51000005;ROUTE D'EPERNAY;Châlons-en-Champagne;48.955;4.332;R;Gazole;1;2026-10-07 07:31:00;2.389
51000005;ROUTE D'EPERNAY;Châlons-en-Champagne;48.955;4.332;R;E10;5;2026-10-07 07:31:00;2.187
51000005;ROUTE D'EPERNAY;Châlons-en-Champagne;48.955;4.332;R;SP98;6;2026-10-07 07:31:00;2.298
30000016;120 Chemin du Mas Fléchier;NîMES;43.815227701262;4.3693488211645;R;Gazole;1;2026-10-07 10:50:00;2.349
30000016;120 Chemin du Mas Fléchier;NîMES;43.815227701262;4.3693488211645;R;SP95;2;2026-10-07 10:50:00;2.257
30000016;120 Chemin du Mas Fléchier;NîMES;43.815227701262;4.3693488211645;R;E10;5;2026-10-07 10:50:00;2.16
57430004;97 Route de Strasbourg;SARRALBE;48.987;7.028;R;Gazole;1;2026-10-07 06:40:24;2.25
57430004;97 Route de Strasbourg;SARRALBE;48.987;7.028;R;E10;5;2026-10-07 06:40:25;1.99
54450002;11 GRANDE RUE;AVRICOURT;48.644;6.806;R;Gazole;1;2026-10-07 06:33:22;2.25
6600008;20 Boulevard Maréchal Leclerc;Antibes;43.574;7.124;R;Gazole;1;2026-10-07 07:31:00;2.373
6600008;20 Boulevard Maréchal Leclerc;Antibes;43.574;7.124;R;E85;3;2026-10-07 07:31:00;1.024
6600008;20 Boulevard Maréchal Leclerc;Antibes;43.574;7.124;R;E10;5;2026-10-07 07:31:00;2.188
6600008;20 Boulevard Maréchal Leclerc;Antibes;43.574;7.124;R;SP98;6;2026-10-07 07:31:00;2.268
54220001;49 Rue du Colonel Driant;Malzéville;48.705;6.192;R;Gazole;1;2026-10-07 07:31:00;2.378
54220001;49 Rue du Colonel Driant;Malzéville;48.705;6.192;R;E10;5;2026-10-07 07:31:00;2.19
54220001;49 Rue du Colonel Driant;Malzéville;48.705;6.192;R;SP98;6;2026-10-07 07:31:00;2.318
83600026;959 avenue du Maréchal de Lattre de Tassigny;Fréjus;43.431000975238994;6.7552803524051;R;Gazole;1;2026-10-07 10:57:28;2.299
59450002;121 AVENUE ROGER SALENGRO;Sin-le-Noble;50.364;3.097;R;Gazole;1;2026-10-07 07:31:00;2.319
59450002;121 AVENUE ROGER SALENGRO;Sin-le-Noble;50.364;3.097;R;E10;5;2026-10-07 07:31:00;2.028
59450002;121 AVENUE ROGER SALENGRO;Sin-le-Noble;50.364;3.097;R;SP98;6;2026-10-07 07:31:00;2.163
93150009;140 AVENUE DE LA REPUBLIQUE;Le Blanc-Mesnil;48.935;2.473;R;Gazole;1;2026-10-07 00:01:00;2.25
93150009;140 AVENUE DE LA REPUBLIQUE;Le Blanc-Mesnil;48.935;2.473;R;E85;3;2026-10-07 00:01:00;0.886
93150009;140 AVENUE DE LA REPUBLIQUE;Le Blanc-Mesnil;48.935;2.473;R;E10;5;2026-10-07 00:01:00;1.99
93150009;140 AVENUE DE LA REPUBLIQUE;Le Blanc-Mesnil;48.935;2.473;R;SP98;6;2026-10-07 00:01:00;1.99
54670004;41 RUE DU GAL LECLERC;CUSTINES;48.792845;6.145033000000001;R;E10;5;2026-10-07 10:08:32;1.99
54670004;41 RUE DU GAL LECLERC;CUSTINES;48.792845;6.145033000000001;R;SP98;6;2026-10-07 10:08:32;1.99
56530001;Place Pierre Quinio;Quéven;47.79;-3.421;R;Gazole;1;2026-10-07 10:02:55;2.289
56530001;Place Pierre Quinio;Quéven;47.79;-3.421;R;E10;5;2026-10-07 10:02:55;2.129
56530001;Place Pierre Quinio;Quéven;47.79;-3.421;R;SP98;6;2026-10-07 10:02:55;2.219
69009003;69 AVENUE DU 25EME RTS;Lyon;45.781;4.801;R;Gazole;1;2026-10-07 07:31:00;2.399
69009003;69 AVENUE DU 25EME RTS;Lyon;45.781;4.801;R;E85;3;2026-10-07 07:31:00;1.065
69009003;69 AVENUE DU 25EME RTS;Lyon;45.781;4.801;R;E10;5;2026-10-07 07:31:00;2.22
69009003;69 AVENUE DU 25EME RTS;Lyon;45.781;4.801;R;SP98;6;2026-10-07 07:31:00;2.331
59100012;48 AVENUE GUSTAVE DELORY;ROUBAIX;50.67431;3.17409;R;Gazole;1;2026-10-07 00:01:00;2.25
59100012;48 AVENUE GUSTAVE DELORY;ROUBAIX;50.67431;3.17409;R;E85;3;2026-10-07 00:01:00;0.875
59100012;48 AVENUE GUSTAVE DELORY;ROUBAIX;50.67431;3.17409;R;E10;5;2026-10-07 00:01:00;1.99
59100012;48 AVENUE GUSTAVE DELORY;ROUBAIX;50.67431;3.17409;R;SP98;6;2026-10-07 00:01:00;1.99
92242003;12 Avenue Pierre Brossolette;MALAKOFF;48.821;2.312;R;Gazole;1;2026-10-07 00:01:00;2.25
92242003;12 Avenue Pierre Brossolette;MALAKOFF;48.821;2.312;R;E85;3;2026-10-07 00:01:00;0.909
66005001;Avenue Victor Dalbiez;Perpignan;42.686492490449;2.8827135110700004;R;Gazole;1;2026-10-07 10:51:00;2.342
66005001;Avenue Victor Dalbiez;Perpignan;42.686492490449;2.8827135110700004;R;SP95;2;2026-10-07 10:51:00;2.239
66005001;Avenue Victor Dalbiez;Perpignan;42.686492490449;2.8827135110700004;R;E85;3;2026-10-07 10:51:00;0.859
66005001;Avenue Victor Dalbiez;Perpignan;42.686492490449;2.8827135110700004;R;SP98;6;2026-10-07 10:51:00;2.279
74000004;AVENUE DE LA PLAINE;Annecy;45.917;6.128;R;Gazole;1;2026-10-07 07:31:00;2.388
74000004;AVENUE DE LA PLAINE;Annecy;45.917;6.128;R;E85;3;2026-10-07 07:31:00;1.023
74000004;AVENUE DE LA PLAINE;Annecy;45.917;6.128;R;E10;5;2026-10-07 07:31:00;2.222
74000004;AVENUE DE LA PLAINE;Annecy;45.917;6.128;R;SP98;6;2026-10-07 07:31:00;2.387
67370003;5 ALLEE DE L’ECONOMIE;WIWERSHEIM;48.644;7.598;R;Gazole;1;2026-10-07 09:41:00;2.393
67370003;5 ALLEE DE L’ECONOMIE;WIWERSHEIM;48.644;7.598;R;E85;3;2026-10-07 09:41:00;0.874
67370003;5 ALLEE DE L’ECONOMIE;WIWERSHEIM;48.644;7.598;R;E10;5;2026-10-07 09:41:00;2.198
74960003;1 Avenue de la République;Cran-Gevrier;45.906;6.113;R;Gazole;1;2026-10-07 07:31:00;2.405
74960003;1 Avenue de la République;Cran-Gevrier;45.906;6.113;R;E10;5;2026-10-07 07:31:00;2.215
74960003;1 Avenue de la République;Cran-Gevrier;45.906;6.113;R;SP98;6;2026-10-07 07:31:00;2.36
73000012;VOIE RAP. URB. RN 201;CHAMBERY;45.609640912985;5.886971258695;R;Gazole;1;2026-10-07 00:01:00;2.25
73000012;VOIE RAP. URB. RN 201;CHAMBERY;45.609640912985;5.886971258695;R;GPLc;4;2026-10-07 00:01:00;1.059
73000012;VOIE RAP. URB. RN 201;CHAMBERY;45.609640912985;5.886971258695;R;E10;5;2026-10-07 00:01:00;1.99
73000012;VOIE RAP. URB. RN 201;CHAMBERY;45.609640912985;5.886971258695;R;SP98;6;2026-10-07 00:01:00;1.99
76260005;24 BD. FAIDHERBE - RD 925;EU;50.051;1.423;R;Gazole;1;2026-10-07 00:01:00;2.25
76260005;24 BD. FAIDHERBE - RD 925;EU;50.051;1.423;R;E10;5;2026-10-07 00:01:00;1.99
76260005;24 BD. FAIDHERBE - RD 925;EU;50.051;1.423;R;SP98;6;2026-10-07 00:01:00;1.99
31200022;55 BOULEVARD DE SUISSE;TOULOUSE;43.616;1.421;R;Gazole;1;2026-10-07 00:01:00;2.25
78170002;64 Avenue Lucien-René Duchesne;La Celle-Saint-Cloud;48.837;2.13;R;Gazole;1;2026-10-07 07:31:00;2.371
78170002;64 Avenue Lucien-René Duchesne;La Celle-Saint-Cloud;48.837;2.13;R;E10;5;2026-10-07 07:31:00;2.182
78170002;64 Avenue Lucien-René Duchesne;La Celle-Saint-Cloud;48.837;2.13;R;SP98;6;2026-10-07 07:31:00;2.316
11100010;AVENUE CROIX SUD;Narbonne;43.161;2.988;R;Gazole;1;2026-10-07 07:31:00;2.372
11100010;AVENUE CROIX SUD;Narbonne;43.161;2.988;R;E10;5;2026-10-07 07:31:00;2.192
11100010;AVENUE CROIX SUD;Narbonne;43.161;2.988;R;SP98;6;2026-10-07 07:31:00;2.307
92160006;100 AV DU PRESIDENT KENNEDY;ANTONY;48.738;2.295;R;Gazole;1;2026-10-07 00:01:00;2.25
92160006;100 AV DU PRESIDENT KENNEDY;ANTONY;48.738;2.295;R;E10;5;2026-10-07 06:57:28;1.99
80100007;213 Boulevard de la République;Abbeville;50.113;1.829;R;Gazole;1;2026-10-07 07:31:00;2.329
80100007;213 Boulevard de la République;Abbeville;50.113;1.829;R;E10;5;2026-10-07 07:31:00;2.128
80100007;213 Boulevard de la République;Abbeville;50.113;1.829;R;SP98;6;2026-10-07 07:31:00;2.257
35400007;55 Boulevard des Déportés;Saint-Malo;48.65797;-1.97092;R;Gazole;1;2026-10-07 07:39:43;2.299
86000025;2 AVENUE DE LAFAYETTE;Poitiers;46.575843819083005;0.37463651274124;R;Gazole;1;2026-10-07 07:26:00;2.291
86000025;2 AVENUE DE LAFAYETTE;Poitiers;46.575843819083005;0.37463651274124;R;E10;5;2026-10-07 07:26:00;2.14
86000025;2 AVENUE DE LAFAYETTE;Poitiers;46.575843819083005;0.37463651274124;R;SP98;6;2026-10-07 07:26:00;2.265
36140003;51 avenue de la République;Aigurande;46.437;1.823;R;Gazole;1;2026-10-07 09:28:15;2.25
36140003;51 avenue de la République;Aigurande;46.437;1.823;R;E85;3;2026-10-07 09:28:15;0.908
36140003;51 avenue de la République;Aigurande;46.437;1.823;R;E10;5;2026-10-07 09:28:15;1.99
36140003;51 avenue de la République;Aigurande;46.437;1.823;R;SP98;6;2026-10-07 09:28:15;1.99
13500011;ROUTE DE LAVERA;MARTIGUES;43.399;5.041;R;Gazole;1;2026-10-07 00:01:00;2.25
13500011;ROUTE DE LAVERA;MARTIGUES;43.399;5.041;R;E10;5;2026-10-07 00:01:00;1.99
95440001;56 Rue de la Libération;Écouen;49.027;2.369;R;Gazole;1;2026-10-07 08:11:07;2.355
95440001;56 Rue de la Libération;Écouen;49.027;2.369;R;E85;3;2026-10-07 08:11:07;0.87
95440001;56 Rue de la Libération;Écouen;49.027;2.369;R;E10;5;2026-10-07 08:11:07;2.192
95440001;56 Rue de la Libération;Écouen;49.027;2.369;R;SP98;6;2026-10-07 08:11:07;2.269
78760004;32 ROUTE DU PONTEL;Jouars-Pontchartrain;48.804;1.896;R;Gazole;1;2026-10-07 00:01:00;2.25
59460002;940 Rue du Maréchal Leclerc;JEUMONT;50.309;4.089;R;Gazole;1;2026-10-07 08:52:29;2.254
59460002;940 Rue du Maréchal Leclerc;JEUMONT;50.309;4.089;R;E10;5;2026-10-07 08:52:29;2.099
59460002;940 Rue du Maréchal Leclerc;JEUMONT;50.309;4.089;R;SP98;6;2026-10-07 08:52:30;2.219
67210004;8 RUE DU MARECHAL JUIN;OBERNAI;48.45959;7.49509;R;E10;5;2026-10-07 00:01:00;1.99
84500006;AV JEAN GIONO;BOLLENE;44.258;4.65;R;Gazole;1;2026-10-07 10:28:58;2.25
84500006;AV JEAN GIONO;BOLLENE;44.258;4.65;R;E85;3;2026-10-07 10:28:58;0.898
84500006;AV JEAN GIONO;BOLLENE;44.258;4.65;R;E10;5;2026-10-07 10:28:58;1.99
84500006;AV JEAN GIONO;BOLLENE;44.258;4.65;R;SP98;6;2026-10-07 10:28:58;1.99
61000008;111 Avenue de Basingstoke;Alençon;48.44542;0.09912;R;Gazole;1;2026-10-07 07:23:12;2.429
61000008;111 Avenue de Basingstoke;Alençon;48.44542;0.09912;R;SP95;2;2026-10-07 07:23:12;2.261
38690007;AUTOROUTE A 48 GARE DE PEAGE;LE GRAND LEMPS;45.384529100857;5.4723476793111;A;SP98;6;2026-10-07 09:00:00;2.59
91180001;RN 20;Saint-Germain-lès-Arpajon;48.603;2.248;R;Gazole;1;2026-10-07 07:31:00;2.389
91180001;RN 20;Saint-Germain-lès-Arpajon;48.603;2.248;R;E10;5;2026-10-07 07:31:00;2.175
91180001;RN 20;Saint-Germain-lès-Arpajon;48.603;2.248;R;SP98;6;2026-10-07 07:31:00;2.317
34690009;A9 - AIRE DE FABREGUES NORD;FABREGUES;43.548175937549;3.7956014943175;A;Gazole;1;2026-10-07 00:01:00;2.25
34690009;A9 - AIRE DE FABREGUES NORD;FABREGUES;43.548175937549;3.7956014943175;A;E85;3;2026-10-07 00:01:00;0.999
34690009;A9 - AIRE DE FABREGUES NORD;FABREGUES;43.548175937549;3.7956014943175;A;GPLc;4;2026-10-07 00:01:00;1.104
34690009;A9 - AIRE DE FABREGUES NORD;FABREGUES;43.548175937549;3.7956014943175;A;E10;5;2026-10-07 00:01:00;1.99
34690009;A9 - AIRE DE FABREGUES NORD;FABREGUES;43.548175937549;3.7956014943175;A;SP98;6;2026-10-07 00:01:00;1.99
92170002;59 RUE JEAN BLEUZEN;VANVES;48.82274;2.29497;R;Gazole;1;2026-10-07 00:01:00;2.25
49150001;Av. d'Angers;Baugé-en-Anjou;47.54522912429;-0.11035160149824;R;Gazole;1;2026-10-07 11:05:47;2.299
49150001;Av. d'Angers;Baugé-en-Anjou;47.54522912429;-0.11035160149824;R;SP95;2;2026-10-07 11:05:47;2.239
49150001;Av. d'Angers;Baugé-en-Anjou;47.54522912429;-0.11035160149824;R;E10;5;2026-10-07 11:05:48;2.139
49150001;Av. d'Angers;Baugé-en-Anjou;47.54522912429;-0.11035160149824;R;SP98;6;2026-10-07 11:05:48;2.249
91370001;BD DU MARECHAL JUIN;Verrières-le-Buisson;48.753;2.273;R;Gazole;1;2026-10-07 07:32:00;2.361
91370001;BD DU MARECHAL JUIN;Verrières-le-Buisson;48.753;2.273;R;E85;3;2026-10-07 07:32:00;0.928
91370001;BD DU MARECHAL JUIN;Verrières-le-Buisson;48.753;2.273;R;E10;5;2026-10-07 07:32:00;2.186
91370001;BD DU MARECHAL JUIN;Verrières-le-Buisson;48.753;2.273;R;SP98;6;2026-10-07 07:32:00;2.323
91380004;7 Avenue Pierre Brossolette;Chilly-Mazarin;48.701;2.319;R;Gazole;1;2026-10-07 07:31:00;2.288
91380004;7 Avenue Pierre Brossolette;Chilly-Mazarin;48.701;2.319;R;E85;3;2026-10-07 07:31:00;0.943
91380004;7 Avenue Pierre Brossolette;Chilly-Mazarin;48.701;2.319;R;E10;5;2026-10-07 07:31:00;2.1
91380004;7 Avenue Pierre Brossolette;Chilly-Mazarin;48.701;2.319;R;SP98;6;2026-10-07 07:31:00;2.191
19200007;8 AVENUE PIERRE SEMARD;Ussel;45.556389740201;2.3152420027136;R;E10;5;2026-10-07 08:47:25;2.125
19200007;8 AVENUE PIERRE SEMARD;Ussel;45.556389740201;2.3152420027136;R;SP98;6;2026-10-07 08:47:26;2.239
93160006;4 Boulevard du Maréchal Foch;Noisy-le-Grand;48.845;2.528;R;Gazole;1;2026-10-07 07:37:14;2.389
93160006;4 Boulevard du Maréchal Foch;Noisy-le-Grand;48.845;2.528;R;SP95;2;2026-10-07 07:37:14;2.149
93160006;4 Boulevard du Maréchal Foch;Noisy-le-Grand;48.845;2.528;R;E10;5;2026-10-07 07:37:14;2.175
93160006;4 Boulevard du Maréchal Foch;Noisy-le-Grand;48.845;2.528;R;SP98;6;2026-10-07 07:37:14;2.297
92140005;448 AV GENERAL DE GAULLE;Clamart;48.78;2.238;R;Gazole;1;2026-10-07 07:32:00;2.376
92140005;448 AV GENERAL DE GAULLE;Clamart;48.78;2.238;R;E85;3;2026-10-07 07:32:00;0.933
92140005;448 AV GENERAL DE GAULLE;Clamart;48.78;2.238;R;E10;5;2026-10-07 07:32:00;2.188
92140005;448 AV GENERAL DE GAULLE;Clamart;48.78;2.238;R;SP98;6;2026-10-07 07:32:00;2.318
92130005;115 Avenue du Général de Gaulle;Issy-les-Moulineaux;48.818;2.277;R;Gazole;1;2026-10-07 07:31:00;2.391
92130005;115 Avenue du Général de Gaulle;Issy-les-Moulineaux;48.818;2.277;R;E85;3;2026-10-07 07:31:00;0.941
92130005;115 Avenue du Général de Gaulle;Issy-les-Moulineaux;48.818;2.277;R;E10;5;2026-10-07 07:31:00;2.197
92130005;115 Avenue du Général de Gaulle;Issy-les-Moulineaux;48.818;2.277;R;SP98;6;2026-10-07 07:31:00;2.332
31150010;RUE DES USINESCC TOULOUSE NORD;FENOUILLET;43.687548;1.404265747;R;Gazole;1;2026-10-07 10:15:00;2.329
31150010;RUE DES USINESCC TOULOUSE NORD;FENOUILLET;43.687548;1.404265747;R;SP95;2;2026-10-07 10:15:00;2.229
31150010;RUE DES USINESCC TOULOUSE NORD;FENOUILLET;43.687548;1.404265747;R;GPLc;4;2026-10-07 10:15:00;0.999
31150010;RUE DES USINESCC TOULOUSE NORD;FENOUILLET;43.687548;1.404265747;R;E10;5;2026-10-07 10:15:00;2.149
42155001;RUE DE LA BRUYERE;LENTIGNY;45.992;3.982;R;Gazole;1;2026-10-07 08:10:24;2.359
26800007;AUTOROUTE A7 - AIRE PORTE LES VALENCE EST;Portes-lès-Valence;44.864;4.866;A;Gazole;1;2026-10-07 00:01:00;2.25
26800007;AUTOROUTE A7 - AIRE PORTE LES VALENCE EST;Portes-lès-Valence;44.864;4.866;A;E85;3;2026-10-07 00:01:00;0.978
26800007;AUTOROUTE A7 - AIRE PORTE LES VALENCE EST;Portes-lès-Valence;44.864;4.866;A;GPLc;4;2026-10-07 00:01:00;1.104
26800007;AUTOROUTE A7 - AIRE PORTE LES VALENCE EST;Portes-lès-Valence;44.864;4.866;A;E10;5;2026-10-07 00:01:00;1.99
26800007;AUTOROUTE A7 - AIRE PORTE LES VALENCE EST;Portes-lès-Valence;44.864;4.866;A;SP98;6;2026-10-07 00:01:00;1.99
17600004;204 route de Royan;Medis;45.666;-0.943;R;Gazole;1;2026-10-07 08:00:00;2.259
83600020;100 RDN 7 AV.DE VERDUN;FREJUS;43.43808989;6.7190878000000005;R;Gazole;1;2026-10-07 00:01:00;2.25
83600020;100 RDN 7 AV.DE VERDUN;FREJUS;43.43808989;6.7190878000000005;R;GPLc;4;2026-10-07 00:01:00;0.999
52100009;Rue des Loyes;Saint-Dizier;48.627;4.973;R;Gazole;1;2026-10-07 10:07:00;2.374
52100009;Rue des Loyes;Saint-Dizier;48.627;4.973;R;SP95;2;2026-10-07 10:07:00;2.227
52100009;Rue des Loyes;Saint-Dizier;48.627;4.973;R;E85;3;2026-10-07 10:07:00;0.864
52100009;Rue des Loyes;Saint-Dizier;48.627;4.973;R;GPLc;4;2026-10-07 10:07:00;0.995
52100009;Rue des Loyes;Saint-Dizier;48.627;4.973;R;E10;5;2026-10-07 10:07:00;2.146
52100009;Rue des Loyes;Saint-Dizier;48.627;4.973;R;SP98;6;2026-10-07 10:07:00;2.236
45190003;RN 152 Tavers;TAVERS;47.766;1.612;R;Gazole;1;2026-10-07 08:28:35;2.369
45190003;RN 152 Tavers;TAVERS;47.766;1.612;R;E10;5;2026-10-07 08:28:35;2.189
69380004;473 Route de la Vallée;CIVRIEUX-D'AZERGUES;45.856;4.704;R;Gazole;1;2026-10-07 09:18:55;2.309
69380004;473 Route de la Vallée;CIVRIEUX-D'AZERGUES;45.856;4.704;R;SP98;6;2026-10-07 09:18:55;2.268
83600030;26 RUE DU DOCTEUR DONNADIEU;Fréjus;43.431083557022;6.755014805449901;R;Gazole;1;2026-10-07 09:47:20;2.312
83600030;26 RUE DU DOCTEUR DONNADIEU;Fréjus;43.431083557022;6.755014805449901;R;E10;5;2026-10-07 09:47:20;2.19
93160004;2 Rue des Hauts-Châteaux;Noisy-le-Grand;48.843;2.577;R;Gazole;1;2026-10-07 07:32:00;2.368
93160004;2 Rue des Hauts-Châteaux;Noisy-le-Grand;48.843;2.577;R;E10;5;2026-10-07 07:32:00;2.184
93160004;2 Rue des Hauts-Châteaux;Noisy-le-Grand;48.843;2.577;R;SP98;6;2026-10-07 07:32:00;2.317
93140003;205 Avenue Gallieni;Bondy;48.907;2.489;R;Gazole;1;2026-10-07 07:31:00;2.366
93140003;205 Avenue Gallieni;Bondy;48.907;2.489;R;E10;5;2026-10-07 07:31:00;2.168
93140003;205 Avenue Gallieni;Bondy;48.907;2.489;R;SP98;6;2026-10-07 07:31:00;2.304
93160005;22 Route de Neuilly;Noisy-le-Grand;48.851;2.535;R;Gazole;1;2026-10-07 07:31:00;2.376
93160005;22 Route de Neuilly;Noisy-le-Grand;48.851;2.535;R;E10;5;2026-10-07 07:31:00;2.186
93160005;22 Route de Neuilly;Noisy-le-Grand;48.851;2.535;R;SP98;6;2026-10-07 07:31:00;2.323
21500002; Rue de Dijon;MONTBARD;47.62499;4.3466;R;Gazole;1;2026-10-07 09:16:36;2.25
21500002; Rue de Dijon;MONTBARD;47.62499;4.3466;R;E10;5;2026-10-07 09:16:36;1.99
21500002; Rue de Dijon;MONTBARD;47.62499;4.3466;R;SP98;6;2026-10-07 09:16:36;1.99
93800003;86 Avenue de Lattre de Tassigny;Épinay-sur-Seine;48.96;2.304;R;Gazole;1;2026-10-07 07:31:00;2.362
93800003;86 Avenue de Lattre de Tassigny;Épinay-sur-Seine;48.96;2.304;R;E10;5;2026-10-07 07:31:00;2.187
93800003;86 Avenue de Lattre de Tassigny;Épinay-sur-Seine;48.96;2.304;R;SP98;6;2026-10-07 07:31:00;2.308
94000004;22 Avenue Pierre Brossolette;Créteil;48.791;2.462;R;Gazole;1;2026-10-07 07:32:00;2.41
94000004;22 Avenue Pierre Brossolette;Créteil;48.791;2.462;R;E85;3;2026-10-07 07:32:00;0.945
94000004;22 Avenue Pierre Brossolette;Créteil;48.791;2.462;R;E10;5;2026-10-07 07:32:00;2.185
94000004;22 Avenue Pierre Brossolette;Créteil;48.791;2.462;R;SP98;6;2026-10-07 07:32:00;2.265
94100006;99/101 Avenue Foch;Saint-Maur-des-Fossés;48.799;2.5;R;Gazole;1;2026-10-07 07:32:00;2.378
94100006;99/101 Avenue Foch;Saint-Maur-des-Fossés;48.799;2.5;R;E10;5;2026-10-07 07:32:00;2.177
94100006;99/101 Avenue Foch;Saint-Maur-des-Fossés;48.799;2.5;R;SP98;6;2026-10-07 07:32:00;2.309
94170002;264 Avenue du Général de Gaulle;Le Perreux-sur-Marne;48.851;2.495;R;Gazole;1;2026-10-07 07:31:00;2.376
94170002;264 Avenue du Général de Gaulle;Le Perreux-sur-Marne;48.851;2.495;R;E85;3;2026-10-07 07:31:00;0.991
94170002;264 Avenue du Général de Gaulle;Le Perreux-sur-Marne;48.851;2.495;R;E10;5;2026-10-07 07:31:00;2.186
94170002;264 Avenue du Général de Gaulle;Le Perreux-sur-Marne;48.851;2.495;R;SP98;6;2026-10-07 07:31:00;2.266
77160002;Avenue de la Voulzie;Provins;48.548;3.292;R;Gazole;1;2026-10-07 10:07:00;2.349
77160002;Avenue de la Voulzie;Provins;48.548;3.292;R;SP95;2;2026-10-07 10:07:00;2.186
77160002;Avenue de la Voulzie;Provins;48.548;3.292;R;E85;3;2026-10-07 10:07:00;0.846
77160002;Avenue de la Voulzie;Provins;48.548;3.292;R;E10;5;2026-10-07 10:07:00;2.129
77160002;Avenue de la Voulzie;Provins;48.548;3.292;R;SP98;6;2026-10-07 10:07:00;2.206
94250001;67 Avenue Raspail;Gentilly;48.814;2.348;R;Gazole;1;2026-10-07 07:41:00;2.358
94250001;67 Avenue Raspail;Gentilly;48.814;2.348;R;E10;5;2026-10-07 07:41:00;2.224
94250001;67 Avenue Raspail;Gentilly;48.814;2.348;R;SP98;6;2026-10-07 07:41:00;2.304
62218002;Rue de l'Abbaye;Loison-sous-Lens;50.448;2.865;R;Gazole;1;2026-10-07 07:55:13;2.287
62218002;Rue de l'Abbaye;Loison-sous-Lens;50.448;2.865;R;E10;5;2026-10-07 07:55:14;2.077
94400003;159 Avenue Rouget de l'Isle;Vitry-sur-Seine;48.782;2.395;R;Gazole;1;2026-10-07 07:32:00;2.393
94400003;159 Avenue Rouget de l'Isle;Vitry-sur-Seine;48.782;2.395;R;E10;5;2026-10-07 07:32:00;2.189
94400003;159 Avenue Rouget de l'Isle;Vitry-sur-Seine;48.782;2.395;R;SP98;6;2026-10-07 07:32:00;2.324
94380002;ROUTE DE LA POMPADOUR;Bonneuil-sur-Marne;48.765;2.478;R;Gazole;1;2026-10-07 07:31:00;2.377
94380002;ROUTE DE LA POMPADOUR;Bonneuil-sur-Marne;48.765;2.478;R;E10;5;2026-10-07 07:31:00;2.188
94380002;ROUTE DE LA POMPADOUR;Bonneuil-sur-Marne;48.765;2.478;R;SP98;6;2026-10-07 07:31:00;2.268
94370003;1 Rue de Paris;Sucy-en-Brie;48.773;2.5;R;Gazole;1;2026-10-07 07:32:00;2.372
94370003;1 Rue de Paris;Sucy-en-Brie;48.773;2.5;R;E10;5;2026-10-07 07:32:00;2.186
94370003;1 Rue de Paris;Sucy-en-Brie;48.773;2.5;R;SP98;6;2026-10-07 07:32:00;2.266
94600003;14 Boulevard de Stalingrad;Choisy-le-Roi;48.768;2.403;R;Gazole;1;2026-10-07 07:31:00;2.382
94600003;14 Boulevard de Stalingrad;Choisy-le-Roi;48.768;2.403;R;E10;5;2026-10-07 07:31:00;2.185
94600003;14 Boulevard de Stalingrad;Choisy-le-Roi;48.768;2.403;R;SP98;6;2026-10-07 07:31:00;2.265
51350001;Route de louvois;CORMONTREUIL;49.216;4.057;R;E10;5;2026-10-07 10:07:16;2.17
51350001;Route de louvois;CORMONTREUIL;49.216;4.057;R;SP98;6;2026-10-07 10:07:16;2.241
95100030;RUE JACQUES BREL;ARGENTEUIL;48.95763;2.27971;R;Gazole;1;2026-10-07 00:01:00;2.25
95100030;RUE JACQUES BREL;ARGENTEUIL;48.95763;2.27971;R;E85;3;2026-10-07 00:01:00;0.894
95100030;RUE JACQUES BREL;ARGENTEUIL;48.95763;2.27971;R;E10;5;2026-10-07 00:01:00;1.99
95100030;RUE JACQUES BREL;ARGENTEUIL;48.95763;2.27971;R;SP98;6;2026-10-07 00:01:00;1.99
95130001;9 Boulevard du Bel Air;Franconville;48.986;2.238;R;Gazole;1;2026-10-07 07:31:00;2.344
95130001;9 Boulevard du Bel Air;Franconville;48.986;2.238;R;E10;5;2026-10-07 07:31:00;2.158
95130001;9 Boulevard du Bel Air;Franconville;48.986;2.238;R;SP98;6;2026-10-07 07:31:00;2.243
95220003;61 Boulevard DU HAVRE;Herblay;49.006;2.172;R;Gazole;1;2026-10-07 07:31:00;2.375
95220003;61 Boulevard DU HAVRE;Herblay;49.006;2.172;R;E10;5;2026-10-07 07:31:00;2.187
95220003;61 Boulevard DU HAVRE;Herblay;49.006;2.172;R;SP98;6;2026-10-07 07:31:00;2.329
68200025;151, AVENUE DE COLMAR;MULHOUSE;47.758430999999995;7.33;R;Gazole;1;2026-10-07 06:00:00;2.649
68200025;151, AVENUE DE COLMAR;MULHOUSE;47.758430999999995;7.33;R;E85;3;2026-10-07 06:00:00;0.969
68200025;151, AVENUE DE COLMAR;MULHOUSE;47.758430999999995;7.33;R;E10;5;2026-10-07 06:00:00;2.369
68200025;151, AVENUE DE COLMAR;MULHOUSE;47.758430999999995;7.33;R;SP98;6;2026-10-07 06:00:00;2.499
85700002;35 Rue Charles Largeteau;POUZAUGES;46.775;-0.846;R;Gazole;1;2026-10-07 09:12:34;2.275
85700002;35 Rue Charles Largeteau;POUZAUGES;46.775;-0.846;R;E85;3;2026-10-07 09:12:34;0.815
85700002;35 Rue Charles Largeteau;POUZAUGES;46.775;-0.846;R;E10;5;2026-10-07 09:12:34;2.111
85700002;35 Rue Charles Largeteau;POUZAUGES;46.775;-0.846;R;SP98;6;2026-10-07 09:12:34;2.224
95400003;100 Avenue de la République;Arnouville-lès-Gonesse;48.982;2.431;R;Gazole;1;2026-10-07 07:31:00;2.4
95400003;100 Avenue de la République;Arnouville-lès-Gonesse;48.982;2.431;R;E10;5;2026-10-07 07:31:00;2.182
95400003;100 Avenue de la République;Arnouville-lès-Gonesse;48.982;2.431;R;SP98;6;2026-10-07 07:31:00;2.31
78885001;PLACE JOEL LE THEULE;MONTIGNY-LE-BRETONNEUX;48.786;2.043;R;E10;5;2026-10-07 09:26:59;2.149
95800003;Boulevard d'Osny;Cergy;49.052993645837;2.0463281651542;R;Gazole;1;2026-10-07 07:31:00;2.364
95800003;Boulevard d'Osny;Cergy;49.052993645837;2.0463281651542;R;E10;5;2026-10-07 07:31:00;2.171
95800003;Boulevard d'Osny;Cergy;49.052993645837;2.0463281651542;R;SP98;6;2026-10-07 07:31:00;2.252
17201001;Rue Laurent-Antoine de Lavoisier;ROYAN;45.632;-0.992;R;Gazole;1;2026-10-07 08:00:00;2.259
54500008;2 AVENUE DE BOURGOGNE;Vandoeuvre-lès-nancy;48.64965;6.14633;R;Gazole;1;2026-10-07 00:01:00;2.25
54500008;2 AVENUE DE BOURGOGNE;Vandoeuvre-lès-nancy;48.64965;6.14633;R;E10;5;2026-10-07 00:01:00;1.99
65700002;centre commercial Val d'Adour;Maubourguet;43.441;0.042;R;Gazole;1;2026-10-07 09:48:41;2.399
65700002;centre commercial Val d'Adour;Maubourguet;43.441;0.042;R;SP95;2;2026-10-07 09:48:41;2.229
65700002;centre commercial Val d'Adour;Maubourguet;43.441;0.042;R;E85;3;2026-10-07 09:48:41;0.929
65700002;centre commercial Val d'Adour;Maubourguet;43.441;0.042;R;E10;5;2026-10-07 09:48:41;2.169
65700002;centre commercial Val d'Adour;Maubourguet;43.441;0.042;R;SP98;6;2026-10-07 09:48:41;2.269
72380001;zone artisanale Prairie des Moulins;SAINTE-JAMME-SUR-SARTHE;48.145;0.17;R;Gazole;1;2026-10-07 07:57:35;2.319
69500009;BD LAURENT BONNEVAY;BRON;45.739;4.905;R;Gazole;1;2026-10-07 00:01:00;2.25
69500009;BD LAURENT BONNEVAY;BRON;45.739;4.905;R;E85;3;2026-10-07 00:01:00;0.903
69500009;BD LAURENT BONNEVAY;BRON;45.739;4.905;R;GPLc;4;2026-10-07 00:01:00;1.009
69500009;BD LAURENT BONNEVAY;BRON;45.739;4.905;R;E10;5;2026-10-07 10:58:41;1.99
69500009;BD LAURENT BONNEVAY;BRON;45.739;4.905;R;SP98;6;2026-10-07 10:58:41;1.99
33320003;170 Avenue du Taillan Médoc;Eysines;44.881;-0.651;R;Gazole;1;2026-10-07 08:53:22;2.293
33320003;170 Avenue du Taillan Médoc;Eysines;44.881;-0.651;R;E10;5;2026-10-07 08:53:22;2.137
33320003;170 Avenue du Taillan Médoc;Eysines;44.881;-0.651;R;SP98;6;2026-10-07 08:53:22;2.261
78390003;11 Avenue Jean Jaurès;Bois-d'Arcy;48.8;2.038;R;Gazole;1;2026-10-07 08:01:15;2.289
78390003;11 Avenue Jean Jaurès;Bois-d'Arcy;48.8;2.038;R;E85;3;2026-10-07 08:01:34;0.849
78390003;11 Avenue Jean Jaurès;Bois-d'Arcy;48.8;2.038;R;E10;5;2026-10-07 08:01:58;2.149
78390003;11 Avenue Jean Jaurès;Bois-d'Arcy;48.8;2.038;R;SP98;6;2026-10-07 08:02:10;2.225
21320007;A6 AIRE DES LOCHERES;EGUILLY;47.309;4.501;A;Gazole;1;2026-10-07 07:00:00;2.669
21320007;A6 AIRE DES LOCHERES;EGUILLY;47.309;4.501;A;GPLc;4;2026-10-07 07:00:00;1.149
21320007;A6 AIRE DES LOCHERES;EGUILLY;47.309;4.501;A;E10;5;2026-10-07 07:00:00;2.469
21320007;A6 AIRE DES LOCHERES;EGUILLY;47.309;4.501;A;SP98;6;2026-10-07 07:00:00;2.569
21150002;Avenue de Dijon;VENAREY-LES-LAUMES;47.54;4.461;R;Gazole;1;2026-10-07 08:25:40;2.399
85150001;1 rue des Blés, La Mothe Achard;LES ACHARDS;46.607;-1.664;R;Gazole;1;2026-10-07 07:27:38;2.288
85150001;1 rue des Blés, La Mothe Achard;LES ACHARDS;46.607;-1.664;R;E85;3;2026-10-07 07:27:39;0.82
85150001;1 rue des Blés, La Mothe Achard;LES ACHARDS;46.607;-1.664;R;E10;5;2026-10-07 07:27:39;2.117
85150001;1 rue des Blés, La Mothe Achard;LES ACHARDS;46.607;-1.664;R;SP98;6;2026-10-07 07:27:39;2.222
83150001;1103 Avenue Dei Reganeu;Bandol;43.153966638366;5.7443576756247;R;Gazole;1;2026-10-07 09:55:25;2.259
83150001;1103 Avenue Dei Reganeu;Bandol;43.153966638366;5.7443576756247;R;E10;5;2026-10-07 09:55:25;2.159
83150001;1103 Avenue Dei Reganeu;Bandol;43.153966638366;5.7443576756247;R;SP98;6;2026-10-07 09:55:26;2.269
57100007;2 RUE STEPHEN LIEGEARD ROND POINT MERLIN;THIONVILLE;49.352;6.16;R;Gazole;1;2026-10-07 00:01:00;2.25
57100007;2 RUE STEPHEN LIEGEARD ROND POINT MERLIN;THIONVILLE;49.352;6.16;R;GPLc;4;2026-10-07 00:01:00;0.989
57100007;2 RUE STEPHEN LIEGEARD ROND POINT MERLIN;THIONVILLE;49.352;6.16;R;E10;5;2026-10-07 00:01:00;1.99
57100007;2 RUE STEPHEN LIEGEARD ROND POINT MERLIN;THIONVILLE;49.352;6.16;R;SP98;6;2026-10-07 00:01:00;1.99
44120005;BOULEVARD DE L'EUROPE;VERTOU;47.173;-1.474;R;GPLc;4;2026-10-07 08:00:18;0.929
13420001;553 ROUTE DU VAISSEAU;GEMENOS;43.279;5.615;R;Gazole;1;2026-10-07 08:22:03;2.299
13420001;553 ROUTE DU VAISSEAU;GEMENOS;43.279;5.615;R;E10;5;2026-10-07 08:22:03;2.179
13420001;553 ROUTE DU VAISSEAU;GEMENOS;43.279;5.615;R;SP98;6;2026-10-07 08:22:03;2.289
4320001;STATION RN 4202;Entrevaux;43.949;6.81;R;Gazole;1;2026-10-07 08:00:00;2.499
4320001;STATION RN 4202;Entrevaux;43.949;6.81;R;E10;5;2026-10-07 08:00:00;2.279
4320001;STATION RN 4202;Entrevaux;43.949;6.81;R;SP98;6;2026-10-07 08:00:00;2.379
13180001;AIRE DE REBUTY A55;GIGNAC-LA-NERTHE;43.392295526141005;5.2569421627957;A;Gazole;1;2026-10-07 06:00:00;2.669
13180001;AIRE DE REBUTY A55;GIGNAC-LA-NERTHE;43.392295526141005;5.2569421627957;A;E85;3;2026-10-07 06:00:00;0.999
13180001;AIRE DE REBUTY A55;GIGNAC-LA-NERTHE;43.392295526141005;5.2569421627957;A;GPLc;4;2026-10-07 06:00:00;1.149
13180001;AIRE DE REBUTY A55;GIGNAC-LA-NERTHE;43.392295526141005;5.2569421627957;A;SP98;6;2026-10-07 06:00:00;2.469
26140003;LES BUIS;Anneyron;45.274;4.897;R;Gazole;1;2026-10-07 08:30:36;2.355
1630005;50 Rue de la Faucille;SAINT-GENIS-POUILLY;46.253550323499006;6.0270333349454;R;Gazole;1;2026-10-07 00:00:00;2.32
1630005;50 Rue de la Faucille;SAINT-GENIS-POUILLY;46.253550323499006;6.0270333349454;R;E85;3;2026-10-07 00:00:00;0.869
1630005;50 Rue de la Faucille;SAINT-GENIS-POUILLY;46.253550323499006;6.0270333349454;R;E10;5;2026-10-07 00:00:00;2.229
1630005;50 Rue de la Faucille;SAINT-GENIS-POUILLY;46.253550323499006;6.0270333349454;R;SP98;6;2026-10-07 00:00:00;2.319
4360001;QUARTIER SAINT JEAN;MOUSTIERS-SAINTE-MARIE;43.844;6.215;R;Gazole;1;2026-10-07 09:28:46;2.25
4360001;QUARTIER SAINT JEAN;MOUSTIERS-SAINTE-MARIE;43.844;6.215;R;SP95;2;2026-10-07 09:28:32;1.99
4360001;QUARTIER SAINT JEAN;MOUSTIERS-SAINTE-MARIE;43.844;6.215;R;SP98;6;2026-10-07 09:28:32;1.99
76320002;Route de Pont-de-l'Arche;Saint-Pierre-lès-Elbeuf;49.29;1.04;R;Gazole;1;2026-10-07 10:00:00;2.339
76320002;Route de Pont-de-l'Arche;Saint-Pierre-lès-Elbeuf;49.29;1.04;R;E85;3;2026-10-07 10:00:00;0.869
76320002;Route de Pont-de-l'Arche;Saint-Pierre-lès-Elbeuf;49.29;1.04;R;E10;5;2026-10-07 10:00:00;2.129
76320002;Route de Pont-de-l'Arche;Saint-Pierre-lès-Elbeuf;49.29;1.04;R;SP98;6;2026-10-07 10:00:00;2.219
62380001;57 Avenue Bernard Chochoy;Lumbres;50.70998;2.12748;R;Gazole;1;2026-10-07 07:39:20;2.25
62380001;57 Avenue Bernard Chochoy;Lumbres;50.70998;2.12748;R;E85;3;2026-10-07 07:39:20;0.866
62380001;57 Avenue Bernard Chochoy;Lumbres;50.70998;2.12748;R;E10;5;2026-10-07 07:39:20;1.99
62380001;57 Avenue Bernard Chochoy;Lumbres;50.70998;2.12748;R;SP98;6;2026-10-07 07:39:20;1.99
8200005;14 Avenue Pasteur;Sedan;49.699;4.928;R;Gazole;1;2026-10-07 10:09:00;2.371
8200005;14 Avenue Pasteur;Sedan;49.699;4.928;R;GPLc;4;2026-10-07 10:09:00;0.998
8200005;14 Avenue Pasteur;Sedan;49.699;4.928;R;E10;5;2026-10-07 10:09:00;2.198
28700004;Zac du Pays Alnelois;AUNEAU;48.478;1.768;R;Gazole;1;2026-10-07 02:15:00;2.275
28700004;Zac du Pays Alnelois;AUNEAU;48.478;1.768;R;SP95;2;2026-10-07 02:15:00;2.183
28700004;Zac du Pays Alnelois;AUNEAU;48.478;1.768;R;E85;3;2026-10-07 02:15:00;0.859
28700004;Zac du Pays Alnelois;AUNEAU;48.478;1.768;R;E10;5;2026-10-07 02:15:00;2.102
28700004;Zac du Pays Alnelois;AUNEAU;48.478;1.768;R;SP98;6;2026-10-07 02:15:00;2.169
15100013;34 avenue de Verdun;Saint-Flour;45.031;3.093;R;Gazole;1;2026-10-07 07:11:38;2.25
15100013;34 avenue de Verdun;Saint-Flour;45.031;3.093;R;SP95;2;2026-10-07 07:11:38;1.99
44270001;Boulevard des Prises;MACHECOUL;46.999;-1.817;R;Gazole;1;2026-10-07 08:45:00;2.307
44110002;16 Rue du Général Patton;CHâTEAUBRIANT;47.705;-1.389;R;SP98;6;2026-10-07 09:37:34;1.99
62820003;ROUTE DE CARVIN;LIBERCOURT;50.486;2.997;R;Gazole;1;2026-10-07 00:01:00;2.25
62820003;ROUTE DE CARVIN;LIBERCOURT;50.486;2.997;R;E10;5;2026-10-07 00:01:00;1.99
28500001;C C PLEIN SUD - RN 154;Vernouillet;48.717;1.369;R;Gazole;1;2026-10-07 02:15:00;2.275
28500001;C C PLEIN SUD - RN 154;Vernouillet;48.717;1.369;R;E85;3;2026-10-07 02:15:00;0.859
28500001;C C PLEIN SUD - RN 154;Vernouillet;48.717;1.369;R;E10;5;2026-10-07 02:15:00;2.088
28500001;C C PLEIN SUD - RN 154;Vernouillet;48.717;1.369;R;SP98;6;2026-10-07 02:15:00;2.183
13270005;Avenue Georges Pompidou;Fos-sur-Mer;43.464952910717;4.9406707421088;R;Gazole;1;2026-10-07 04:45:33;2.299
13270005;Avenue Georges Pompidou;Fos-sur-Mer;43.464952910717;4.9406707421088;R;E85;3;2026-10-07 04:45:33;0.869
13270005;Avenue Georges Pompidou;Fos-sur-Mer;43.464952910717;4.9406707421088;R;E10;5;2026-10-07 04:45:33;2.159
13270005;Avenue Georges Pompidou;Fos-sur-Mer;43.464952910717;4.9406707421088;R;SP98;6;2026-10-07 04:45:33;2.287
13013014;59 Avenue de Saint-Just;Marseille;43.317;5.404;R;Gazole;1;2026-10-07 06:00:00;2.549
13013014;59 Avenue de Saint-Just;Marseille;43.317;5.404;R;E85;3;2026-10-07 06:00:00;0.949
13013014;59 Avenue de Saint-Just;Marseille;43.317;5.404;R;GPLc;4;2026-10-07 06:00:00;1.099
13013014;59 Avenue de Saint-Just;Marseille;43.317;5.404;R;E10;5;2026-10-07 06:00:00;2.299
13013014;59 Avenue de Saint-Just;Marseille;43.317;5.404;R;SP98;6;2026-10-07 06:00:00;2.399
1390011;AIRE DE MIONNAY OUEST;MIONNAY;45.885505980051;4.8936217878982;A;E10;5;2026-10-07 09:30:00;2.581
1390011;AIRE DE MIONNAY OUEST;MIONNAY;45.885505980051;4.8936217878982;A;SP98;6;2026-10-07 09:30:00;2.731
44360007;LIEU DIT TOURNEBRIDE;Saint-Étienne-de-Montluc;47.278;-1.721;R;Gazole;1;2026-10-07 08:02:13;2.259
44360007;LIEU DIT TOURNEBRIDE;Saint-Étienne-de-Montluc;47.278;-1.721;R;E85;3;2026-10-07 08:02:13;0.779
44360007;LIEU DIT TOURNEBRIDE;Saint-Étienne-de-Montluc;47.278;-1.721;R;E10;5;2026-10-07 08:02:13;2.119
44360007;LIEU DIT TOURNEBRIDE;Saint-Étienne-de-Montluc;47.278;-1.721;R;SP98;6;2026-10-07 08:02:14;2.219
38640001;Avenue de la Ridelet;CLAIX;45.119;5.693;R;Gazole;1;2026-10-07 08:09:22;2.363
38640001;Avenue de la Ridelet;CLAIX;45.119;5.693;R;E10;5;2026-10-07 08:09:22;2.18
38640001;Avenue de la Ridelet;CLAIX;45.119;5.693;R;SP98;6;2026-10-07 08:09:23;2.285
12300005;280 Rue de la Renaissance;Decazeville;44.559131275643;2.2581246898855003;R;Gazole;1;2026-10-07 08:23:34;2.329
12300005;280 Rue de la Renaissance;Decazeville;44.559131275643;2.2581246898855003;R;SP95;2;2026-10-07 08:23:34;2.259
12300005;280 Rue de la Renaissance;Decazeville;44.559131275643;2.2581246898855003;R;E10;5;2026-10-07 08:23:34;2.199
12300005;280 Rue de la Renaissance;Decazeville;44.559131275643;2.2581246898855003;R;SP98;6;2026-10-07 08:23:34;2.299
75016026;4 AVENUE FOCH;Paris;48.87366;2.292015;R;Gazole;1;2026-10-07 07:00:00;2.699
75016026;4 AVENUE FOCH;Paris;48.87366;2.292015;R;SP95;2;2026-10-07 07:00:00;2.499
75016026;4 AVENUE FOCH;Paris;48.87366;2.292015;R;SP98;6;2026-10-07 07:00:00;2.569
28160004;AUTOROUTE A11 OCEANE;Dampierre-sous-Brou;48.24;1.083;A;Gazole;1;2026-10-07 07:41:00;2.525
28160004;AUTOROUTE A11 OCEANE;Dampierre-sous-Brou;48.24;1.083;A;E10;5;2026-10-07 07:41:00;2.349
28160004;AUTOROUTE A11 OCEANE;Dampierre-sous-Brou;48.24;1.083;A;SP98;6;2026-10-07 07:41:00;2.449
13500001;Avenue Julien Olive Canto-Perdrix;MARTIGUES;43.418;5.053;R;E85;3;2026-10-07 07:54:44;0.835
13500001;Avenue Julien Olive Canto-Perdrix;MARTIGUES;43.418;5.053;R;GPLc;4;2026-10-07 07:54:44;0.939
13500001;Avenue Julien Olive Canto-Perdrix;MARTIGUES;43.418;5.053;R;E10;5;2026-10-07 08:54:00;2.139
91600005;35/37 RUE HENRI DUNANT;Savigny-sur-Orge;48.68;2.342;R;Gazole;1;2026-10-07 00:01:00;2.25
73390007;AIRE DE L'ARCLUSAZ;Châteauneuf;45.548889302926;6.157508723526;A;Gazole;1;2026-10-07 05:00:00;2.669
73390007;AIRE DE L'ARCLUSAZ;Châteauneuf;45.548889302926;6.157508723526;A;GPLc;4;2026-10-07 05:00:00;1.149
73390007;AIRE DE L'ARCLUSAZ;Châteauneuf;45.548889302926;6.157508723526;A;E10;5;2026-10-07 05:00:00;2.469
73390007;AIRE DE L'ARCLUSAZ;Châteauneuf;45.548889302926;6.157508723526;A;SP98;6;2026-10-07 05:00:00;2.569
72400017;AUT A11 AIRE DE LA FERTE BERNARD;Villaines-la-Gonais;48.124964192082;0.62210350597264;A;Gazole;1;2026-10-07 00:01:00;2.694
72400017;AUT A11 AIRE DE LA FERTE BERNARD;Villaines-la-Gonais;48.124964192082;0.62210350597264;A;GPLc;4;2026-10-07 00:01:00;1.149
72400017;AUT A11 AIRE DE LA FERTE BERNARD;Villaines-la-Gonais;48.124964192082;0.62210350597264;A;E10;5;2026-10-07 00:01:00;2.464
72400017;AUT A11 AIRE DE LA FERTE BERNARD;Villaines-la-Gonais;48.124964192082;0.62210350597264;A;SP98;6;2026-10-07 00:01:00;2.564
69500008;16 AV F ROOSEVELT;BRON;45.738;4.894;R;Gazole;1;2026-10-07 00:01:00;2.25
69500008;16 AV F ROOSEVELT;BRON;45.738;4.894;R;E10;5;2026-10-07 00:01:00;1.99
69380010;A6 Aire des Cheres Est;Les Cheres;45.903;4.73;A;Gazole;1;2026-10-07 07:41:00;2.516
69380010;A6 Aire des Cheres Est;Les Cheres;45.903;4.73;A;E85;3;2026-10-07 07:41:00;1.006
69380010;A6 Aire des Cheres Est;Les Cheres;45.903;4.73;A;GPLc;4;2026-10-07 07:41:00;1.059
69380010;A6 Aire des Cheres Est;Les Cheres;45.903;4.73;A;E10;5;2026-10-07 07:41:00;2.371
69380010;A6 Aire des Cheres Est;Les Cheres;45.903;4.73;A;SP98;6;2026-10-07 07:41:00;2.471
57340004;rue lavoisier;Morhange;48.934;6.652;R;E85;3;2026-10-07 05:47:15;0.938
57340004;rue lavoisier;Morhange;48.934;6.652;R;E10;5;2026-10-07 05:47:15;1.99
62360006;43 BOULEVARD DE LA LIANE;Saint-Léonard;50.689;1.619;R;Gazole;1;2026-10-07 00:01:00;2.25
62360006;43 BOULEVARD DE LA LIANE;Saint-Léonard;50.689;1.619;R;E10;5;2026-10-07 00:01:00;1.99
62360006;43 BOULEVARD DE LA LIANE;Saint-Léonard;50.689;1.619;R;SP98;6;2026-10-07 00:01:00;1.99
61230006;AUTOROUTE A 28;LE SAP-ANDRE;48.849;0.373;A;Gazole;1;2026-10-07 09:30:00;2.511
61230006;AUTOROUTE A 28;LE SAP-ANDRE;48.849;0.373;A;GPLc;4;2026-10-07 09:30:00;1.169
61230006;AUTOROUTE A 28;LE SAP-ANDRE;48.849;0.373;A;E10;5;2026-10-07 09:30:00;2.295
61230006;AUTOROUTE A 28;LE SAP-ANDRE;48.849;0.373;A;SP98;6;2026-10-07 09:30:00;2.359
59110001;Rue du Pré Catelan;La Madeleine;50.655;3.06;R;Gazole;1;2026-10-07 09:09:39;2.306
59110001;Rue du Pré Catelan;La Madeleine;50.655;3.06;R;E10;5;2026-10-07 09:09:40;2.156
59110001;Rue du Pré Catelan;La Madeleine;50.655;3.06;R;SP98;6;2026-10-07 09:09:40;2.257
25220003;Zone Artisanale des Prés Chalots;Roche-lez-Beaupré;47.273;6.102;R;Gazole;1;2026-10-07 08:24:21;2.393
74700005;934 AV. DE GENEVE;SALLANCHES;45.944823296706;6.6301218220889995;R;Gazole;1;2026-10-07 00:01:00;2.25
74700005;934 AV. DE GENEVE;SALLANCHES;45.944823296706;6.6301218220889995;R;E85;3;2026-10-07 00:01:00;0.904
74700005;934 AV. DE GENEVE;SALLANCHES;45.944823296706;6.6301218220889995;R;GPLc;4;2026-10-07 00:01:00;1.045
74700005;934 AV. DE GENEVE;SALLANCHES;45.944823296706;6.6301218220889995;R;E10;5;2026-10-07 00:01:00;1.99
47240003;94 ROUTE DE PUYMIROL;LAFOX;44.169;0.701;R;Gazole;1;2026-10-07 09:38:31;2.369
47240003;94 ROUTE DE PUYMIROL;LAFOX;44.169;0.701;R;SP95;2;2026-10-07 09:38:31;2.239
47240003;94 ROUTE DE PUYMIROL;LAFOX;44.169;0.701;R;E10;5;2026-10-07 09:38:31;2.179
47240003;94 ROUTE DE PUYMIROL;LAFOX;44.169;0.701;R;SP98;6;2026-10-07 09:38:32;2.289
77380001;Rue Charles FABRY;COMBS-LA-VILLE;48.649;2.563;R;Gazole;1;2026-10-07 05:00:00;2.349
77380001;Rue Charles FABRY;COMBS-LA-VILLE;48.649;2.563;R;SP95;2;2026-10-07 05:00:00;2.259
77380001;Rue Charles FABRY;COMBS-LA-VILLE;48.649;2.563;R;E10;5;2026-10-07 05:00:00;2.189
77380001;Rue Charles FABRY;COMBS-LA-VILLE;48.649;2.563;R;SP98;6;2026-10-07 05:00:00;2.319
95220006;34, AV. DE LA LIBERATION;HERBLAY;49.00291;2.18698;R;Gazole;1;2026-10-07 00:01:00;2.25
95220006;34, AV. DE LA LIBERATION;HERBLAY;49.00291;2.18698;R;E85;3;2026-10-07 00:01:00;0.887
95220006;34, AV. DE LA LIBERATION;HERBLAY;49.00291;2.18698;R;E10;5;2026-10-07 00:01:00;1.99
95220006;34, AV. DE LA LIBERATION;HERBLAY;49.00291;2.18698;R;SP98;6;2026-10-07 00:01:00;1.99
26200008;24 avenue John Fitzgerald Kennedy;Montelimar;44.55513686;4.73743342;R;Gazole;1;2026-10-07 09:37:50;2.348
11200007;ROUTE DEPARTEMENTALE 610;HOMPS;43.265;2.718;R;Gazole;1;2026-10-07 08:53:14;2.329
49300007;avenue d angers;Cholet;47.075;-0.843;R;Gazole;1;2026-10-07 06:52:49;2.315
49300007;avenue d angers;Cholet;47.075;-0.843;R;SP95;2;2026-10-07 06:52:49;2.189
49300007;avenue d angers;Cholet;47.075;-0.843;R;E85;3;2026-10-07 06:52:50;0.905
49300007;avenue d angers;Cholet;47.075;-0.843;R;GPLc;4;2026-10-07 06:52:50;0.989
49300007;avenue d angers;Cholet;47.075;-0.843;R;E10;5;2026-10-07 06:52:50;2.119
49300007;avenue d angers;Cholet;47.075;-0.843;R;SP98;6;2026-10-07 06:52:50;2.249
94430007;79 RUE DES FUSILLES DE CHATEAUBR;Chennevières-sur-Marne;48.799;2.543;R;Gazole;1;2026-10-07 00:01:00;2.25
94430007;79 RUE DES FUSILLES DE CHATEAUBR;Chennevières-sur-Marne;48.799;2.543;R;E10;5;2026-10-07 00:01:00;1.99
94430007;79 RUE DES FUSILLES DE CHATEAUBR;Chennevières-sur-Marne;48.799;2.543;R;SP98;6;2026-10-07 00:01:00;1.99
14100003;ROUTE DE PARIS;LISIEUX;49.143;0.266;R;Gazole;1;2026-10-07 10:00:00;2.321
14100003;ROUTE DE PARIS;LISIEUX;49.143;0.266;R;E85;3;2026-10-07 10:00:00;0.881
14100003;ROUTE DE PARIS;LISIEUX;49.143;0.266;R;GPLc;4;2026-10-07 10:00:00;1.048
14100003;ROUTE DE PARIS;LISIEUX;49.143;0.266;R;E10;5;2026-10-07 10:00:00;2.126
14100003;ROUTE DE PARIS;LISIEUX;49.143;0.266;R;SP98;6;2026-10-07 10:00:00;2.232
67800011;20 ROUTE DE BRUMATH;HOENHEIM;48.6209477678;7.731215951959999;R;E10;5;2026-10-07 00:01:00;1.99
46200003;Avenue de Verdun;SOUILLAC;44.898;1.463;R;Gazole;1;2026-10-07 10:53:00;2.372
46200003;Avenue de Verdun;SOUILLAC;44.898;1.463;R;E85;3;2026-10-07 10:53:00;0.867
46200003;Avenue de Verdun;SOUILLAC;44.898;1.463;R;E10;5;2026-10-07 10:53:00;2.139
46200003;Avenue de Verdun;SOUILLAC;44.898;1.463;R;SP98;6;2026-10-07 10:53:00;2.249
81150003;23 avenue de Toulouse;Marssac-sur-Tarn;43.919;2.029;R;Gazole;1;2026-10-07 07:44:23;2.25
81150003;23 avenue de Toulouse;Marssac-sur-Tarn;43.919;2.029;R;SP98;6;2026-10-07 07:44:23;1.99
59817002;BOULEVARD DU BOIS D'HENCHEMONT;LESQUIN;50.581239973871995;3.1113689595327996;R;Gazole;1;2026-10-07 00:00:00;2.624
78370002;CD 161;PLAISIR;48.829;1.958;R;Gazole;1;2026-10-07 09:01:19;2.359
78370002;CD 161;PLAISIR;48.829;1.958;R;E85;3;2026-10-07 09:01:19;0.859
78370002;CD 161;PLAISIR;48.829;1.958;R;GPLc;4;2026-10-07 09:01:19;0.946
78370002;CD 161;PLAISIR;48.829;1.958;R;E10;5;2026-10-07 09:01:19;2.159
78370002;CD 161;PLAISIR;48.829;1.958;R;SP98;6;2026-10-07 09:01:19;2.235
83630002;Route de Sillans;AUPS;43.617;6.22;R;Gazole;1;2026-10-07 07:55:15;2.299
31470006;Lieu dit La Pichette - 1 place Campariol;FONTENILLES;43.54734;1.19208;R;Gazole;1;2026-10-07 08:54:02;2.354
31470006;Lieu dit La Pichette - 1 place Campariol;FONTENILLES;43.54734;1.19208;R;SP95;2;2026-10-07 08:54:03;2.239
31470006;Lieu dit La Pichette - 1 place Campariol;FONTENILLES;43.54734;1.19208;R;SP98;6;2026-10-07 08:54:03;2.284
76600022;BOULEVARD CLEMENCEAU;LE HAVRE;49.485;0.096;R;Gazole;1;2026-10-07 00:01:00;2.25
56500005;Giratoire de Kérabuse;Moréac;47.90027;-2.83932;R;Gazole;1;2026-10-07 08:13:54;2.329
1120005;Route de Thil;LA BOISSE;45.847;5.048;R;Gazole;1;2026-10-07 05:42:33;2.255
64210005;AUTOROUTE A63 - AIRE DE BIDART EST;BIDART;43.42214;-1.5976;A;Gazole;1;2026-10-07 00:01:00;2.25
64210005;AUTOROUTE A63 - AIRE DE BIDART EST;BIDART;43.42214;-1.5976;A;E85;3;2026-10-07 00:01:00;0.999
64210005;AUTOROUTE A63 - AIRE DE BIDART EST;BIDART;43.42214;-1.5976;A;GPLc;4;2026-10-07 00:01:00;1.104
64210005;AUTOROUTE A63 - AIRE DE BIDART EST;BIDART;43.42214;-1.5976;A;E10;5;2026-10-07 00:01:00;1.99
64210005;AUTOROUTE A63 - AIRE DE BIDART EST;BIDART;43.42214;-1.5976;A;SP98;6;2026-10-07 00:01:00;1.99
69720004;17 Avenue Jean Moulin;SAINT-LAURENT-DE-MURE;45.691;5.038;R;Gazole;1;2026-10-07 10:08:07;2.25
69720004;17 Avenue Jean Moulin;SAINT-LAURENT-DE-MURE;45.691;5.038;R;E85;3;2026-10-07 10:08:07;0.911
69720004;17 Avenue Jean Moulin;SAINT-LAURENT-DE-MURE;45.691;5.038;R;E10;5;2026-10-07 10:08:07;1.99
95100035;8 R DES MARTYRS CHATEAUBRIANT;ARGENTEUIL;48.952;2.213;R;Gazole;1;2026-10-07 00:01:00;2.25
95100035;8 R DES MARTYRS CHATEAUBRIANT;ARGENTEUIL;48.952;2.213;R;E10;5;2026-10-07 00:01:00;1.99
81380001;Route de Carmaux;Lescure-d'Albigeois;43.955;2.156;R;Gazole;1;2026-10-07 01:19:00;2.417
81380001;Route de Carmaux;Lescure-d'Albigeois;43.955;2.156;R;E85;3;2026-10-07 01:19:00;0.858
81380001;Route de Carmaux;Lescure-d'Albigeois;43.955;2.156;R;E10;5;2026-10-07 01:19:00;2.182
81380001;Route de Carmaux;Lescure-d'Albigeois;43.955;2.156;R;SP98;6;2026-10-07 01:19:00;2.268
81700006;483 Route de revel;PUYLAURENS;43.56619346372099;2.0049697250702;R;Gazole;1;2026-10-07 09:30:21;2.329
73490003;RD 1006 CARREFOUR LA TROUSSE;LA RAVOIRE;45.57;5.962;R;Gazole;1;2026-10-07 00:01:00;2.25
73490003;RD 1006 CARREFOUR LA TROUSSE;LA RAVOIRE;45.57;5.962;R;E85;3;2026-10-07 00:01:00;0.903
73490003;RD 1006 CARREFOUR LA TROUSSE;LA RAVOIRE;45.57;5.962;R;GPLc;4;2026-10-07 00:01:00;1.065
73490003;RD 1006 CARREFOUR LA TROUSSE;LA RAVOIRE;45.57;5.962;R;E10;5;2026-10-07 00:01:00;1.99
73490003;RD 1006 CARREFOUR LA TROUSSE;LA RAVOIRE;45.57;5.962;R;SP98;6;2026-10-07 00:01:00;1.99
68290002;8, rue du general de gaulle;MASEVAUX;47.774;6.999;R;Gazole;1;2026-10-07 09:41:00;2.416
68290002;8, rue du general de gaulle;MASEVAUX;47.774;6.999;R;SP95;2;2026-10-07 09:41:00;2.305
68290002;8, rue du general de gaulle;MASEVAUX;47.774;6.999;R;E10;5;2026-10-07 09:41:00;2.243
93140002;108 Avenue Gallieni;Bondy;48.905736767977004;2.4814502497433;R;Gazole;1;2026-10-07 07:31:00;2.376
93140002;108 Avenue Gallieni;Bondy;48.905736767977004;2.4814502497433;R;E10;5;2026-10-07 07:31:00;2.176
93140002;108 Avenue Gallieni;Bondy;48.905736767977004;2.4814502497433;R;SP98;6;2026-10-07 07:31:00;2.32
57520001;15 AVENUE MARCHANDE;GROSBLIEDERSTROFF;49.134;7.044;R;Gazole;1;2026-10-07 10:54:12;2.4
57520001;15 AVENUE MARCHANDE;GROSBLIEDERSTROFF;49.134;7.044;R;E10;5;2026-10-07 10:54:12;2.219
40006001;1234 Avenue du Vignau;Mont-de-Marsan;43.877;-0.467;R;Gazole;1;2026-10-07 10:52:00;2.319
40006001;1234 Avenue du Vignau;Mont-de-Marsan;43.877;-0.467;R;SP95;2;2026-10-07 10:52:00;2.283
40006001;1234 Avenue du Vignau;Mont-de-Marsan;43.877;-0.467;R;E85;3;2026-10-07 10:52:00;0.889
40006001;1234 Avenue du Vignau;Mont-de-Marsan;43.877;-0.467;R;GPLc;4;2026-10-07 10:52:00;1.171
40006001;1234 Avenue du Vignau;Mont-de-Marsan;43.877;-0.467;R;E10;5;2026-10-07 10:52:00;2.149
35410002;1 Rue za DU Gifard;DOMLOUP;48.056;-1.525;R;Gazole;1;2026-10-07 08:27:22;2.279
35410002;1 Rue za DU Gifard;DOMLOUP;48.056;-1.525;R;E10;5;2026-10-07 08:27:22;2.109
35410002;1 Rue za DU Gifard;DOMLOUP;48.056;-1.525;R;SP98;6;2026-10-07 08:27:22;2.225
29250002;rue de brest;SAINT-POL-DE-LéON;48.679;-3.999;R;Gazole;1;2026-10-07 08:55:05;2.339
29250002;rue de brest;SAINT-POL-DE-LéON;48.679;-3.999;R;SP95;2;2026-10-07 08:48:29;2.203
13014015;26 CHEMIN DE STE MARTHE;MARSEILLE;43.318658;5.390473;R;Gazole;1;2026-10-07 06:00:00;2.549
13014015;26 CHEMIN DE STE MARTHE;MARSEILLE;43.318658;5.390473;R;E85;3;2026-10-07 06:00:00;0.949
13014015;26 CHEMIN DE STE MARTHE;MARSEILLE;43.318658;5.390473;R;E10;5;2026-10-07 06:00:00;2.299
13014015;26 CHEMIN DE STE MARTHE;MARSEILLE;43.318658;5.390473;R;SP98;6;2026-10-07 06:00:00;2.399
76000014;Av. Jean RONDEAUX;Rouen;49.434;1.076;R;Gazole;1;2026-10-07 09:22:02;2.25
76000014;Av. Jean RONDEAUX;Rouen;49.434;1.076;R;E85;3;2026-10-07 09:22:02;0.887
76000014;Av. Jean RONDEAUX;Rouen;49.434;1.076;R;GPLc;4;2026-10-07 09:22:03;1.049
76000014;Av. Jean RONDEAUX;Rouen;49.434;1.076;R;E10;5;2026-10-07 09:22:03;1.99
76000014;Av. Jean RONDEAUX;Rouen;49.434;1.076;R;SP98;6;2026-10-07 09:22:03;1.99
65310001;D935 Route de Bagnères;Laloubère;43.206;0.072;R;Gazole;1;2026-10-07 09:02:00;2.367
65310001;D935 Route de Bagnères;Laloubère;43.206;0.072;R;E10;5;2026-10-07 09:02:00;2.158
59153001;Le cochon noir;GRAND-FORT-PHILIPPE;50.989113674821;2.1123038830092;R;Gazole;1;2026-10-07 09:24:55;2.34
59153001;Le cochon noir;GRAND-FORT-PHILIPPE;50.989113674821;2.1123038830092;R;SP98;6;2026-10-07 09:24:55;2.24
72190003;A11 - AIRE SARTHE SARGE LE MANS SUD;Sargé-lès-le-Mans;48.055086609731;0.25282942866116;A;Gazole;1;2026-10-07 00:01:00;2.25
72190003;A11 - AIRE SARTHE SARGE LE MANS SUD;Sargé-lès-le-Mans;48.055086609731;0.25282942866116;A;E85;3;2026-10-07 00:01:00;0.999
72190003;A11 - AIRE SARTHE SARGE LE MANS SUD;Sargé-lès-le-Mans;48.055086609731;0.25282942866116;A;GPLc;4;2026-10-07 00:01:00;1.104
72190003;A11 - AIRE SARTHE SARGE LE MANS SUD;Sargé-lès-le-Mans;48.055086609731;0.25282942866116;A;E10;5;2026-10-07 00:01:00;1.99
72190003;A11 - AIRE SARTHE SARGE LE MANS SUD;Sargé-lès-le-Mans;48.055086609731;0.25282942866116;A;SP98;6;2026-10-07 08:35:36;1.99
94140004;43 QUAI AUGUSTE BLANQUI;ALFORTVILLE;48.8043;2.41212;R;Gazole;1;2026-10-07 00:01:00;2.25
94140004;43 QUAI AUGUSTE BLANQUI;ALFORTVILLE;48.8043;2.41212;R;E10;5;2026-10-07 00:01:00;1.99
94140004;43 QUAI AUGUSTE BLANQUI;ALFORTVILLE;48.8043;2.41212;R;SP98;6;2026-10-07 00:01:00;1.99
60560001;Rue des Pâturages;ORRY-LA-VILLE;49.131;2.521;R;E10;5;2026-10-07 08:32:01;2.229
60560001;Rue des Pâturages;ORRY-LA-VILLE;49.131;2.521;R;SP98;6;2026-10-07 08:32:01;2.309
62380002;Route d'Acquin;LUMBRES;50.7091707625;2.11618475084;R;Gazole;1;2026-10-07 10:37:21;2.359
62380002;Route d'Acquin;LUMBRES;50.7091707625;2.11618475084;R;E10;5;2026-10-07 10:37:21;2.139
79000014;"Route de la rochelle, lieu-dit ""les grues""";Bessines;46.28911181978199;-0.5108700918331099;R;Gazole;1;2026-10-07 09:53:42;2.244
31000003;138 Avenue de Fronton;Toulouse;43.636;1.433;R;Gazole;1;2026-10-07 07:39:05;2.358
31000003;138 Avenue de Fronton;Toulouse;43.636;1.433;R;E10;5;2026-10-07 07:39:05;2.188
31000003;138 Avenue de Fronton;Toulouse;43.636;1.433;R;SP98;6;2026-10-07 07:39:05;2.318
73140008;AIRE ST MICHEL DE MAURIENNE A43 SENS ALBERTVILLE TUNNEL FREJUS;Saint-Martin-d'Arc;45.217721060879;6.461941830136801;A;Gazole;1;2026-10-07 00:01:00;2.729
73140008;AIRE ST MICHEL DE MAURIENNE A43 SENS ALBERTVILLE TUNNEL FREJUS;Saint-Martin-d'Arc;45.217721060879;6.461941830136801;A;GPLc;4;2026-10-07 00:01:00;1.199
73140008;AIRE ST MICHEL DE MAURIENNE A43 SENS ALBERTVILLE TUNNEL FREJUS;Saint-Martin-d'Arc;45.217721060879;6.461941830136801;A;E10;5;2026-10-07 00:01:00;2.529
73140008;AIRE ST MICHEL DE MAURIENNE A43 SENS ALBERTVILLE TUNNEL FREJUS;Saint-Martin-d'Arc;45.217721060879;6.461941830136801;A;SP98;6;2026-10-07 00:01:00;2.599
73024001;1327 Avenue de la Houille Blanche;CHAMBERY;45.589;5.89;R;Gazole;1;2026-10-07 07:58:28;2.424
64000009;Avenue Louis Sallenave;PAU;43.317;-0.356;R;Gazole;1;2026-10-07 10:51:00;2.369
64000009;Avenue Louis Sallenave;PAU;43.317;-0.356;R;SP95;2;2026-10-07 10:51:00;2.249
64000009;Avenue Louis Sallenave;PAU;43.317;-0.356;R;E85;3;2026-10-07 10:51:00;0.848
64000009;Avenue Louis Sallenave;PAU;43.317;-0.356;R;E10;5;2026-10-07 10:51:00;2.159
64000009;Avenue Louis Sallenave;PAU;43.317;-0.356;R;SP98;6;2026-10-07 10:51:00;2.279
69380008;8 RUE MARIUS BERLIET;Chazay-d'Azergues;45.869;4.7;R;Gazole;1;2026-10-07 09:31:48;2.309
69380008;8 RUE MARIUS BERLIET;Chazay-d'Azergues;45.869;4.7;R;E10;5;2026-10-07 09:31:48;2.159
69380008;8 RUE MARIUS BERLIET;Chazay-d'Azergues;45.869;4.7;R;SP98;6;2026-10-07 09:31:48;2.289
95450007;RN14 - LIEU DIT LA MARLIERE;SAGY;49.064195539574;1.9827089208983002;R;Gazole;1;2026-10-07 00:01:00;2.25
95450007;RN14 - LIEU DIT LA MARLIERE;SAGY;49.064195539574;1.9827089208983002;R;E85;3;2026-10-07 00:01:00;0.885
95450007;RN14 - LIEU DIT LA MARLIERE;SAGY;49.064195539574;1.9827089208983002;R;GPLc;4;2026-10-07 00:01:00;0.999
95450007;RN14 - LIEU DIT LA MARLIERE;SAGY;49.064195539574;1.9827089208983002;R;E10;5;2026-10-07 00:01:00;1.99
95450007;RN14 - LIEU DIT LA MARLIERE;SAGY;49.064195539574;1.9827089208983002;R;SP98;6;2026-10-07 00:01:00;1.99
83340010;RN7 - LE LUC LES LIEBAUDS;LE LUC;43.393;6.321;R;Gazole;1;2026-10-07 00:01:00;2.249
83340010;RN7 - LE LUC LES LIEBAUDS;LE LUC;43.393;6.321;R;E85;3;2026-10-07 00:01:00;0.911
83340010;RN7 - LE LUC LES LIEBAUDS;LE LUC;43.393;6.321;R;E10;5;2026-10-07 00:01:00;1.99
83340010;RN7 - LE LUC LES LIEBAUDS;LE LUC;43.393;6.321;R;SP98;6;2026-10-07 00:01:00;1.99
38340018;A48 AIRE ILE ROSE;VOREPPE;45.277;5.623;A;Gazole;1;2026-10-07 00:01:00;2.669
38340018;A48 AIRE ILE ROSE;VOREPPE;45.277;5.623;A;GPLc;4;2026-10-07 00:01:00;1.149
38340018;A48 AIRE ILE ROSE;VOREPPE;45.277;5.623;A;E10;5;2026-10-07 00:01:00;2.449
38340018;A48 AIRE ILE ROSE;VOREPPE;45.277;5.623;A;SP98;6;2026-10-07 00:01:00;2.549
30300005;ZI DOMITIA SUD Avenue jean Monnet;Beaucaire;43.789;4.645;R;Gazole;1;2026-10-07 10:00:00;2.429
30300005;ZI DOMITIA SUD Avenue jean Monnet;Beaucaire;43.789;4.645;R;E85;3;2026-10-07 10:00:00;0.899
30300005;ZI DOMITIA SUD Avenue jean Monnet;Beaucaire;43.789;4.645;R;E10;5;2026-10-07 10:00:00;2.249
18000021;153-155 RUE LOUIS MALLET;BOURGES;47.082;2.365;R;Gazole;1;2026-10-07 09:06:20;2.299
18000021;153-155 RUE LOUIS MALLET;BOURGES;47.082;2.365;R;E85;3;2026-10-07 09:06:20;0.869
18000021;153-155 RUE LOUIS MALLET;BOURGES;47.082;2.365;R;E10;5;2026-10-07 09:06:21;2.159
18000021;153-155 RUE LOUIS MALLET;BOURGES;47.082;2.365;R;SP98;6;2026-10-07 09:06:21;2.227
30900017;2705 RTE DE MONTPELLIER;NIMES;43.81;4.329;R;Gazole;1;2026-10-07 00:01:00;2.25
30900017;2705 RTE DE MONTPELLIER;NIMES;43.81;4.329;R;GPLc;4;2026-10-07 00:01:00;0.999
30900017;2705 RTE DE MONTPELLIER;NIMES;43.81;4.329;R;E10;5;2026-10-07 00:01:00;1.99
30900017;2705 RTE DE MONTPELLIER;NIMES;43.81;4.329;R;SP98;6;2026-10-07 00:01:00;1.99
82000010;445 Route du Nord - ZI AUSSONNE;Montauban;44.033;1.375;R;Gazole;1;2026-10-07 10:51:00;2.349
82000010;445 Route du Nord - ZI AUSSONNE;Montauban;44.033;1.375;R;E85;3;2026-10-07 10:51:00;0.869
82000010;445 Route du Nord - ZI AUSSONNE;Montauban;44.033;1.375;R;GPLc;4;2026-10-07 10:51:00;1.043
82000010;445 Route du Nord - ZI AUSSONNE;Montauban;44.033;1.375;R;E10;5;2026-10-07 10:51:00;2.159
82000010;445 Route du Nord - ZI AUSSONNE;Montauban;44.033;1.375;R;SP98;6;2026-10-07 10:51:00;2.279
31470007;Allées de Gascogne;Fonsorbes;43.536;1.231;R;Gazole;1;2026-10-07 08:44:44;2.354
31470007;Allées de Gascogne;Fonsorbes;43.536;1.231;R;E85;3;2026-10-07 08:44:44;0.879
31470007;Allées de Gascogne;Fonsorbes;43.536;1.231;R;E10;5;2026-10-07 08:44:44;2.169
31470007;Allées de Gascogne;Fonsorbes;43.536;1.231;R;SP98;6;2026-10-07 08:44:44;2.284
88200017;6 Faubourg de Remiremont;Saint-Nabord;48.026185999999996;6.580887;R;Gazole;1;2026-10-07 10:13:53;2.378
88200017;6 Faubourg de Remiremont;Saint-Nabord;48.026185999999996;6.580887;R;E10;5;2026-10-07 10:13:53;2.198
88200017;6 Faubourg de Remiremont;Saint-Nabord;48.026185999999996;6.580887;R;SP98;6;2026-10-07 10:13:53;2.318
68170004;64 RUE DE MULHOUSE;Rixheim;47.754;7.397;R;Gazole;1;2026-10-07 09:41:00;2.481
68170004;64 RUE DE MULHOUSE;Rixheim;47.754;7.397;R;SP95;2;2026-10-07 09:41:00;2.318
68170004;64 RUE DE MULHOUSE;Rixheim;47.754;7.397;R;E85;3;2026-10-07 09:41:00;0.898
68170004;64 RUE DE MULHOUSE;Rixheim;47.754;7.397;R;E10;5;2026-10-07 09:41:00;2.234
68170004;64 RUE DE MULHOUSE;Rixheim;47.754;7.397;R;SP98;6;2026-10-07 09:41:00;2.332
74000007;4 Rue du Travail;ANNECY;45.895;6.12;R;Gazole;1;2026-10-07 10:14:09;2.349
74000007;4 Rue du Travail;ANNECY;45.895;6.12;R;E10;5;2026-10-07 10:14:09;2.179
74000007;4 Rue du Travail;ANNECY;45.895;6.12;R;SP98;6;2026-10-07 10:14:10;2.299
33110007;307 AV D'EYSINES;LE BOUSCAT;44.86;-0.612;R;Gazole;1;2026-10-07 07:10:56;2.25
33110007;307 AV D'EYSINES;LE BOUSCAT;44.86;-0.612;R;E10;5;2026-10-07 07:10:56;1.99
33110007;307 AV D'EYSINES;LE BOUSCAT;44.86;-0.612;R;SP98;6;2026-10-07 07:10:56;1.99
71304001;AVENUE DU MARECHAL LECLERC;Montceau-les-Mines;46.68098;4.3714;R;Gazole;1;2026-10-07 09:36:23;2.305
14210001;ZA LA CROIX BOUCHER;Évrecy;49.10372;-0.50006;R;Gazole;1;2026-10-07 09:41:13;2.379
57070011;174 AVE DE STRASBOURG;METZ;49.108;6.206;R;Gazole;1;2026-10-07 00:01:00;2.25
57070011;174 AVE DE STRASBOURG;METZ;49.108;6.206;R;E10;5;2026-10-07 00:01:00;1.99
57070011;174 AVE DE STRASBOURG;METZ;49.108;6.206;R;SP98;6;2026-10-07 00:01:00;1.99
49000012;170 RUE LETANDUERE;ANGERS;47.454;-0.554;R;Gazole;1;2026-10-07 00:01:00;2.25
49000012;170 RUE LETANDUERE;ANGERS;47.454;-0.554;R;E85;3;2026-10-07 00:01:00;0.901
28000011;34 rue jean mermoz;chartres;48.45;1.506;R;Gazole;1;2026-10-07 00:01:00;2.25
28000011;34 rue jean mermoz;chartres;48.45;1.506;R;GPLc;4;2026-10-07 00:01:00;0.964
28000011;34 rue jean mermoz;chartres;48.45;1.506;R;E10;5;2026-10-07 08:12:04;1.99
33502001;209 avenue Clément Fayat;LIBOURNE;44.898;-0.209;R;Gazole;1;2026-10-07 08:14:15;2.25
33502001;209 avenue Clément Fayat;LIBOURNE;44.898;-0.209;R;E10;5;2026-10-07 08:14:15;1.99
33502001;209 avenue Clément Fayat;LIBOURNE;44.898;-0.209;R;SP98;6;2026-10-07 08:14:15;1.99
27150004;109 rue saint maur;etrepagny;49.305;1.622;R;Gazole;1;2026-10-07 08:03:49;2.25
27150004;109 rue saint maur;etrepagny;49.305;1.622;R;SP95;2;2026-10-07 08:03:49;1.99
5230007;RN 94 LA GRANDE ILE;CHORGES;44.552;6.256;R;Gazole;1;2026-10-07 00:01:00;2.25
5230007;RN 94 LA GRANDE ILE;CHORGES;44.552;6.256;R;E85;3;2026-10-07 00:01:00;0.926
5230007;RN 94 LA GRANDE ILE;CHORGES;44.552;6.256;R;E10;5;2026-10-07 00:01:00;1.99
5230007;RN 94 LA GRANDE ILE;CHORGES;44.552;6.256;R;SP98;6;2026-10-07 00:01:00;1.99
69610001;ZAC Bellevue;SOUZY;45.7;4.456;R;Gazole;1;2026-10-07 08:12:38;2.341
69610001;ZAC Bellevue;SOUZY;45.7;4.456;R;E10;5;2026-10-07 08:12:38;2.179
69610001;ZAC Bellevue;SOUZY;45.7;4.456;R;SP98;6;2026-10-07 08:12:38;2.311
39570009;route de champagnole;perrigny;46.672167699999996;5.5787266;R;Gazole;1;2026-10-07 08:42:05;2.299
39570009;route de champagnole;perrigny;46.672167699999996;5.5787266;R;SP95;2;2026-10-07 08:42:05;2.209
39570009;route de champagnole;perrigny;46.672167699999996;5.5787266;R;E10;5;2026-10-07 08:42:05;2.199
14200006;31 Boulevard de la Paix;Hérouville-Saint-Clair;49.189;-0.333;R;Gazole;1;2026-10-07 09:01:09;2.369
14200006;31 Boulevard de la Paix;Hérouville-Saint-Clair;49.189;-0.333;R;E85;3;2026-10-07 09:01:09;0.879
14200006;31 Boulevard de la Paix;Hérouville-Saint-Clair;49.189;-0.333;R;E10;5;2026-10-07 09:01:10;2.169
14200006;31 Boulevard de la Paix;Hérouville-Saint-Clair;49.189;-0.333;R;SP98;6;2026-10-07 09:01:10;2.269
95420005;RN 14;CHARMONT;49.13514;1.78964;R;Gazole;1;2026-10-07 00:01:00;2.25
95420005;RN 14;CHARMONT;49.13514;1.78964;R;E85;3;2026-10-07 00:01:00;0.883
29170001;Rte de quimper pôle commercial Quai 29;FOUESNANT;47.902;-4.027;R;Gazole;1;2026-10-07 09:30:24;2.295
13008019;175 AVENUE CLOT BEY;MARSEILLE;43.254874744705994;5.3822861365342;R;Gazole;1;2026-10-07 06:00:00;2.549
13008019;175 AVENUE CLOT BEY;MARSEILLE;43.254874744705994;5.3822861365342;R;E10;5;2026-10-07 06:00:00;2.299
13008019;175 AVENUE CLOT BEY;MARSEILLE;43.254874744705994;5.3822861365342;R;SP98;6;2026-10-07 06:00:00;2.399
76680005;Autoroute A28 - Aire de Maucomble;Bosc-Mesnil;49.678;1.337;A;Gazole;1;2026-10-07 00:01:00;2.25
76680005;Autoroute A28 - Aire de Maucomble;Bosc-Mesnil;49.678;1.337;A;E85;3;2026-10-07 00:01:00;0.999
76680005;Autoroute A28 - Aire de Maucomble;Bosc-Mesnil;49.678;1.337;A;E10;5;2026-10-07 00:01:00;1.99
76680005;Autoroute A28 - Aire de Maucomble;Bosc-Mesnil;49.678;1.337;A;SP98;6;2026-10-07 00:01:00;1.99
78800006;136 RUE HENRI BARBUSSE;HOUILLES;48.932;2.182;R;Gazole;1;2026-10-07 00:01:00;2.25
78800006;136 RUE HENRI BARBUSSE;HOUILLES;48.932;2.182;R;E85;3;2026-10-07 00:01:00;0.904
63500006;6 ROUTE DE ST GERMAIN;ISSOIRE;45.536;3.252;R;Gazole;1;2026-10-07 00:01:00;2.25
63500006;6 ROUTE DE ST GERMAIN;ISSOIRE;45.536;3.252;R;E85;3;2026-10-07 00:01:00;0.896
63500006;6 ROUTE DE ST GERMAIN;ISSOIRE;45.536;3.252;R;E10;5;2026-10-07 00:01:00;1.99
63500006;6 ROUTE DE ST GERMAIN;ISSOIRE;45.536;3.252;R;SP98;6;2026-10-07 00:01:00;1.99
95350004;47 AVENUE DU GENERAL DE GAULLE;Saint-Brice-sous-Forêt;48.993;2.359;R;Gazole;1;2026-10-07 00:01:00;2.25
95350004;47 AVENUE DU GENERAL DE GAULLE;Saint-Brice-sous-Forêt;48.993;2.359;R;E85;3;2026-10-07 00:01:00;0.885
95350004;47 AVENUE DU GENERAL DE GAULLE;Saint-Brice-sous-Forêt;48.993;2.359;R;E10;5;2026-10-07 00:01:00;1.99
59500009;143 BOULEVARD PAUL HAYEZ;DOUAI;50.363;3.083;R;E10;5;2026-10-07 00:01:00;1.99
59500009;143 BOULEVARD PAUL HAYEZ;DOUAI;50.363;3.083;R;SP98;6;2026-10-07 00:01:00;1.99
68480004;58 rue principale;Oltingue;47.493;7.391;R;Gazole;1;2026-10-07 10:11:12;2.499
68480004;58 rue principale;Oltingue;47.493;7.391;R;E85;3;2026-10-07 10:11:12;0.919
16150003;ZA DE CHASSAT;CHABANAIS;45.878;0.726;R;Gazole;1;2026-10-07 10:02:01;2.359
16150003;ZA DE CHASSAT;CHABANAIS;45.878;0.726;R;SP98;6;2026-10-07 10:02:01;2.265
88140004;630 Avenue des Pierrottes;CONTREXéVILLE;48.189;5.902;R;Gazole;1;2026-10-07 10:48:21;2.379
92110010;143/145 BLD JEAN JAURES;CLICHY;48.907;2.301;R;Gazole;1;2026-10-07 00:01:00;2.25
92110010;143/145 BLD JEAN JAURES;CLICHY;48.907;2.301;R;E10;5;2026-10-07 00:01:00;1.99
77140010;Autoroute du Soleil - AIRE DE NEMOURS OUEST;NEMOURS;48.261701654868;2.7220366668700997;A;Gazole;1;2026-10-07 09:30:00;2.494
77140010;Autoroute du Soleil - AIRE DE NEMOURS OUEST;NEMOURS;48.261701654868;2.7220366668700997;A;E10;5;2026-10-07 09:30:00;2.312
77140010;Autoroute du Soleil - AIRE DE NEMOURS OUEST;NEMOURS;48.261701654868;2.7220366668700997;A;SP98;6;2026-10-07 09:30:00;2.462
77100009;Rue Georges Claude;Meaux;48.958;2.917;R;Gazole;1;2026-10-07 10:10:00;2.323
77100009;Rue Georges Claude;Meaux;48.958;2.917;R;E85;3;2026-10-07 10:10:00;0.867
77100009;Rue Georges Claude;Meaux;48.958;2.917;R;E10;5;2026-10-07 10:10:00;2.162
77100009;Rue Georges Claude;Meaux;48.958;2.917;R;SP98;6;2026-10-07 10:10:00;2.231
91590009;RN191 - ROUTE DE CORBEIL;BAULNE;48.507;2.37442;R;Gazole;1;2026-10-07 00:01:00;2.25
61600002;Route de Bagnoles;LA FERTé-MACé;48.575;-0.37;R;Gazole;1;2026-10-07 10:00:00;2.305
61600002;Route de Bagnoles;LA FERTé-MACé;48.575;-0.37;R;E85;3;2026-10-07 10:00:00;0.858
61600002;Route de Bagnoles;LA FERTé-MACé;48.575;-0.37;R;GPLc;4;2026-10-07 10:00:00;1.089
61600002;Route de Bagnoles;LA FERTé-MACé;48.575;-0.37;R;E10;5;2026-10-07 10:00:00;2.115
61600002;Route de Bagnoles;LA FERTé-MACé;48.575;-0.37;R;SP98;6;2026-10-07 10:00:00;2.243
26400007;60 BD. DU 6 JUIN 1944;CREST;44.7295482446;5.01713715307;R;Gazole;1;2026-10-07 00:01:00;2.25
26400007;60 BD. DU 6 JUIN 1944;CREST;44.7295482446;5.01713715307;R;E10;5;2026-10-07 00:01:00;1.99
26400007;60 BD. DU 6 JUIN 1944;CREST;44.7295482446;5.01713715307;R;SP98;6;2026-10-07 00:01:00;1.99
75015025;34 BOULEVARD DE GRENELLE;PARIS;48.852;2.29;R;Gazole;1;2026-10-07 00:01:00;2.25
75015025;34 BOULEVARD DE GRENELLE;PARIS;48.852;2.29;R;SP98;6;2026-10-07 00:01:00;1.99
72000019;314 AV RHIN ET DANUBE;LE MANS;48.023;0.183;R;GPLc;4;2026-10-07 00:01:00;0.951
7200008;RTE DE VALS;AUBENAS;44.6320217749;4.37986312289;R;Gazole;1;2026-10-07 00:01:00;2.25
7200008;RTE DE VALS;AUBENAS;44.6320217749;4.37986312289;R;E85;3;2026-10-07 00:01:00;0.904
7200008;RTE DE VALS;AUBENAS;44.6320217749;4.37986312289;R;E10;5;2026-10-07 00:01:00;1.99
73700005;Lieu-dit Le Mollard;BOURG-SAINT-MAURICE;45.624;6.78;R;Gazole;1;2026-10-07 08:36:20;2.369
73700005;Lieu-dit Le Mollard;BOURG-SAINT-MAURICE;45.624;6.78;R;SP98;6;2026-10-07 08:36:20;2.299
60510001;ZONE DE LA COUTURELLE;Bresles;49.419;2.255;R;Gazole;1;2026-10-07 08:04:06;2.355
60510001;ZONE DE LA COUTURELLE;Bresles;49.419;2.255;R;SP95;2;2026-10-07 08:04:06;2.239
60510001;ZONE DE LA COUTURELLE;Bresles;49.419;2.255;R;SP98;6;2026-10-07 08:04:06;2.285
83420005;3559boulevard st raphael;La Croix-Valmer;43.190519436852995;6.5530165964116005;R;Gazole;1;2026-10-07 00:01:00;2.25
83420005;3559boulevard st raphael;La Croix-Valmer;43.190519436852995;6.5530165964116005;R;E85;3;2026-10-07 00:01:00;0.912
83420005;3559boulevard st raphael;La Croix-Valmer;43.190519436852995;6.5530165964116005;R;E10;5;2026-10-07 00:01:00;1.99
83420005;3559boulevard st raphael;La Croix-Valmer;43.190519436852995;6.5530165964116005;R;SP98;6;2026-10-07 00:01:00;1.99
62390001;1 place de la Gare;AUXI-LE-CHâTEAU;50.231;2.114;R;Gazole;1;2026-10-07 08:35:50;2.248
19316001;14,rue louis taurisson;BRIVE-LA-GAILLARDE;45.145;1.483;R;SP95;2;2026-10-07 00:46:00;2.237
19316001;14,rue louis taurisson;BRIVE-LA-GAILLARDE;45.145;1.483;R;SP98;6;2026-10-07 00:46:00;2.297
78350002;AUTOROUTE A86;Jouy-en-Josas;48.780582855606006;2.1731592564109;A;Gazole;1;2026-10-07 00:01:00;2.25
78350002;AUTOROUTE A86;Jouy-en-Josas;48.780582855606006;2.1731592564109;A;E85;3;2026-10-07 00:01:00;0.899
78350002;AUTOROUTE A86;Jouy-en-Josas;48.780582855606006;2.1731592564109;A;GPLc;4;2026-10-07 00:01:00;1.039
78350002;AUTOROUTE A86;Jouy-en-Josas;48.780582855606006;2.1731592564109;A;E10;5;2026-10-07 00:01:00;1.99
78350002;AUTOROUTE A86;Jouy-en-Josas;48.780582855606006;2.1731592564109;A;SP98;6;2026-10-07 00:01:00;1.99
54120004;Route de Lachapelle;DENEUVRE;48.442;6.737;R;Gazole;1;2026-10-07 09:20:26;2.33
54120004;Route de Lachapelle;DENEUVRE;48.442;6.737;R;E10;5;2026-10-07 09:20:27;2.234
54120004;Route de Lachapelle;DENEUVRE;48.442;6.737;R;SP98;6;2026-10-07 09:20:27;2.353
13700011;17 AVENUE DU 8 MAI 1945;MARIGNANE;43.41459;5.22304;R;Gazole;1;2026-10-07 00:01:00;2.25
83340005;centre commercial Intermarché route Nationale 7;Le Cannet-des-Maures;43.394;6.331;R;Gazole;1;2026-10-07 09:33:40;2.299
94400005;34 AV. HENRI BARBUSSE;Vitry-sur-Seine;48.793;2.39;R;Gazole;1;2026-10-07 00:01:00;2.25
94400005;34 AV. HENRI BARBUSSE;Vitry-sur-Seine;48.793;2.39;R;E85;3;2026-10-07 00:01:00;0.914
94400005;34 AV. HENRI BARBUSSE;Vitry-sur-Seine;48.793;2.39;R;E10;5;2026-10-07 00:01:00;1.99
84000001;162 Avenue Pierre Sémard;Avignon;43.93;4.833;R;E10;5;2026-10-07 08:00:24;2.159
80420004;Route de Vignacourt;FLIXECOURT;50.011;2.094;R;Gazole;1;2026-10-07 08:00:00;2.299
80420004;Route de Vignacourt;FLIXECOURT;50.011;2.094;R;E10;5;2026-10-07 08:00:00;2.159
80420004;Route de Vignacourt;FLIXECOURT;50.011;2.094;R;SP98;6;2026-10-07 08:00:00;2.29
87000029;Ancienne Route d'Aixe;Limoges;45.82156019051799;1.2116455302687;R;Gazole;1;2026-10-07 08:49:41;2.25
87000029;Ancienne Route d'Aixe;Limoges;45.82156019051799;1.2116455302687;R;E85;3;2026-10-07 08:49:41;0.907
87000029;Ancienne Route d'Aixe;Limoges;45.82156019051799;1.2116455302687;R;E10;5;2026-10-07 08:49:41;1.99
87000029;Ancienne Route d'Aixe;Limoges;45.82156019051799;1.2116455302687;R;SP98;6;2026-10-07 08:49:42;1.99
80110001;Route de Thennes;MOREUIL;49.786561311593;2.4699237043829;R;Gazole;1;2026-10-07 09:28:30;2.25
80110001;Route de Thennes;MOREUIL;49.786561311593;2.4699237043829;R;E85;3;2026-10-07 09:28:30;0.905
80110001;Route de Thennes;MOREUIL;49.786561311593;2.4699237043829;R;SP98;6;2026-10-07 09:28:30;1.99
67033001;place André Maurois;STRASBOURG;48.591;7.694;R;Gazole;1;2026-10-07 10:53:47;2.472
67033001;place André Maurois;STRASBOURG;48.591;7.694;R;E85;3;2026-10-07 10:53:47;0.869
67033001;place André Maurois;STRASBOURG;48.591;7.694;R;GPLc;4;2026-10-07 10:53:47;0.939
24600003;Route de Mussidan;RIBéRAC;45.238;0.348;R;Gazole;1;2026-10-07 09:52:29;2.29
24600003;Route de Mussidan;RIBéRAC;45.238;0.348;R;E10;5;2026-10-07 09:52:29;2.135
24600003;Route de Mussidan;RIBéRAC;45.238;0.348;R;SP98;6;2026-10-07 09:52:29;2.256
85200005;Avenue du Président François Mitterrand;Fontenay-le-Comte;46.451;-0.808;R;Gazole;1;2026-10-07 10:01:00;2.305
85200005;Avenue du Président François Mitterrand;Fontenay-le-Comte;46.451;-0.808;R;E85;3;2026-10-07 10:01:00;0.829
85200005;Avenue du Président François Mitterrand;Fontenay-le-Comte;46.451;-0.808;R;E10;5;2026-10-07 10:01:00;2.155
85200005;Avenue du Président François Mitterrand;Fontenay-le-Comte;46.451;-0.808;R;SP98;6;2026-10-07 10:01:00;2.235
26600013;AUTOROUTE A7 - AIRE DU PONT DE L'ISÈRE;Pont-de-l'Isère;45.01933;4.87541;A;Gazole;1;2026-10-07 00:01:00;2.25
26600013;AUTOROUTE A7 - AIRE DU PONT DE L'ISÈRE;Pont-de-l'Isère;45.01933;4.87541;A;E85;3;2026-10-07 00:01:00;0.999
26600013;AUTOROUTE A7 - AIRE DU PONT DE L'ISÈRE;Pont-de-l'Isère;45.01933;4.87541;A;GPLc;4;2026-10-07 00:01:00;1.114
26600013;AUTOROUTE A7 - AIRE DU PONT DE L'ISÈRE;Pont-de-l'Isère;45.01933;4.87541;A;E10;5;2026-10-07 00:01:00;1.99
26600013;AUTOROUTE A7 - AIRE DU PONT DE L'ISÈRE;Pont-de-l'Isère;45.01933;4.87541;A;SP98;6;2026-10-07 00:01:00;1.99
92130006;18-22 BLD DES FRERES VOISIN;Issy-les-Moulineaux;48.827841660000004;2.2713364300000003;R;Gazole;1;2026-10-07 00:01:00;2.25
92130006;18-22 BLD DES FRERES VOISIN;Issy-les-Moulineaux;48.827841660000004;2.2713364300000003;R;E10;5;2026-10-07 06:24:55;1.99
19510002;AUTOROUTE A20 - AIRE DE PORTE DE CORREZE;MASSERET;45.54068;1.52039;A;Gazole;1;2026-10-07 00:01:00;2.25
19510002;AUTOROUTE A20 - AIRE DE PORTE DE CORREZE;MASSERET;45.54068;1.52039;A;GPLc;4;2026-10-07 00:01:00;1.104
19510002;AUTOROUTE A20 - AIRE DE PORTE DE CORREZE;MASSERET;45.54068;1.52039;A;E10;5;2026-10-07 00:01:00;1.99
19510002;AUTOROUTE A20 - AIRE DE PORTE DE CORREZE;MASSERET;45.54068;1.52039;A;SP98;6;2026-10-07 00:01:00;1.99
94537002;1 RUE DES LANCES;ORLY;48.75;2.389;R;Gazole;1;2026-10-07 00:01:00;2.25
28500011;1 LE COTEAU;TREON;48.677003;1.331272;R;Gazole;1;2026-10-07 06:55:11;2.3
28500011;1 LE COTEAU;TREON;48.677003;1.331272;R;E85;3;2026-10-07 06:55:11;0.9
28500011;1 LE COTEAU;TREON;48.677003;1.331272;R;E10;5;2026-10-07 06:55:11;2.18
28500011;1 LE COTEAU;TREON;48.677003;1.331272;R;SP98;6;2026-10-07 06:55:11;2.28
40280006;200 boulevard oscar niemeyer;Saint-Pierre-du-Mont;43.867;-0.485;R;Gazole;1;2026-10-07 10:51:00;2.319
40280006;200 boulevard oscar niemeyer;Saint-Pierre-du-Mont;43.867;-0.485;R;SP95;2;2026-10-07 10:51:00;2.283
40280006;200 boulevard oscar niemeyer;Saint-Pierre-du-Mont;43.867;-0.485;R;E85;3;2026-10-07 10:51:00;0.889
40280006;200 boulevard oscar niemeyer;Saint-Pierre-du-Mont;43.867;-0.485;R;E10;5;2026-10-07 10:51:00;2.149
60370002;125 RUE DE NOAILLES;HERMES;49.352;2.239;R;Gazole;1;2026-10-07 00:01:00;2.409
60370002;125 RUE DE NOAILLES;HERMES;49.352;2.239;R;SP95;2;2026-10-07 00:01:00;2.255
60370002;125 RUE DE NOAILLES;HERMES;49.352;2.239;R;E10;5;2026-10-07 00:01:00;2.179
60370002;125 RUE DE NOAILLES;HERMES;49.352;2.239;R;SP98;6;2026-10-07 00:01:00;2.315
59320001;RN 352;HAUBOURDIN;50.626;2.967;R;Gazole;1;2026-10-07 09:17:29;2.389
59320001;RN 352;HAUBOURDIN;50.626;2.967;R;E85;3;2026-10-07 09:17:29;0.859
59320001;RN 352;HAUBOURDIN;50.626;2.967;R;GPLc;4;2026-10-07 09:17:29;1.05
59320001;RN 352;HAUBOURDIN;50.626;2.967;R;E10;5;2026-10-07 09:17:29;2.135
59320001;RN 352;HAUBOURDIN;50.626;2.967;R;SP98;6;2026-10-07 09:17:29;2.269
67590002;Route de Strasbourg (RD85);Schweighouse-sur-Moder;48.815;7.74;R;Gazole;1;2026-10-07 07:07:27;2.25
67590002;Route de Strasbourg (RD85);Schweighouse-sur-Moder;48.815;7.74;R;E10;5;2026-10-07 07:07:27;1.99
31600008;90 chemin de coucoures;Lherm;43.43;1.223;R;Gazole;1;2026-10-07 09:14:02;2.369
31600008;90 chemin de coucoures;Lherm;43.43;1.223;R;E10;5;2026-10-07 09:14:03;2.169
31600008;90 chemin de coucoures;Lherm;43.43;1.223;R;SP98;6;2026-10-07 09:14:03;2.289
59790001;331 Rue Charles Saint-Venant;RONCHIN;50.6002088404;3.08413548938;R;Gazole;1;2026-10-07 08:13:19;2.25
59790001;331 Rue Charles Saint-Venant;RONCHIN;50.6002088404;3.08413548938;R;E10;5;2026-10-07 08:13:20;1.99
59790001;331 Rue Charles Saint-Venant;RONCHIN;50.6002088404;3.08413548938;R;SP98;6;2026-10-07 08:13:20;1.99
56910001;LE CHENE HELEUC;Carentoir;47.814;-2.131;R;E10;5;2026-10-07 08:29:40;2.149
56910001;LE CHENE HELEUC;Carentoir;47.814;-2.131;R;SP98;6;2026-10-07 08:29:41;2.249
50180001;rue de l'oratoire, parc de l'odyssée;Agneaux;49.108;-1.134;R;Gazole;1;2026-10-07 09:59:00;2.358
50180001;rue de l'oratoire, parc de l'odyssée;Agneaux;49.108;-1.134;R;E85;3;2026-10-07 09:59:00;0.868
50180001;rue de l'oratoire, parc de l'odyssée;Agneaux;49.108;-1.134;R;E10;5;2026-10-07 09:59:00;2.138
50180001;rue de l'oratoire, parc de l'odyssée;Agneaux;49.108;-1.134;R;SP98;6;2026-10-07 09:59:00;2.238
85120002;Z.I. de la Levraudière;ANTIGNY;46.64;-0.754;R;Gazole;1;2026-10-07 07:51:48;2.399
85120002;Z.I. de la Levraudière;ANTIGNY;46.64;-0.754;R;E85;3;2026-10-07 07:51:48;0.875
85120002;Z.I. de la Levraudière;ANTIGNY;46.64;-0.754;R;GPLc;4;2026-10-07 07:51:48;1.079
85120002;Z.I. de la Levraudière;ANTIGNY;46.64;-0.754;R;E10;5;2026-10-07 07:51:48;2.249
85120002;Z.I. de la Levraudière;ANTIGNY;46.64;-0.754;R;SP98;6;2026-10-07 07:51:48;2.329
84200010;1050 Chemin du Castellas Route de Mazan;CARPENTRAS;44.06;5.07;R;Gazole;1;2026-10-07 10:10:04;2.299
57140005;Autoroute A31;La Maxe;49.15;6.185;A;Gazole;1;2026-10-07 08:00:00;2.515
57140005;Autoroute A31;La Maxe;49.15;6.185;A;E10;5;2026-10-07 08:00:00;2.299
57140005;Autoroute A31;La Maxe;49.15;6.185;A;SP98;6;2026-10-07 08:00:00;2.363
19100016;108 AVENUE PIERRE SEMARD;Brive-la-Gaillarde;45.156;1.518;R;Gazole;1;2026-10-07 07:42:52;2.25
19100016;108 AVENUE PIERRE SEMARD;Brive-la-Gaillarde;45.156;1.518;R;E10;5;2026-10-07 07:42:53;1.99
19100016;108 AVENUE PIERRE SEMARD;Brive-la-Gaillarde;45.156;1.518;R;SP98;6;2026-10-07 07:42:53;1.99
73160003;ZA DES ILES;Aime;45.552;6.648;R;Gazole;1;2026-10-07 09:41:00;2.389
73160003;ZA DES ILES;Aime;45.552;6.648;R;E10;5;2026-10-07 09:41:00;2.219
73160003;ZA DES ILES;Aime;45.552;6.648;R;SP98;6;2026-10-07 09:41:00;2.319
93110005;12/14 BD.GABRIEL PERI - TOTAL;Rosny-sous-Bois;48.878;2.482;R;Gazole;1;2026-10-07 00:01:00;2.25
93110005;12/14 BD.GABRIEL PERI - TOTAL;Rosny-sous-Bois;48.878;2.482;R;E85;3;2026-10-07 00:01:00;0.899
93110005;12/14 BD.GABRIEL PERI - TOTAL;Rosny-sous-Bois;48.878;2.482;R;GPLc;4;2026-10-07 00:01:00;1.019
93110005;12/14 BD.GABRIEL PERI - TOTAL;Rosny-sous-Bois;48.878;2.482;R;E10;5;2026-10-07 00:01:00;1.99
93110005;12/14 BD.GABRIEL PERI - TOTAL;Rosny-sous-Bois;48.878;2.482;R;SP98;6;2026-10-07 00:01:00;1.99
17220003;1Bis Route de la Jarne;Saint-Rogatien;46.1505429;-1.0765411900000001;R;Gazole;1;2026-10-07 08:55:25;2.329
17220003;1Bis Route de la Jarne;Saint-Rogatien;46.1505429;-1.0765411900000001;R;E10;5;2026-10-07 08:55:26;2.129
17220003;1Bis Route de la Jarne;Saint-Rogatien;46.1505429;-1.0765411900000001;R;SP98;6;2026-10-07 08:55:26;2.239
56140002;ZA DE LA PAVIOTAIE;SAINT-MARCEL;47.805351384800005;-2.4022643160099997;R;Gazole;1;2026-10-07 08:45:00;2.306
56140002;ZA DE LA PAVIOTAIE;SAINT-MARCEL;47.805351384800005;-2.4022643160099997;R;SP95;2;2026-10-07 08:25:08;2.246
56140002;ZA DE LA PAVIOTAIE;SAINT-MARCEL;47.805351384800005;-2.4022643160099997;R;SP98;6;2026-10-07 08:25:08;2.266
44300020;162 Route de Rennes;Nantes;47.26;-1.576;R;Gazole;1;2026-10-07 07:58:28;2.429
44300020;162 Route de Rennes;Nantes;47.26;-1.576;R;E85;3;2026-10-07 07:58:29;1.025
44300020;162 Route de Rennes;Nantes;47.26;-1.576;R;GPLc;4;2026-10-07 07:58:29;1.059
44300020;162 Route de Rennes;Nantes;47.26;-1.576;R;E10;5;2026-10-07 07:58:29;2.249
44300020;162 Route de Rennes;Nantes;47.26;-1.576;R;SP98;6;2026-10-07 07:58:29;2.339
38340011;AUTOROUTE A48 - AIRE DE VOREPPE;VOREPPE;45.278;5.624;A;Gazole;1;2026-10-07 00:01:00;2.25
38340011;AUTOROUTE A48 - AIRE DE VOREPPE;VOREPPE;45.278;5.624;A;E85;3;2026-10-07 00:01:00;0.999
38340011;AUTOROUTE A48 - AIRE DE VOREPPE;VOREPPE;45.278;5.624;A;GPLc;4;2026-10-07 00:01:00;1.109
38340011;AUTOROUTE A48 - AIRE DE VOREPPE;VOREPPE;45.278;5.624;A;E10;5;2026-10-07 00:01:00;1.99
38340011;AUTOROUTE A48 - AIRE DE VOREPPE;VOREPPE;45.278;5.624;A;SP98;6;2026-10-07 00:01:00;1.99
76803001;Avenue de la Mare aux Daims;SAINT-ÉTIENNE-DU-ROUVRAY;49.387399180399996;1.0715780622076;R;Gazole;1;2026-10-07 07:29:33;2.288
76803001;Avenue de la Mare aux Daims;SAINT-ÉTIENNE-DU-ROUVRAY;49.387399180399996;1.0715780622076;R;E10;5;2026-10-07 07:29:33;2.138
76803001;Avenue de la Mare aux Daims;SAINT-ÉTIENNE-DU-ROUVRAY;49.387399180399996;1.0715780622076;R;SP98;6;2026-10-07 07:29:33;2.198
3600004;12 RUE JEAN JACQUES ROUSSEAU;COMMENTRY;46.289;2.744;R;E85;3;2026-10-07 07:11:31;0.901
95650002;CD 916 - ROUTE DE GISORS;GENICOURT;49.082;2.069;R;Gazole;1;2026-10-07 00:01:00;2.25
74100011;81 ROUTE DE THONON;ANNEMASSE;46.195;6.261;R;Gazole;1;2026-10-07 00:01:00;2.25
74100011;81 ROUTE DE THONON;ANNEMASSE;46.195;6.261;R;E85;3;2026-10-07 00:01:00;0.924
51430002;RN 31;TINQUEUX;49.254;3.976;R;Gazole;1;2026-10-07 00:46:00;2.377
51430002;RN 31;TINQUEUX;49.254;3.976;R;SP95;2;2026-10-07 00:46:00;2.239
51430002;RN 31;TINQUEUX;49.254;3.976;R;E85;3;2026-10-07 00:46:00;0.874
51430002;RN 31;TINQUEUX;49.254;3.976;R;E10;5;2026-10-07 00:46:00;2.171
51430002;RN 31;TINQUEUX;49.254;3.976;R;SP98;6;2026-10-07 00:46:00;2.242
58000007;33 boulevard Pré Plantin;Nevers;46.982;3.123;R;Gazole;1;2026-10-07 09:14:06;2.365
62230001;Boulevard Raymond Splingard;Outreau;50.651;1.609;R;Gazole;1;2026-10-07 07:35:31;2.297
62230001;Boulevard Raymond Splingard;Outreau;50.651;1.609;R;SP95;2;2026-10-07 07:35:31;2.201
62230001;Boulevard Raymond Splingard;Outreau;50.651;1.609;R;SP98;6;2026-10-07 07:35:31;2.272
52200014;FAUBOURG DE LA COLLINIERE;LANGRES;47.87;5.33;R;Gazole;1;2026-10-07 00:01:00;2.25
52200014;FAUBOURG DE LA COLLINIERE;LANGRES;47.87;5.33;R;GPLc;4;2026-10-07 00:01:00;1.129
52200014;FAUBOURG DE LA COLLINIERE;LANGRES;47.87;5.33;R;E10;5;2026-10-07 00:01:00;1.99
79300007;1 RUE JEAN GIONO;BRESSUIRE;46.85;-0.475;R;Gazole;1;2026-10-07 00:01:00;2.25
79300007;1 RUE JEAN GIONO;BRESSUIRE;46.85;-0.475;R;E85;3;2026-10-07 00:01:00;0.898
79300007;1 RUE JEAN GIONO;BRESSUIRE;46.85;-0.475;R;E10;5;2026-10-07 00:01:00;1.99
79300007;1 RUE JEAN GIONO;BRESSUIRE;46.85;-0.475;R;SP98;6;2026-10-07 00:01:00;1.99
17430007;109 AVENUE D'AUNIS;Tonnay-Charente;45.95;-0.926;R;Gazole;1;2026-10-07 00:01:00;2.244
17430007;109 AVENUE D'AUNIS;Tonnay-Charente;45.95;-0.926;R;GPLc;4;2026-10-07 00:01:00;0.979
17430007;109 AVENUE D'AUNIS;Tonnay-Charente;45.95;-0.926;R;E10;5;2026-10-07 00:01:00;1.99
17430007;109 AVENUE D'AUNIS;Tonnay-Charente;45.95;-0.926;R;SP98;6;2026-10-07 00:01:00;1.99
60700004;39 41 RUE DE LA REPUBLIQUE;Pont-Sainte-Maxence;49.306;2.604;R;Gazole;1;2026-10-07 06:58:35;2.25
19100017;90 AV RIBOT;Brive-la-Gaillarde;45.165;1.511;R;Gazole;1;2026-10-07 00:01:00;2.25
40410005;AUTOROUTE A63;Saugnacq-et-Muret;44.36;-0.851;A;Gazole;1;2026-10-07 06:23:52;2.51
40410005;AUTOROUTE A63;Saugnacq-et-Muret;44.36;-0.851;A;GPLc;4;2026-10-07 06:23:52;1.06
40410005;AUTOROUTE A63;Saugnacq-et-Muret;44.36;-0.851;A;E10;5;2026-10-07 06:23:52;2.37
40410005;AUTOROUTE A63;Saugnacq-et-Muret;44.36;-0.851;A;SP98;6;2026-10-07 06:23:52;2.47
13300009;Route Nationale 113;SALON-DE-PROVENCE;43.612359639400005;5.096262162;R;Gazole;1;2026-10-07 10:00:00;2.389
13300009;Route Nationale 113;SALON-DE-PROVENCE;43.612359639400005;5.096262162;R;E10;5;2026-10-07 10:00:00;2.179
13300009;Route Nationale 113;SALON-DE-PROVENCE;43.612359639400005;5.096262162;R;SP98;6;2026-10-07 10:00:00;2.279
95870009;151 Avenue Gabriel Péri;BEZONS;48.936;2.208;R;Gazole;1;2026-10-07 00:01:00;2.25
95870009;151 Avenue Gabriel Péri;BEZONS;48.936;2.208;R;E10;5;2026-10-07 00:01:00;1.99
95870009;151 Avenue Gabriel Péri;BEZONS;48.936;2.208;R;SP98;6;2026-10-07 00:01:00;1.99
91150008;50 Rue des Lys;ÉTAMPES;48.441;2.138;R;Gazole;1;2026-10-07 08:28:30;2.334
91150008;50 Rue des Lys;ÉTAMPES;48.441;2.138;R;E85;3;2026-10-07 08:28:30;0.849
91150008;50 Rue des Lys;ÉTAMPES;48.441;2.138;R;GPLc;4;2026-10-07 08:28:30;1.154
91150008;50 Rue des Lys;ÉTAMPES;48.441;2.138;R;E10;5;2026-10-07 08:28:30;2.128
91150008;50 Rue des Lys;ÉTAMPES;48.441;2.138;R;SP98;6;2026-10-07 08:28:31;2.228
69390007;RN 86 - LES SEPT CHEMINS;VOURLES;45.657118;4.751501;R;Gazole;1;2026-10-07 06:00:00;2.469
69390007;RN 86 - LES SEPT CHEMINS;VOURLES;45.657118;4.751501;R;E10;5;2026-10-07 06:00:00;2.259
69390007;RN 86 - LES SEPT CHEMINS;VOURLES;45.657118;4.751501;R;SP98;6;2026-10-07 06:00:00;2.359
13015019;21 BD HENRI BARNIER;Marseille;43.373;5.354;R;Gazole;1;2026-10-07 00:01:00;2.25
13015019;21 BD HENRI BARNIER;Marseille;43.373;5.354;R;E10;5;2026-10-07 00:01:00;1.99
6200014;Route de Grenoble;Nice;43.759;7.2;R;Gazole;1;2026-10-07 07:31:00;2.375
6200014;Route de Grenoble;Nice;43.759;7.2;R;E10;5;2026-10-07 07:31:00;2.189
6200014;Route de Grenoble;Nice;43.759;7.2;R;SP98;6;2026-10-07 07:31:00;2.337
24330007;Autoroute A89 - Aire de Manoire;Saint-Laurent-sur-Manoire;45.151;0.799;A;Gazole;1;2026-10-07 07:31:00;2.319
24330007;Autoroute A89 - Aire de Manoire;Saint-Laurent-sur-Manoire;45.151;0.799;A;E85;3;2026-10-07 07:31:00;0.978
24330007;Autoroute A89 - Aire de Manoire;Saint-Laurent-sur-Manoire;45.151;0.799;A;GPLc;4;2026-10-07 07:31:00;1.009
24330007;Autoroute A89 - Aire de Manoire;Saint-Laurent-sur-Manoire;45.151;0.799;A;E10;5;2026-10-07 07:31:00;2.122
24330007;Autoroute A89 - Aire de Manoire;Saint-Laurent-sur-Manoire;45.151;0.799;A;SP98;6;2026-10-07 07:31:00;2.222
56607001;78 Rue Ambroise Croizat;LANESTER;47.775;-3.346;R;Gazole;1;2026-10-07 08:39:10;2.299
56607001;78 Rue Ambroise Croizat;LANESTER;47.775;-3.346;R;GPLc;4;2026-10-07 08:39:10;1.029
56607001;78 Rue Ambroise Croizat;LANESTER;47.775;-3.346;R;E10;5;2026-10-07 08:39:10;2.158
56607001;78 Rue Ambroise Croizat;LANESTER;47.775;-3.346;R;SP98;6;2026-10-07 08:39:10;2.252
54200007;678 Avenue du Général Bigeard;TOUL;48.664;5.888;R;Gazole;1;2026-10-07 10:45:03;2.392
38150011;RN7 LES PERRIERS;Salaise-sur-Sanne;45.349;4.804;R;Gazole;1;2026-10-07 07:32:00;2.401
38150011;RN7 LES PERRIERS;Salaise-sur-Sanne;45.349;4.804;R;E10;5;2026-10-07 07:32:00;2.207
38150011;RN7 LES PERRIERS;Salaise-sur-Sanne;45.349;4.804;R;SP98;6;2026-10-07 07:32:00;2.346
31880001;Avenue des Capitouls;LA SALVETAT-SAINT-GILLES;43.582;1.275;R;Gazole;1;2026-10-07 09:00:33;2.349
31880001;Avenue des Capitouls;LA SALVETAT-SAINT-GILLES;43.582;1.275;R;E10;5;2026-10-07 09:00:33;2.199
2200010;43 Avenue de Château-Thierry;Belleu;49.37046;3.32985;R;Gazole;1;2026-10-07 06:54:11;2.333
2200010;43 Avenue de Château-Thierry;Belleu;49.37046;3.32985;R;E10;5;2026-10-07 06:54:11;2.139
2200010;43 Avenue de Château-Thierry;Belleu;49.37046;3.32985;R;SP98;6;2026-10-07 06:54:12;2.269
85403001;Chemin des Roches;Luçon;46.46;-1.146;R;SP98;6;2026-10-07 08:59:15;2.22
40140002;Route de Tosse;SOUSTONS;43.745;-1.334;R;Gazole;1;2026-10-07 10:51:00;2.349
40140002;Route de Tosse;SOUSTONS;43.745;-1.334;R;E85;3;2026-10-07 10:51:00;0.859
40140002;Route de Tosse;SOUSTONS;43.745;-1.334;R;E10;5;2026-10-07 10:51:00;2.122
40140002;Route de Tosse;SOUSTONS;43.745;-1.334;R;SP98;6;2026-10-07 10:51:00;2.258
32600001;3 rue Jean Moulin;L'Isle-Jourdain;43.614;1.089;R;Gazole;1;2026-10-07 09:14:31;2.379
32600001;3 rue Jean Moulin;L'Isle-Jourdain;43.614;1.089;R;SP95;2;2026-10-07 09:14:31;2.219
32600001;3 rue Jean Moulin;L'Isle-Jourdain;43.614;1.089;R;E10;5;2026-10-07 09:14:31;2.189
32600001;3 rue Jean Moulin;L'Isle-Jourdain;43.614;1.089;R;SP98;6;2026-10-07 09:14:32;2.299
31190004;27 ROUTE DE TOULOUSE;AUTERIVE;43.35226;1.4697;R;E85;3;2026-10-07 00:01:00;0.897
31190004;27 ROUTE DE TOULOUSE;AUTERIVE;43.35226;1.4697;R;E10;5;2026-10-07 00:01:00;1.99
59210005;14 ROUTE DE FURNES;Coudekerque-Branche;51.032;2.394;R;Gazole;1;2026-10-07 00:01:00;2.25
59210005;14 ROUTE DE FURNES;Coudekerque-Branche;51.032;2.394;R;E10;5;2026-10-07 00:01:00;1.99
59210005;14 ROUTE DE FURNES;Coudekerque-Branche;51.032;2.394;R;SP98;6;2026-10-07 00:01:00;1.99
80300004;CARREFOUR AMIENS Route de Doullens;AMIENS;49.922;2.304;R;Gazole;1;2026-10-07 08:25:28;2.362
80300004;CARREFOUR AMIENS Route de Doullens;AMIENS;49.922;2.304;R;E10;5;2026-10-07 08:25:28;2.177
31000004;65 ROUTE D AGDE;TOULOUSE;43.628;1.48;R;Gazole;1;2026-10-07 00:01:00;2.25
36300006;14 AVENUE PIERRE MENDES FRANCE;LE BLANC;46.631245939389004;1.0788597263613;R;Gazole;1;2026-10-07 07:42:01;2.343
59650013;33 RUE JEAN JAURES;VILLENEUVE D'ASCQ;50.65967936;3.13539032;R;Gazole;1;2026-10-07 00:01:00;2.25
59650013;33 RUE JEAN JAURES;VILLENEUVE D'ASCQ;50.65967936;3.13539032;R;E10;5;2026-10-07 00:01:00;1.99
40300009;A64 - Aire d'Hastingues;HASTINGUES;43.529;-1.152;A;E10;5;2026-10-07 09:00:00;2.379
40300009;A64 - Aire d'Hastingues;HASTINGUES;43.529;-1.152;A;SP98;6;2026-10-07 09:00:00;2.479
13013016;AVENUE FREDERIC MISTRAL;MARSEILLE;43.324;5.454;R;Gazole;1;2026-10-07 00:01:00;2.25
13013016;AVENUE FREDERIC MISTRAL;MARSEILLE;43.324;5.454;R;E85;3;2026-10-07 00:01:00;0.906
13013016;AVENUE FREDERIC MISTRAL;MARSEILLE;43.324;5.454;R;GPLc;4;2026-10-07 00:01:00;1.004
13013016;AVENUE FREDERIC MISTRAL;MARSEILLE;43.324;5.454;R;E10;5;2026-10-07 00:01:00;1.99
13013016;AVENUE FREDERIC MISTRAL;MARSEILLE;43.324;5.454;R;SP98;6;2026-10-07 00:01:00;1.99
56890004;4 Rue Marcel Dassault;SAINT-AVé;47.681471359867;-2.7373650772103;R;Gazole;1;2026-10-07 08:36:26;2.319
91100015;AUTOROUTE A6 - AIRE DE VILLABÉ;VILLABE;48.594;2.444;A;Gazole;1;2026-10-07 00:01:00;2.25
91100015;AUTOROUTE A6 - AIRE DE VILLABÉ;VILLABE;48.594;2.444;A;E85;3;2026-10-07 00:01:00;0.999
91100015;AUTOROUTE A6 - AIRE DE VILLABÉ;VILLABE;48.594;2.444;A;GPLc;4;2026-10-07 00:01:00;1.094
95500010;RN 370;GONESSE;48.967;2.465;R;E85;3;2026-10-07 00:01:00;0.899
64000016;208 AV JEAN MERMOZ;PAU;43.3186488;-0.37831660000000006;R;Gazole;1;2026-10-07 00:01:00;2.25
64000016;208 AV JEAN MERMOZ;PAU;43.3186488;-0.37831660000000006;R;GPLc;4;2026-10-07 00:01:00;0.989
67600004;ALLEE DE LA LOHMULE;Sélestat;48.264;7.441;R;Gazole;1;2026-10-07 09:40:00;2.509
67600004;ALLEE DE LA LOHMULE;Sélestat;48.264;7.441;R;SP95;2;2026-10-07 09:40:00;2.3
67600004;ALLEE DE LA LOHMULE;Sélestat;48.264;7.441;R;E10;5;2026-10-07 09:40:00;2.277
76890001;RUE DES 4 VENTS;TOTES;49.681;1.046;R;Gazole;1;2026-10-07 08:47:46;2.289
76890001;RUE DES 4 VENTS;TOTES;49.681;1.046;R;SP95;2;2026-10-07 08:47:46;2.179
76890001;RUE DES 4 VENTS;TOTES;49.681;1.046;R;E85;3;2026-10-07 08:47:46;0.869
76890001;RUE DES 4 VENTS;TOTES;49.681;1.046;R;E10;5;2026-10-07 08:47:46;2.119
76890001;RUE DES 4 VENTS;TOTES;49.681;1.046;R;SP98;6;2026-10-07 08:47:46;2.239
7230001;453 Rue Charles Tourrel;Lablachère;44.459;4.215;R;Gazole;1;2026-10-07 03:00:00;2.319
7230001;453 Rue Charles Tourrel;Lablachère;44.459;4.215;R;E10;5;2026-10-07 03:00:00;2.159
76680004;AUTOROUTE A28 - AIRE DE BOSC MESNIL;Bosc-Mesnil;49.675589360189;1.3347640905368;A;Gazole;1;2026-10-07 00:01:00;2.25
76680004;AUTOROUTE A28 - AIRE DE BOSC MESNIL;Bosc-Mesnil;49.675589360189;1.3347640905368;A;E85;3;2026-10-07 00:01:00;0.999
76680004;AUTOROUTE A28 - AIRE DE BOSC MESNIL;Bosc-Mesnil;49.675589360189;1.3347640905368;A;GPLc;4;2026-10-07 00:01:00;1.089
76680004;AUTOROUTE A28 - AIRE DE BOSC MESNIL;Bosc-Mesnil;49.675589360189;1.3347640905368;A;E10;5;2026-10-07 00:01:00;1.99
76680004;AUTOROUTE A28 - AIRE DE BOSC MESNIL;Bosc-Mesnil;49.675589360189;1.3347640905368;A;SP98;6;2026-10-07 00:01:00;1.99
6300018;93 ROUTE DE TURIN RN 204;NICE;43.72;7.286;R;Gazole;1;2026-10-07 00:01:00;2.25
6300018;93 ROUTE DE TURIN RN 204;NICE;43.72;7.286;R;E10;5;2026-10-07 00:01:00;1.99
6300018;93 ROUTE DE TURIN RN 204;NICE;43.72;7.286;R;SP98;6;2026-10-07 00:01:00;1.99
67700012;A4 - Aire de Saverne - Monswiller;Eckartswiller;48.7599576;7.36226799;A;Gazole;1;2026-10-07 00:01:00;2.25
67700012;A4 - Aire de Saverne - Monswiller;Eckartswiller;48.7599576;7.36226799;A;E85;3;2026-10-07 00:01:00;0.999
67700012;A4 - Aire de Saverne - Monswiller;Eckartswiller;48.7599576;7.36226799;A;GPLc;4;2026-10-07 00:01:00;1.114
67700012;A4 - Aire de Saverne - Monswiller;Eckartswiller;48.7599576;7.36226799;A;E10;5;2026-10-07 00:01:00;1.99
67700012;A4 - Aire de Saverne - Monswiller;Eckartswiller;48.7599576;7.36226799;A;SP98;6;2026-10-07 00:01:00;1.99
41600007;AIRE DE COEUR DE SOLOGNE, Autoroute A71;CHAUMONT-SUR-THARONNE;47.665;1.925;A;Gazole;1;2026-10-07 08:00:00;2.515
41600007;AIRE DE COEUR DE SOLOGNE, Autoroute A71;CHAUMONT-SUR-THARONNE;47.665;1.925;A;E85;3;2026-10-07 08:00:00;0.979
41600007;AIRE DE COEUR DE SOLOGNE, Autoroute A71;CHAUMONT-SUR-THARONNE;47.665;1.925;A;GPLc;4;2026-10-07 08:00:00;1.099
41600007;AIRE DE COEUR DE SOLOGNE, Autoroute A71;CHAUMONT-SUR-THARONNE;47.665;1.925;A;E10;5;2026-10-07 08:00:00;2.299
41600007;AIRE DE COEUR DE SOLOGNE, Autoroute A71;CHAUMONT-SUR-THARONNE;47.665;1.925;A;SP98;6;2026-10-07 08:00:00;2.363
17350001;A10 AIRE DE FENIOUX EST;Fenioux;45.892307179057;-0.6041038262695699;A;Gazole;1;2026-10-07 09:30:00;2.607
17350001;A10 AIRE DE FENIOUX EST;Fenioux;45.892307179057;-0.6041038262695699;A;E10;5;2026-10-07 09:30:00;2.558
17350001;A10 AIRE DE FENIOUX EST;Fenioux;45.892307179057;-0.6041038262695699;A;SP98;6;2026-10-07 09:30:00;2.708
76100005;23 BOULEVARD DE L' EUROPE;ROUEN;49.427;1.093;R;Gazole;1;2026-10-07 00:01:00;2.25
76100005;23 BOULEVARD DE L' EUROPE;ROUEN;49.427;1.093;R;E85;3;2026-10-07 00:01:00;0.892
76100005;23 BOULEVARD DE L' EUROPE;ROUEN;49.427;1.093;R;E10;5;2026-10-07 00:01:00;1.99
76100005;23 BOULEVARD DE L' EUROPE;ROUEN;49.427;1.093;R;SP98;6;2026-10-07 00:01:00;1.99
93290005;DEVIATION CD 88 - 1 ROUTE DE ROI;Tremblay-en-France;48.984;2.55;R;Gazole;1;2026-10-07 06:00:00;2.25
69420002;27 route de la taquière;Ampuis;45.48751;4.80054;R;Gazole;1;2026-10-07 10:33:43;2.329
69420002;27 route de la taquière;Ampuis;45.48751;4.80054;R;E10;5;2026-10-07 10:33:43;2.189
91210009;6 AVENUE DE L'EUROPE;DRAVEIL;48.681401572312;2.4293925471744;R;E10;5;2026-10-07 07:32:23;2.145
91210009;6 AVENUE DE L'EUROPE;DRAVEIL;48.681401572312;2.4293925471744;R;SP98;6;2026-10-07 07:32:51;2.235
44850002;2 Rue Beau Soleil;SAINT-MARS-DU-DéSERT;47.361;-1.408;R;Gazole;1;2026-10-07 09:38:05;2.309
44850002;2 Rue Beau Soleil;SAINT-MARS-DU-DéSERT;47.361;-1.408;R;SP95;2;2026-10-07 09:38:05;2.179
44850002;2 Rue Beau Soleil;SAINT-MARS-DU-DéSERT;47.361;-1.408;R;SP98;6;2026-10-07 09:38:05;2.209
81160001;6, avenue Alphonse Pacifique;Saint-Juéry;43.9503922196;2.20999332738;R;Gazole;1;2026-10-07 08:04:38;2.34
81160001;6, avenue Alphonse Pacifique;Saint-Juéry;43.9503922196;2.20999332738;R;SP95;2;2026-10-07 08:04:38;2.22
81160001;6, avenue Alphonse Pacifique;Saint-Juéry;43.9503922196;2.20999332738;R;SP98;6;2026-10-07 08:04:38;2.28
56120006;Rue de l'écusson;Josselin;47.961927701655;-2.5451919803739;R;Gazole;1;2026-10-07 09:19:23;2.349
56120006;Rue de l'écusson;Josselin;47.961927701655;-2.5451919803739;R;SP95;2;2026-10-07 09:19:23;2.219
56120006;Rue de l'écusson;Josselin;47.961927701655;-2.5451919803739;R;E10;5;2026-10-07 09:19:23;2.179
78290003;46 RUE DES PONTS;Croissy-sur-Seine;48.875;2.14;R;Gazole;1;2026-10-07 00:01:00;2.25
78290003;46 RUE DES PONTS;Croissy-sur-Seine;48.875;2.14;R;E10;5;2026-10-07 06:55:22;1.99
18000002;CHAUSSE DE CHAPPE;BOURGES;47.093;2.428;R;Gazole;1;2026-10-07 09:03:01;2.299
18000002;CHAUSSE DE CHAPPE;BOURGES;47.093;2.428;R;SP95;2;2026-10-07 09:03:01;2.203
18000002;CHAUSSE DE CHAPPE;BOURGES;47.093;2.428;R;E10;5;2026-10-07 09:03:01;2.159
18000002;CHAUSSE DE CHAPPE;BOURGES;47.093;2.428;R;SP98;6;2026-10-07 09:03:01;2.253
13110003;RN Fos/ Martigues;PORT-DE-BOUC;43.413;5.001;R;Gazole;1;2026-10-07 09:52:43;2.345
13110003;RN Fos/ Martigues;PORT-DE-BOUC;43.413;5.001;R;SP95;2;2026-10-07 09:52:43;2.197
13110003;RN Fos/ Martigues;PORT-DE-BOUC;43.413;5.001;R;E10;5;2026-10-07 09:52:44;2.183
13110003;RN Fos/ Martigues;PORT-DE-BOUC;43.413;5.001;R;SP98;6;2026-10-07 09:52:44;2.262
51430004;Rue Jules Lobet;PIERRY;49.025;3.944;R;Gazole;1;2026-10-07 10:07:00;2.364
51430004;Rue Jules Lobet;PIERRY;49.025;3.944;R;E85;3;2026-10-07 10:07:00;0.884
51430004;Rue Jules Lobet;PIERRY;49.025;3.944;R;GPLc;4;2026-10-07 10:07:00;0.995
51430004;Rue Jules Lobet;PIERRY;49.025;3.944;R;E10;5;2026-10-07 10:07:00;2.144
51430004;Rue Jules Lobet;PIERRY;49.025;3.944;R;SP98;6;2026-10-07 10:07:00;2.248
69340003;autoroute A7;Roussillon;45.406350999999994;4.815803;A;Gazole;1;2026-10-07 09:30:00;2.598
69340003;autoroute A7;Roussillon;45.406350999999994;4.815803;A;E10;5;2026-10-07 09:30:00;2.581
69340003;autoroute A7;Roussillon;45.406350999999994;4.815803;A;SP98;6;2026-10-07 09:30:00;2.731
76770002;163 Rue du Général de Gaulle;LE HOULME;49.512;1.038;R;Gazole;1;2026-10-07 08:37:40;2.299
76770002;163 Rue du Général de Gaulle;LE HOULME;49.512;1.038;R;SP95;2;2026-10-07 08:37:40;2.159
76770002;163 Rue du Général de Gaulle;LE HOULME;49.512;1.038;R;E10;5;2026-10-07 08:37:40;2.109
76770002;163 Rue du Général de Gaulle;LE HOULME;49.512;1.038;R;SP98;6;2026-10-07 08:37:40;2.209
95500012;19 RUE GABRIEL PERI;GONESSE;48.99401;2.42407;R;Gazole;1;2026-10-07 00:01:00;2.25
95500012;19 RUE GABRIEL PERI;GONESSE;48.99401;2.42407;R;E85;3;2026-10-07 00:01:00;0.887
95500012;19 RUE GABRIEL PERI;GONESSE;48.99401;2.42407;R;E10;5;2026-10-07 00:01:00;1.99
95500012;19 RUE GABRIEL PERI;GONESSE;48.99401;2.42407;R;SP98;6;2026-10-07 00:01:00;1.99
92250002;13 Avenue de Verdun-1916;La Garenne-Colombes;48.906;2.236;R;Gazole;1;2026-10-07 07:32:00;2.391
92250002;13 Avenue de Verdun-1916;La Garenne-Colombes;48.906;2.236;R;E85;3;2026-10-07 07:32:00;0.938
92250002;13 Avenue de Verdun-1916;La Garenne-Colombes;48.906;2.236;R;E10;5;2026-10-07 07:32:00;2.182
92250002;13 Avenue de Verdun-1916;La Garenne-Colombes;48.906;2.236;R;SP98;6;2026-10-07 07:32:00;2.316
91100014;AUTOROUTE A6 - AIRE DES LISSES;CORBEIL ESSONNES;48.593070352800005;2.44276477061;A;Gazole;1;2026-10-07 00:01:00;2.25
91100014;AUTOROUTE A6 - AIRE DES LISSES;CORBEIL ESSONNES;48.593070352800005;2.44276477061;A;E85;3;2026-10-07 00:01:00;0.999
91100014;AUTOROUTE A6 - AIRE DES LISSES;CORBEIL ESSONNES;48.593070352800005;2.44276477061;A;GPLc;4;2026-10-07 00:01:00;1.094
91100014;AUTOROUTE A6 - AIRE DES LISSES;CORBEIL ESSONNES;48.593070352800005;2.44276477061;A;E10;5;2026-10-07 00:01:00;1.99
91100014;AUTOROUTE A6 - AIRE DES LISSES;CORBEIL ESSONNES;48.593070352800005;2.44276477061;A;SP98;6;2026-10-07 07:42:37;1.99
52100019;RN4 SENS VITRY NANCY;HALLIGNICOURT;48.642054454094;4.9014666700679;R;Gazole;1;2026-10-07 00:00:00;2.624
77190006;AVENUE DES LYS;Dammarie-les-Lys;48.518;2.628;R;Gazole;1;2026-10-07 09:43:54;2.25
77190006;AVENUE DES LYS;Dammarie-les-Lys;48.518;2.628;R;E10;5;2026-10-07 09:43:54;1.99
77190006;AVENUE DES LYS;Dammarie-les-Lys;48.518;2.628;R;SP98;6;2026-10-07 09:43:54;1.99
92160003;18 Rue Jean Moulin;Antony;48.753;2.308;R;Gazole;1;2026-10-07 07:31:00;2.377
92160003;18 Rue Jean Moulin;Antony;48.753;2.308;R;E85;3;2026-10-07 07:31:00;0.983
92160003;18 Rue Jean Moulin;Antony;48.753;2.308;R;E10;5;2026-10-07 07:31:00;2.175
92160003;18 Rue Jean Moulin;Antony;48.753;2.308;R;SP98;6;2026-10-07 07:31:00;2.306
24110001;Bld De Lattre De Tassigny;SAINT-ASTIER;45.145117111667005;0.52366181364996;R;Gazole;1;2026-10-07 10:09:56;2.266
24110001;Bld De Lattre De Tassigny;SAINT-ASTIER;45.145117111667005;0.52366181364996;R;GPLc;4;2026-10-07 10:09:56;0.999
24110001;Bld De Lattre De Tassigny;SAINT-ASTIER;45.145117111667005;0.52366181364996;R;E10;5;2026-10-07 10:09:56;2.114
66200001;10, Boulevard Jacques Albert;ELNE;42.607;2.977;R;Gazole;1;2026-10-07 08:30:57;2.369
66200001;10, Boulevard Jacques Albert;ELNE;42.607;2.977;R;E10;5;2026-10-07 08:30:58;2.199
66200001;10, Boulevard Jacques Albert;ELNE;42.607;2.977;R;SP98;6;2026-10-07 08:30:58;2.339
91230001;105 Avenue de la République;Montgeron;48.703;2.463;R;Gazole;1;2026-10-07 07:32:00;2.407
91230001;105 Avenue de la République;Montgeron;48.703;2.463;R;E85;3;2026-10-07 07:32:00;0.975
91230001;105 Avenue de la République;Montgeron;48.703;2.463;R;E10;5;2026-10-07 07:32:00;2.192
91230001;105 Avenue de la République;Montgeron;48.703;2.463;R;SP98;6;2026-10-07 07:32:00;2.303
75013025;181, BOULEVARD VINCENT AURIOL;PARIS;48.832;2.359;R;Gazole;1;2026-10-07 00:01:00;2.25
75013025;181, BOULEVARD VINCENT AURIOL;PARIS;48.832;2.359;R;GPLc;4;2026-10-07 00:01:00;1.004
75013025;181, BOULEVARD VINCENT AURIOL;PARIS;48.832;2.359;R;E10;5;2026-10-07 00:01:00;1.99
49124001;360 RUE HAUTE DES BANCHAIS;SAINT BARTHéLéMY D'ANJOU;47.48298;-0.51446;R;Gazole;1;2026-10-07 08:59:23;2.309
24100018;14 rue Durou;Bergerac;44.858;0.482;R;Gazole;1;2026-10-07 10:41:48;2.317
24100018;14 rue Durou;Bergerac;44.858;0.482;R;E10;5;2026-10-07 10:41:48;2.124
24100018;14 rue Durou;Bergerac;44.858;0.482;R;SP98;6;2026-10-07 10:41:48;2.256
9700001;parc commercial de Saint Martin de Peyrelade;Saverdun;43.253;1.565;R;Gazole;1;2026-10-07 08:45:49;2.299
42440009;35 RUE HOLTZER;UNIEUX;45.393322000000005;4.2706740000000005;R;Gazole;1;2026-10-07 00:01:00;2.25
42440009;35 RUE HOLTZER;UNIEUX;45.393322000000005;4.2706740000000005;R;E10;5;2026-10-07 00:01:00;1.99
79208001;58 RUE LEONARD DE VINCI;PARTHENAY;46.649;-0.223;R;Gazole;1;2026-10-07 08:30:00;2.259
28000010;AV FRANCOIS ARAGO;CHARTRES;48.436;1.521;R;Gazole;1;2026-10-07 00:01:00;2.239
28000010;AV FRANCOIS ARAGO;CHARTRES;48.436;1.521;R;E10;5;2026-10-07 00:01:00;1.99
30300010;16, AVENUE DE FARCIENNES;BEAUCAIRE;43.81160258266701;4.6345002259117;R;Gazole;1;2026-10-07 00:01:00;2.25
30300010;16, AVENUE DE FARCIENNES;BEAUCAIRE;43.81160258266701;4.6345002259117;R;E10;5;2026-10-07 00:01:00;1.99
30300010;16, AVENUE DE FARCIENNES;BEAUCAIRE;43.81160258266701;4.6345002259117;R;SP98;6;2026-10-07 00:01:00;1.99
36500002;7 Route de Châteauroux;Buzançais;46.891;1.427;R;Gazole;1;2026-10-07 09:28:24;2.25
36500002;7 Route de Châteauroux;Buzançais;46.891;1.427;R;SP95;2;2026-10-07 09:28:24;1.99
95520004;Chemin des Hayettes;Osny;49.068;2.088;R;Gazole;1;2026-10-07 10:10:00;2.355
95520004;Chemin des Hayettes;Osny;49.068;2.088;R;E85;3;2026-10-07 10:10:00;0.869
95520004;Chemin des Hayettes;Osny;49.068;2.088;R;E10;5;2026-10-07 10:10:00;2.159
95520004;Chemin des Hayettes;Osny;49.068;2.088;R;SP98;6;2026-10-07 10:10:00;2.251
23200002;Z.I du mont rue Ampère;Aubusson;45.964;2.193;R;Gazole;1;2026-10-07 07:30:27;2.309
46000006;Avenue Edouard Herriot;CAHORS;44.436;1.552;R;Gazole;1;2026-10-07 05:09:20;2.396
46000006;Avenue Edouard Herriot;CAHORS;44.436;1.552;R;E85;3;2026-10-07 05:09:20;0.869
46000006;Avenue Edouard Herriot;CAHORS;44.436;1.552;R;E10;5;2026-10-07 05:09:20;2.179
46000006;Avenue Edouard Herriot;CAHORS;44.436;1.552;R;SP98;6;2026-10-07 05:09:20;2.299
77250004;11 Rue de l'Orvanne;Moret-Loing-et-Orvanne;48.369354347807004;2.8275599738244;R;Gazole;1;2026-10-07 11:06:08;2.388
77250004;11 Rue de l'Orvanne;Moret-Loing-et-Orvanne;48.369354347807004;2.8275599738244;R;E10;5;2026-10-07 11:06:08;2.159
77250004;11 Rue de l'Orvanne;Moret-Loing-et-Orvanne;48.369354347807004;2.8275599738244;R;SP98;6;2026-10-07 11:06:09;2.269
42440010;A-89 aire du haut-forez sud;Les Salles;45.85444;3.81064;A;Gazole;1;2026-10-07 08:00:00;2.515
42440010;A-89 aire du haut-forez sud;Les Salles;45.85444;3.81064;A;E85;3;2026-10-07 08:00:00;0.979
42440010;A-89 aire du haut-forez sud;Les Salles;45.85444;3.81064;A;E10;5;2026-10-07 08:00:00;2.299
42440010;A-89 aire du haut-forez sud;Les Salles;45.85444;3.81064;A;SP98;6;2026-10-07 08:00:00;2.363
58000011;4 FAUBOURG DU GRAND MOUESSE;NEVERS;46.99;3.187;R;Gazole;1;2026-10-07 00:01:00;2.25
58000011;4 FAUBOURG DU GRAND MOUESSE;NEVERS;46.99;3.187;R;E85;3;2026-10-07 00:01:00;0.904
58000011;4 FAUBOURG DU GRAND MOUESSE;NEVERS;46.99;3.187;R;E10;5;2026-10-07 00:01:00;1.99
58000011;4 FAUBOURG DU GRAND MOUESSE;NEVERS;46.99;3.187;R;SP98;6;2026-10-07 00:01:00;1.99
92210009;65 QUAI MARCEL DASSAULT;Saint-Cloud;48.855;2.223;R;Gazole;1;2026-10-07 00:01:00;2.25
92210009;65 QUAI MARCEL DASSAULT;Saint-Cloud;48.855;2.223;R;GPLc;4;2026-10-07 00:01:00;1.014
73730008;RN 90;CEVINS;45.474768729990004;6.528103179596201;R;Gazole;1;2026-10-07 06:00:00;2.56
73730008;RN 90;CEVINS;45.474768729990004;6.528103179596201;R;E10;5;2026-10-07 06:00:00;2.36
73730008;RN 90;CEVINS;45.474768729990004;6.528103179596201;R;SP98;6;2026-10-07 06:00:00;2.46
33250004;21 Rue de la République;PAUILLAC;45.201;-0.75;R;Gazole;1;2026-10-07 04:00:00;2.3
22600004;73 Boulevard de Penthièvre;LOUDEAC;48.191;-2.756;R;Gazole;1;2026-10-07 09:17:31;2.28
22600004;73 Boulevard de Penthièvre;LOUDEAC;48.191;-2.756;R;SP95;2;2026-10-07 09:17:31;2.15
22600004;73 Boulevard de Penthièvre;LOUDEAC;48.191;-2.756;R;E10;5;2026-10-07 09:17:31;2.15
89000012;Boulevard de Verdun;AUXERRE;47.809074609693;3.5588100228173;R;Gazole;1;2026-10-07 07:30:00;2.379
89000012;Boulevard de Verdun;AUXERRE;47.809074609693;3.5588100228173;R;E10;5;2026-10-07 07:30:00;2.209
89000012;Boulevard de Verdun;AUXERRE;47.809074609693;3.5588100228173;R;SP98;6;2026-10-07 07:30:00;2.339
60590002;ZAC LA REMIS DU FRIER;Sérifontaine;49.356;1.77;R;Gazole;1;2026-10-07 10:11:55;2.389
60590002;ZAC LA REMIS DU FRIER;Sérifontaine;49.356;1.77;R;SP95;2;2026-10-07 10:11:56;2.289
60590002;ZAC LA REMIS DU FRIER;Sérifontaine;49.356;1.77;R;SP98;6;2026-10-07 10:11:56;2.309
63680001;PARCELLE SECTION A, Lieu dit les Ventadoux;LA TOUR D'AUVERGNE;45.531088809463995;2.697685652596;R;Gazole;1;2026-10-07 09:54:24;2.409
59160006;16 RUE HEGEL;Lille;50.628698518151;3.0174657061534997;R;E10;5;2026-10-07 10:50:34;1.99
51400010;A4 - PARIS STRASBOURG;LES PETITES LOGES;49.12029;4.24286;A;Gazole;1;2026-10-07 00:01:00;2.25
51400010;A4 - PARIS STRASBOURG;LES PETITES LOGES;49.12029;4.24286;A;E85;3;2026-10-07 00:01:00;0.999
51400010;A4 - PARIS STRASBOURG;LES PETITES LOGES;49.12029;4.24286;A;GPLc;4;2026-10-07 00:01:00;1.109
51400010;A4 - PARIS STRASBOURG;LES PETITES LOGES;49.12029;4.24286;A;E10;5;2026-10-07 00:01:00;1.99
51400010;A4 - PARIS STRASBOURG;LES PETITES LOGES;49.12029;4.24286;A;SP98;6;2026-10-07 00:01:00;1.99
47400002;Avenue Pierre Mendes France;TONNEINS;44.4;0.299;R;Gazole;1;2026-10-07 10:51:00;2.348
47400002;Avenue Pierre Mendes France;TONNEINS;44.4;0.299;R;SP95;2;2026-10-07 10:51:00;2.244
47400002;Avenue Pierre Mendes France;TONNEINS;44.4;0.299;R;E85;3;2026-10-07 10:51:00;0.869
47400002;Avenue Pierre Mendes France;TONNEINS;44.4;0.299;R;GPLc;4;2026-10-07 10:51:00;1.19
47400002;Avenue Pierre Mendes France;TONNEINS;44.4;0.299;R;E10;5;2026-10-07 10:51:00;2.196
47400002;Avenue Pierre Mendes France;TONNEINS;44.4;0.299;R;SP98;6;2026-10-07 10:51:00;2.306
3000003;2 Rue Alphonse Daudet;Avermes;46.587;3.315;R;Gazole;1;2026-10-07 08:52:35;2.369
43320003;2 route RN 102, Limandre;Vazeilles-Limandre;45.119;3.73;R;Gazole;1;2026-10-07 09:21:24;2.25
43320003;2 route RN 102, Limandre;Vazeilles-Limandre;45.119;3.73;R;E10;5;2026-10-07 09:21:24;1.99
43320003;2 route RN 102, Limandre;Vazeilles-Limandre;45.119;3.73;R;SP98;6;2026-10-07 09:21:24;1.99
30130004;Avenue Gaston Doumergue;Pont-Saint-Esprit;44.255;4.646;R;Gazole;1;2026-10-07 11:07:33;2.359
30130004;Avenue Gaston Doumergue;Pont-Saint-Esprit;44.255;4.646;R;SP95;2;2026-10-07 11:07:33;2.209
30130004;Avenue Gaston Doumergue;Pont-Saint-Esprit;44.255;4.646;R;E85;3;2026-10-07 11:07:33;0.869
30130004;Avenue Gaston Doumergue;Pont-Saint-Esprit;44.255;4.646;R;SP98;6;2026-10-07 11:07:33;2.259
35480001;35 Avenue du Port;GUIPRY;47.824;-1.837;R;Gazole;1;2026-10-07 07:43:06;2.289
62830002;route de Desvres;Samer;50.639;1.759;R;Gazole;1;2026-10-07 08:23:01;2.319
62830002;route de Desvres;Samer;50.639;1.759;R;SP95;2;2026-10-07 08:23:01;2.179
62830002;route de Desvres;Samer;50.639;1.759;R;E85;3;2026-10-07 08:23:01;0.859
62830002;route de Desvres;Samer;50.639;1.759;R;E10;5;2026-10-07 08:23:01;2.139
33390003;Route de Bordeaux;BLAYE;45.127;-0.643;R;Gazole;1;2026-10-07 10:50:00;2.329
33390003;Route de Bordeaux;BLAYE;45.127;-0.643;R;E85;3;2026-10-07 10:50:00;0.804
33390003;Route de Bordeaux;BLAYE;45.127;-0.643;R;E10;5;2026-10-07 10:50:00;2.109
33390003;Route de Bordeaux;BLAYE;45.127;-0.643;R;SP98;6;2026-10-07 10:50:00;2.279
40800006;Chemin de Perrot;Aire-sur-l'Adour;43.717;-0.269;R;Gazole;1;2026-10-07 10:53:00;2.389
40800006;Chemin de Perrot;Aire-sur-l'Adour;43.717;-0.269;R;E85;3;2026-10-07 10:53:00;0.929
40800006;Chemin de Perrot;Aire-sur-l'Adour;43.717;-0.269;R;GPLc;4;2026-10-07 10:53:00;1.082
40800006;Chemin de Perrot;Aire-sur-l'Adour;43.717;-0.269;R;E10;5;2026-10-07 10:53:00;2.178
40800006;Chemin de Perrot;Aire-sur-l'Adour;43.717;-0.269;R;SP98;6;2026-10-07 10:53:00;2.288
77230004;Route de Vémars;MOUSSY-LE-NEUF;49.063937303429;2.5970100173608;R;Gazole;1;2026-10-07 08:42:55;2.274
77230004;Route de Vémars;MOUSSY-LE-NEUF;49.063937303429;2.5970100173608;R;SP95;2;2026-10-07 08:42:55;2.186
77230004;Route de Vémars;MOUSSY-LE-NEUF;49.063937303429;2.5970100173608;R;SP98;6;2026-10-07 08:42:55;2.244
94000010;AUTOROUTE A86 CARRE.POMPADOUR;Créteil;48.777365166952;2.4409142048333;A;Gazole;1;2026-10-07 00:01:00;2.25
94000010;AUTOROUTE A86 CARRE.POMPADOUR;Créteil;48.777365166952;2.4409142048333;A;E85;3;2026-10-07 00:01:00;0.904
94000010;AUTOROUTE A86 CARRE.POMPADOUR;Créteil;48.777365166952;2.4409142048333;A;GPLc;4;2026-10-07 00:01:00;1.029
94000010;AUTOROUTE A86 CARRE.POMPADOUR;Créteil;48.777365166952;2.4409142048333;A;E10;5;2026-10-07 00:01:00;1.99
78200012;48 BD ROGER SALENGRO;Mantes-la-Ville;48.983;1.698;R;Gazole;1;2026-10-07 00:01:00;2.25
78200012;48 BD ROGER SALENGRO;Mantes-la-Ville;48.983;1.698;R;E85;3;2026-10-07 00:01:00;0.892
78200012;48 BD ROGER SALENGRO;Mantes-la-Ville;48.983;1.698;R;E10;5;2026-10-07 00:01:00;1.99
78200012;48 BD ROGER SALENGRO;Mantes-la-Ville;48.983;1.698;R;SP98;6;2026-10-07 00:01:00;1.99
78310007;222/224 ROUTE NATIONALE 10;Coignières;48.744;1.915;R;Gazole;1;2026-10-07 00:01:00;2.25
78310007;222/224 ROUTE NATIONALE 10;Coignières;48.744;1.915;R;E10;5;2026-10-07 00:01:00;1.99
78310007;222/224 ROUTE NATIONALE 10;Coignières;48.744;1.915;R;SP98;6;2026-10-07 00:01:00;1.99
73182003;AIRE DE MOUXY;MOUXY;45.67436;5.929938000000001;A;Gazole;1;2026-10-07 08:30:00;2.669
73182003;AIRE DE MOUXY;MOUXY;45.67436;5.929938000000001;A;GPLc;4;2026-10-07 08:30:00;1.149
73182003;AIRE DE MOUXY;MOUXY;45.67436;5.929938000000001;A;E10;5;2026-10-07 08:30:00;2.469
73182003;AIRE DE MOUXY;MOUXY;45.67436;5.929938000000001;A;SP98;6;2026-10-07 08:30:00;2.569
4700006;AVENUE FLOURENS AILLAUD;Oraison;43.912383289938;5.9157381351348;R;Gazole;1;2026-10-07 06:00:00;2.299
4700006;AVENUE FLOURENS AILLAUD;Oraison;43.912383289938;5.9157381351348;R;E10;5;2026-10-07 06:00:00;2.159
4700006;AVENUE FLOURENS AILLAUD;Oraison;43.912383289938;5.9157381351348;R;SP98;6;2026-10-07 06:00:00;2.279
37700010;76, QUAI DE LA LOIRE;ST PIERRE DES CORPS;47.39668;0.71715;R;Gazole;1;2026-10-07 09:57:13;2.25
37700010;76, QUAI DE LA LOIRE;ST PIERRE DES CORPS;47.39668;0.71715;R;E85;3;2026-10-07 00:01:00;0.895
37700010;76, QUAI DE LA LOIRE;ST PIERRE DES CORPS;47.39668;0.71715;R;GPLc;4;2026-10-07 00:01:00;0.944
37700010;76, QUAI DE LA LOIRE;ST PIERRE DES CORPS;47.39668;0.71715;R;E10;5;2026-10-07 09:57:14;1.99
37700010;76, QUAI DE LA LOIRE;ST PIERRE DES CORPS;47.39668;0.71715;R;SP98;6;2026-10-07 09:57:14;1.99
80200007;AVENUE DE L EUROPE;PERONNE;49.939;2.926;R;Gazole;1;2026-10-07 09:12:12;2.319
6190011;Avenue de la côte d'Azur, 83;ROQUEBRUNE CAP MARTIN;43.762348422213;7.457574677783099;R;Gazole;1;2026-10-07 06:00:00;2.599
6190011;Avenue de la côte d'Azur, 83;ROQUEBRUNE CAP MARTIN;43.762348422213;7.457574677783099;R;E10;5;2026-10-07 06:00:00;2.349
6190011;Avenue de la côte d'Azur, 83;ROQUEBRUNE CAP MARTIN;43.762348422213;7.457574677783099;R;SP98;6;2026-10-07 06:00:00;2.449
52100016;ROUTE NATIONALE 4 - LIEU DIT 'LA BOBOTTE';HALLIGNICOURT;48.648;4.867;R;Gazole;1;2026-10-07 00:01:00;2.25
52100016;ROUTE NATIONALE 4 - LIEU DIT 'LA BOBOTTE';HALLIGNICOURT;48.648;4.867;R;E10;5;2026-10-07 00:01:00;1.99
52100016;ROUTE NATIONALE 4 - LIEU DIT 'LA BOBOTTE';HALLIGNICOURT;48.648;4.867;R;SP98;6;2026-10-07 00:01:00;1.99
6800018;81 AV. DE LA GARE CD 36;Cagnes-sur-Mer;43.66223;7.14933;R;Gazole;1;2026-10-07 00:01:00;2.25
6800018;81 AV. DE LA GARE CD 36;Cagnes-sur-Mer;43.66223;7.14933;R;E10;5;2026-10-07 00:01:00;1.99
6800018;81 AV. DE LA GARE CD 36;Cagnes-sur-Mer;43.66223;7.14933;R;SP98;6;2026-10-07 00:01:00;1.99
75013024;114 BD DE L HOPITAL;PARIS;48.835;2.358;R;Gazole;1;2026-10-07 00:01:00;2.25
75013024;114 BD DE L HOPITAL;PARIS;48.835;2.358;R;E10;5;2026-10-07 00:01:00;1.99
75013024;114 BD DE L HOPITAL;PARIS;48.835;2.358;R;SP98;6;2026-10-07 00:01:00;1.99
77350005;AV MAURICE DAUVERGNE;LE MEE SUR SEINE;48.5430139632;2.63315746474;R;Gazole;1;2026-10-07 00:01:00;2.25
77350005;AV MAURICE DAUVERGNE;LE MEE SUR SEINE;48.5430139632;2.63315746474;R;E10;5;2026-10-07 00:01:00;1.99
77350005;AV MAURICE DAUVERGNE;LE MEE SUR SEINE;48.5430139632;2.63315746474;R;SP98;6;2026-10-07 00:01:00;1.99
91940008;1 AV DE L OCEANIE ZAC COURTABOEU;LES ULIS;48.678;2.199;R;Gazole;1;2026-10-07 00:01:00;2.25
91940008;1 AV DE L OCEANIE ZAC COURTABOEU;LES ULIS;48.678;2.199;R;E85;3;2026-10-07 00:01:00;0.895
91940008;1 AV DE L OCEANIE ZAC COURTABOEU;LES ULIS;48.678;2.199;R;GPLc;4;2026-10-07 00:01:00;0.999
91940008;1 AV DE L OCEANIE ZAC COURTABOEU;LES ULIS;48.678;2.199;R;E10;5;2026-10-07 00:01:00;1.99
33170010;A 630 AIRE DE THOUARS;GRADIGNAN;44.786;-0.595;A;Gazole;1;2026-10-07 06:00:00;2.499
33170010;A 630 AIRE DE THOUARS;GRADIGNAN;44.786;-0.595;A;E85;3;2026-10-07 06:00:00;0.999
33170010;A 630 AIRE DE THOUARS;GRADIGNAN;44.786;-0.595;A;GPLc;4;2026-10-07 06:00:00;1.099
33170010;A 630 AIRE DE THOUARS;GRADIGNAN;44.786;-0.595;A;E10;5;2026-10-07 06:00:00;2.299
33170010;A 630 AIRE DE THOUARS;GRADIGNAN;44.786;-0.595;A;SP98;6;2026-10-07 06:00:00;2.399
59113011;A1 Aire de Phalempin Ouest;SECLIN;50.532;3.046;A;Gazole;1;2026-10-07 07:32:00;2.331
59113011;A1 Aire de Phalempin Ouest;SECLIN;50.532;3.046;A;E85;3;2026-10-07 07:32:00;0.968
59113011;A1 Aire de Phalempin Ouest;SECLIN;50.532;3.046;A;GPLc;4;2026-10-07 07:32:00;1.022
59113011;A1 Aire de Phalempin Ouest;SECLIN;50.532;3.046;A;E10;5;2026-10-07 07:32:00;2.068
59113011;A1 Aire de Phalempin Ouest;SECLIN;50.532;3.046;A;SP98;6;2026-10-07 07:32:00;2.168
36400001;AVENUE D'AUVERGNE;LA CHâTRE;46.582;2.001;R;Gazole;1;2026-10-07 08:13:34;2.349
36400001;AVENUE D'AUVERGNE;LA CHâTRE;46.582;2.001;R;SP95;2;2026-10-07 08:13:35;2.217
36400001;AVENUE D'AUVERGNE;LA CHâTRE;46.582;2.001;R;E10;5;2026-10-07 08:13:35;2.187
36400001;AVENUE D'AUVERGNE;LA CHâTRE;46.582;2.001;R;SP98;6;2026-10-07 08:13:35;2.248
82000016;340 ROUTE DE BORDEAUX;MONTAUBAN;44.026;1.332;R;Gazole;1;2026-10-07 00:01:00;2.25
12200004;LIEU DIT BERNUSSOU;VILLEFRANCHE-DE-ROUERGUE;44.359;1.997;R;Gazole;1;2026-10-07 08:53:04;2.279
74140006;LES BLOSSONNIERS ROUTE DES VOIRONS;VEIGY-FONCENEX;46.2702266;6.2570071;R;Gazole;1;2026-10-07 00:01:00;2.329
88200006;La Chaume;Saint-Étienne-lès-Remiremont;48.017;6.615;R;Gazole;1;2026-10-07 09:41:00;2.358
88200006;La Chaume;Saint-Étienne-lès-Remiremont;48.017;6.615;R;GPLc;4;2026-10-07 09:41:00;1.048
88200006;La Chaume;Saint-Étienne-lès-Remiremont;48.017;6.615;R;E10;5;2026-10-07 09:41:00;2.198
88200006;La Chaume;Saint-Étienne-lès-Remiremont;48.017;6.615;R;SP98;6;2026-10-07 09:41:00;2.324
95470008;AUT A1 Aire de Vémars Ouest;VEMARS;49.071;2.551;A;Gazole;1;2026-10-07 09:30:00;2.445
95470008;AUT A1 Aire de Vémars Ouest;VEMARS;49.071;2.551;A;E10;5;2026-10-07 09:30:00;2.259
95470008;AUT A1 Aire de Vémars Ouest;VEMARS;49.071;2.551;A;SP98;6;2026-10-07 09:30:00;2.353
78560004;4 AVENUE SIMON VOUET;Le Port-Marly;48.878;2.115;R;Gazole;1;2026-10-07 00:01:00;2.25
78560004;4 AVENUE SIMON VOUET;Le Port-Marly;48.878;2.115;R;E10;5;2026-10-07 00:01:00;1.99
67260007;AUTOROUTE A4 - AIRE DE KESKASTEL EST;KESKASTEL;48.97188;7.06906;A;Gazole;1;2026-10-07 00:01:00;2.25
67260007;AUTOROUTE A4 - AIRE DE KESKASTEL EST;KESKASTEL;48.97188;7.06906;A;GPLc;4;2026-10-07 00:01:00;1.109
67260007;AUTOROUTE A4 - AIRE DE KESKASTEL EST;KESKASTEL;48.97188;7.06906;A;E10;5;2026-10-07 00:01:00;1.99
67260007;AUTOROUTE A4 - AIRE DE KESKASTEL EST;KESKASTEL;48.97188;7.06906;A;SP98;6;2026-10-07 00:01:00;1.99
95110007;82 BLD GABRIEL PERI;SANNOIS;48.963;2.26;R;Gazole;1;2026-10-07 06:52:59;2.25
95110007;82 BLD GABRIEL PERI;SANNOIS;48.963;2.26;R;E10;5;2026-10-07 06:52:59;1.99
80120004;28/30 RUE PORTE DE BECRAY;RUE;50.271;1.669;R;Gazole;1;2026-10-07 08:36:52;2.342
80120004;28/30 RUE PORTE DE BECRAY;RUE;50.271;1.669;R;E10;5;2026-10-07 08:36:52;2.175
80120004;28/30 RUE PORTE DE BECRAY;RUE;50.271;1.669;R;SP98;6;2026-10-07 08:36:53;2.27
76190003;261, Avenue René COTY;Sainte-Marie-des-Champs;49.626;0.788;R;Gazole;1;2026-10-07 09:17:17;2.339
76190003;261, Avenue René COTY;Sainte-Marie-des-Champs;49.626;0.788;R;E10;5;2026-10-07 09:17:17;2.259
79230005;AUTOROUTE A10 - AIRE DE POITOU CHARENTE;VOUILLE;46.297;-0.372;A;Gazole;1;2026-10-07 00:01:00;2.25
79230005;AUTOROUTE A10 - AIRE DE POITOU CHARENTE;VOUILLE;46.297;-0.372;A;GPLc;4;2026-10-07 00:01:00;1.114
79230005;AUTOROUTE A10 - AIRE DE POITOU CHARENTE;VOUILLE;46.297;-0.372;A;E10;5;2026-10-07 00:01:00;1.99
79230005;AUTOROUTE A10 - AIRE DE POITOU CHARENTE;VOUILLE;46.297;-0.372;A;SP98;6;2026-10-07 00:01:00;1.99
85340003;87 Avenue François Mitterand;Olonne-sur-Mer;46.514;-1.778;R;Gazole;1;2026-10-07 10:00:00;2.288
85340003;87 Avenue François Mitterand;Olonne-sur-Mer;46.514;-1.778;R;E85;3;2026-10-07 10:00:00;0.82
85340003;87 Avenue François Mitterand;Olonne-sur-Mer;46.514;-1.778;R;E10;5;2026-10-07 10:00:00;2.099
85340003;87 Avenue François Mitterand;Olonne-sur-Mer;46.514;-1.778;R;SP98;6;2026-10-07 10:00:00;2.219
57855003;A4 Aire De Metz;SAINT-PRIVAT-LA-MONTAGNE;49.179233365615;6.053616014722301;A;Gazole;1;2026-10-07 09:30:00;2.435
57855003;A4 Aire De Metz;SAINT-PRIVAT-LA-MONTAGNE;49.179233365615;6.053616014722301;A;E10;5;2026-10-07 09:30:00;2.259
57855003;A4 Aire De Metz;SAINT-PRIVAT-LA-MONTAGNE;49.179233365615;6.053616014722301;A;SP98;6;2026-10-07 09:30:00;2.353
26190001;Route de Saint-Thomas;Saint-Laurent-en-Royans;45.033;5.309;R;Gazole;1;2026-10-07 08:42:46;2.35
26190001;Route de Saint-Thomas;Saint-Laurent-en-Royans;45.033;5.309;R;SP95;2;2026-10-07 08:43:02;2.229
52100018;RN4 sens nancy-paris;Hallignicourt;48.642435001387994;4.9026566657231;R;Gazole;1;2026-10-07 09:30:00;2.624
1120008;AUTOROUTE A42 - AIRE DE LYON MONTUEL;DAGNEUX;45.847;5.074;A;Gazole;1;2026-10-07 00:01:00;2.25
1120008;AUTOROUTE A42 - AIRE DE LYON MONTUEL;DAGNEUX;45.847;5.074;A;E85;3;2026-10-07 00:01:00;0.999
1120008;AUTOROUTE A42 - AIRE DE LYON MONTUEL;DAGNEUX;45.847;5.074;A;E10;5;2026-10-07 00:01:00;1.99
1120008;AUTOROUTE A42 - AIRE DE LYON MONTUEL;DAGNEUX;45.847;5.074;A;SP98;6;2026-10-07 00:01:00;1.99
81500004;ROUTE DE SAINT SULPICE;LAVAUR;43.704;1.8;R;Gazole;1;2026-10-07 09:53:27;2.345
81500004;ROUTE DE SAINT SULPICE;LAVAUR;43.704;1.8;R;SP98;6;2026-10-07 09:53:27;2.279
94003002;AUTOROUTE A86 AIRE DE CARREFOUR POMPADOUR;Créteil;48.77982431969;2.4408683431092;A;Gazole;1;2026-10-07 00:01:00;2.25
94003002;AUTOROUTE A86 AIRE DE CARREFOUR POMPADOUR;Créteil;48.77982431969;2.4408683431092;A;E85;3;2026-10-07 00:01:00;0.899
94003002;AUTOROUTE A86 AIRE DE CARREFOUR POMPADOUR;Créteil;48.77982431969;2.4408683431092;A;GPLc;4;2026-10-07 00:01:00;1.059
94003002;AUTOROUTE A86 AIRE DE CARREFOUR POMPADOUR;Créteil;48.77982431969;2.4408683431092;A;E10;5;2026-10-07 00:01:00;1.99
94003002;AUTOROUTE A86 AIRE DE CARREFOUR POMPADOUR;Créteil;48.77982431969;2.4408683431092;A;SP98;6;2026-10-07 00:01:00;1.99
6200026;217 PROMENADE DES ANGLAIS;NICE;43.68588;7.23677;R;Gazole;1;2026-10-07 00:01:00;2.25
6200026;217 PROMENADE DES ANGLAIS;NICE;43.68588;7.23677;R;E10;5;2026-10-07 00:01:00;1.99
6200026;217 PROMENADE DES ANGLAIS;NICE;43.68588;7.23677;R;SP98;6;2026-10-07 00:01:00;1.99
16100008;43 PLACE DE LA CORDERIE;COGNAC;45.69309;-0.32722;R;Gazole;1;2026-10-07 07:30:37;2.25
16100008;43 PLACE DE LA CORDERIE;COGNAC;45.69309;-0.32722;R;E10;5;2026-10-07 07:30:37;1.99
16100008;43 PLACE DE LA CORDERIE;COGNAC;45.69309;-0.32722;R;SP98;6;2026-10-07 07:30:37;1.99
21200005;Rue Gustave Eiffel;BEAUNE;47.042;4.844;R;Gazole;1;2026-10-07 09:41:00;2.299
21200005;Rue Gustave Eiffel;BEAUNE;47.042;4.844;R;E10;5;2026-10-07 09:41:00;2.197
21200005;Rue Gustave Eiffel;BEAUNE;47.042;4.844;R;SP98;6;2026-10-07 09:41:00;2.288
93800005;159 Route de Saint-Leu;EPINAY SUR SEINE;48.954;2.335;R;Gazole;1;2026-10-07 10:06:00;2.374
93800005;159 Route de Saint-Leu;EPINAY SUR SEINE;48.954;2.335;R;E85;3;2026-10-07 10:06:00;0.868
93800005;159 Route de Saint-Leu;EPINAY SUR SEINE;48.954;2.335;R;E10;5;2026-10-07 10:06:00;2.163
93800005;159 Route de Saint-Leu;EPINAY SUR SEINE;48.954;2.335;R;SP98;6;2026-10-07 10:06:00;2.294
13100014;122 COURS GAMBETTA;Aix-en-Provence;43.520864167099994;5.45900219773;R;Gazole;1;2026-10-07 00:01:00;2.25
13100014;122 COURS GAMBETTA;Aix-en-Provence;43.520864167099994;5.45900219773;R;E85;3;2026-10-07 00:01:00;0.909
56000009;BOULEVARD DE LA PAIX;VANNES;47.661;-2.755;R;Gazole;1;2026-10-07 00:01:00;2.25
56000009;BOULEVARD DE LA PAIX;VANNES;47.661;-2.755;R;E85;3;2026-10-07 00:01:00;0.899
12000010;10 bis Avenue de la Gineste;Rodez;44.362;2.572;R;Gazole;1;2026-10-07 10:51:00;2.329
12000010;10 bis Avenue de la Gineste;Rodez;44.362;2.572;R;E85;3;2026-10-07 10:51:00;0.879
12000010;10 bis Avenue de la Gineste;Rodez;44.362;2.572;R;E10;5;2026-10-07 10:51:00;2.199
12000010;10 bis Avenue de la Gineste;Rodez;44.362;2.572;R;SP98;6;2026-10-07 10:51:00;2.299
76950002;HAMEAU DES HAUT CHAMPS;LES GRANDES VENTES;49.7895378062;1.21887113953;R;Gazole;1;2026-10-07 09:24:56;2.399
76950002;HAMEAU DES HAUT CHAMPS;LES GRANDES VENTES;49.7895378062;1.21887113953;R;SP95;2;2026-10-07 09:24:56;2.199
93120004;AUTOROUTE A1 - AIRE DE LA COURNEUVE EST;LA COURNEUVE;48.934;2.39;A;Gazole;1;2026-10-07 00:01:00;2.25
93120004;AUTOROUTE A1 - AIRE DE LA COURNEUVE EST;LA COURNEUVE;48.934;2.39;A;E85;3;2026-10-07 00:01:00;0.969
93120004;AUTOROUTE A1 - AIRE DE LA COURNEUVE EST;LA COURNEUVE;48.934;2.39;A;GPLc;4;2026-10-07 00:01:00;1.049
93120004;AUTOROUTE A1 - AIRE DE LA COURNEUVE EST;LA COURNEUVE;48.934;2.39;A;E10;5;2026-10-07 00:01:00;1.99
25640007;AUTOROUTE A36 - AIRE DE BESANCON MARCHAUX;MARCHAUX;47.32512;6.11672;A;Gazole;1;2026-10-07 00:01:00;2.25
25640007;AUTOROUTE A36 - AIRE DE BESANCON MARCHAUX;MARCHAUX;47.32512;6.11672;A;E85;3;2026-10-07 00:01:00;0.999
25640007;AUTOROUTE A36 - AIRE DE BESANCON MARCHAUX;MARCHAUX;47.32512;6.11672;A;GPLc;4;2026-10-07 00:01:00;1.088
25640007;AUTOROUTE A36 - AIRE DE BESANCON MARCHAUX;MARCHAUX;47.32512;6.11672;A;E10;5;2026-10-07 00:01:00;1.99
25640007;AUTOROUTE A36 - AIRE DE BESANCON MARCHAUX;MARCHAUX;47.32512;6.11672;A;SP98;6;2026-10-07 00:01:00;1.99
72140001;ROUTE DU MANS;SAINT-RéMY-DE-SILLé;48.181243877499995;-0.12340474894799999;R;Gazole;1;2026-10-07 07:17:47;2.359
72140001;ROUTE DU MANS;SAINT-RéMY-DE-SILLé;48.181243877499995;-0.12340474894799999;R;SP95;2;2026-10-07 07:17:47;2.205
72140001;ROUTE DU MANS;SAINT-RéMY-DE-SILLé;48.181243877499995;-0.12340474894799999;R;E10;5;2026-10-07 07:17:47;2.149
72140001;ROUTE DU MANS;SAINT-RéMY-DE-SILLé;48.181243877499995;-0.12340474894799999;R;SP98;6;2026-10-07 07:17:47;2.25
87220002;ROUTE DE TOULOUSE;BOISSEUIL;45.78;1.306;R;Gazole;1;2026-10-07 00:46:00;2.347
87220002;ROUTE DE TOULOUSE;BOISSEUIL;45.78;1.306;R;SP95;2;2026-10-07 00:46:00;2.201
87220002;ROUTE DE TOULOUSE;BOISSEUIL;45.78;1.306;R;E85;3;2026-10-07 00:46:00;0.845
87220002;ROUTE DE TOULOUSE;BOISSEUIL;45.78;1.306;R;E10;5;2026-10-07 00:46:00;2.133
87220002;ROUTE DE TOULOUSE;BOISSEUIL;45.78;1.306;R;SP98;6;2026-10-07 00:46:00;2.261
16430005;RN 10 - LES CHAUVAUDS;CHAMPNIERS;45.701;0.182;R;Gazole;1;2026-10-07 00:01:00;2.243
16430005;RN 10 - LES CHAUVAUDS;CHAMPNIERS;45.701;0.182;R;E10;5;2026-10-07 00:01:00;1.99
69100032;112 B, RUE LEON BLUM;Villeurbanne;45.76;4.901;R;Gazole;1;2026-10-07 06:00:00;2.499
69100032;112 B, RUE LEON BLUM;Villeurbanne;45.76;4.901;R;E10;5;2026-10-07 06:00:00;2.299
69100032;112 B, RUE LEON BLUM;Villeurbanne;45.76;4.901;R;SP98;6;2026-10-07 06:00:00;2.399
75018014;32 AVENUE DE LA PORTE DE ST OUEN;PARIS;48.899525999474;2.3298743609466;R;Gazole;1;2026-10-07 00:01:00;2.25
91300020;40 ROUTE DE PALAISEAU;MASSY;48.72852;2.24518;R;Gazole;1;2026-10-07 00:01:00;2.25
91300020;40 ROUTE DE PALAISEAU;MASSY;48.72852;2.24518;R;E10;5;2026-10-07 09:34:12;1.99
78160002;120, ROUTE DE VERSAILLES;Marly-le-Roi;48.872;2.105;R;Gazole;1;2026-10-07 00:01:00;2.25
37800006;AUTOROUTE A10 - AIRE DE SAINTE MAURE DE TOURAINE;Saint-Épain;47.16719;0.6305;A;Gazole;1;2026-10-07 00:01:00;2.25
37800006;AUTOROUTE A10 - AIRE DE SAINTE MAURE DE TOURAINE;Saint-Épain;47.16719;0.6305;A;E85;3;2026-10-07 00:01:00;0.999
37800006;AUTOROUTE A10 - AIRE DE SAINTE MAURE DE TOURAINE;Saint-Épain;47.16719;0.6305;A;GPLc;4;2026-10-07 00:01:00;1.094
37800006;AUTOROUTE A10 - AIRE DE SAINTE MAURE DE TOURAINE;Saint-Épain;47.16719;0.6305;A;E10;5;2026-10-07 00:01:00;1.99
37800006;AUTOROUTE A10 - AIRE DE SAINTE MAURE DE TOURAINE;Saint-Épain;47.16719;0.6305;A;SP98;6;2026-10-07 00:01:00;1.99
34370001;ROUTE DE BEZIERS;CAZOULS-LèS-BéZIERS;43.387;3.11;R;Gazole;1;2026-10-07 08:53:17;2.314
34370001;ROUTE DE BEZIERS;CAZOULS-LèS-BéZIERS;43.387;3.11;R;SP95;2;2026-10-07 08:53:17;2.223
34370001;ROUTE DE BEZIERS;CAZOULS-LèS-BéZIERS;43.387;3.11;R;E85;3;2026-10-07 08:53:17;0.876
34370001;ROUTE DE BEZIERS;CAZOULS-LèS-BéZIERS;43.387;3.11;R;E10;5;2026-10-07 08:53:17;2.184
21230007;10 bis rue Claude Guyot;Arnay-le-Duc;47.129058;4.4888509999999995;R;Gazole;1;2026-10-07 07:00:00;2.449
21230007;10 bis rue Claude Guyot;Arnay-le-Duc;47.129058;4.4888509999999995;R;E10;5;2026-10-07 07:00:00;2.229
21230007;10 bis rue Claude Guyot;Arnay-le-Duc;47.129058;4.4888509999999995;R;SP98;6;2026-10-07 07:00:00;2.329
95190006;182, RUE ALBERT SARRAUT;GOUSSAINVILLE;49.038;2.455;R;Gazole;1;2026-10-07 00:01:00;2.25
95190006;182, RUE ALBERT SARRAUT;GOUSSAINVILLE;49.038;2.455;R;E10;5;2026-10-07 00:01:00;1.99
65429001;Route de Pau;IBOS;43.239;0.018;R;Gazole;1;2026-10-07 10:51:00;2.367
65429001;Route de Pau;IBOS;43.239;0.018;R;SP95;2;2026-10-07 10:51:00;2.207
65429001;Route de Pau;IBOS;43.239;0.018;R;E85;3;2026-10-07 10:51:00;0.959
65429001;Route de Pau;IBOS;43.239;0.018;R;GPLc;4;2026-10-07 10:51:00;1.285
65429001;Route de Pau;IBOS;43.239;0.018;R;E10;5;2026-10-07 10:51:00;2.165
65429001;Route de Pau;IBOS;43.239;0.018;R;SP98;6;2026-10-07 10:51:00;2.259
49450001;ZC LES ALOUETTES;SAINT-MACAIRE-EN-MAUGES;47.114305886000004;-0.991832348626;R;Gazole;1;2026-10-07 09:58:54;2.285
49450001;ZC LES ALOUETTES;SAINT-MACAIRE-EN-MAUGES;47.114305886000004;-0.991832348626;R;E10;5;2026-10-07 09:58:55;2.098
49450001;ZC LES ALOUETTES;SAINT-MACAIRE-EN-MAUGES;47.114305886000004;-0.991832348626;R;SP98;6;2026-10-07 09:58:55;2.228
17138007;RN. 11 / SENS NIORT - LA ROCHELL;PUILBOREAU;46.177;-1.103;R;Gazole;1;2026-10-07 00:01:00;2.243
17138007;RN. 11 / SENS NIORT - LA ROCHELL;PUILBOREAU;46.177;-1.103;R;E10;5;2026-10-07 00:01:00;1.99
17138007;RN. 11 / SENS NIORT - LA ROCHELL;PUILBOREAU;46.177;-1.103;R;SP98;6;2026-10-07 00:01:00;1.99
77340007;N104 LA FRANCILIENNE - AIRE PRE DE L'AULNES ET DE LA GDE MAR;PONTAULT COMBAULT;48.816;2.623;R;Gazole;1;2026-10-07 00:01:00;2.25
77340007;N104 LA FRANCILIENNE - AIRE PRE DE L'AULNES ET DE LA GDE MAR;PONTAULT COMBAULT;48.816;2.623;R;E85;3;2026-10-07 00:01:00;0.898
77340007;N104 LA FRANCILIENNE - AIRE PRE DE L'AULNES ET DE LA GDE MAR;PONTAULT COMBAULT;48.816;2.623;R;GPLc;4;2026-10-07 00:01:00;0.973
77340007;N104 LA FRANCILIENNE - AIRE PRE DE L'AULNES ET DE LA GDE MAR;PONTAULT COMBAULT;48.816;2.623;R;E10;5;2026-10-07 00:01:00;1.99
66100002;294, AVENUE D'ARGELES SUR MER;PERPIGNAN;42.682;2.911;R;Gazole;1;2026-10-07 00:01:00;2.25
66100002;294, AVENUE D'ARGELES SUR MER;PERPIGNAN;42.682;2.911;R;E85;3;2026-10-07 00:01:00;0.918
66100002;294, AVENUE D'ARGELES SUR MER;PERPIGNAN;42.682;2.911;R;E10;5;2026-10-07 00:01:00;1.99
39700014;8 route Nationale 73;Ranchot;47.151;5.727;R;Gazole;1;2026-10-07 05:24:30;2.25
39700014;8 route Nationale 73;Ranchot;47.151;5.727;R;SP95;2;2026-10-07 05:24:30;1.99
39700014;8 route Nationale 73;Ranchot;47.151;5.727;R;SP98;6;2026-10-07 05:24:30;1.99
35113002;Rue Saint-Pierre;Domagné;48.073;-1.396;R;Gazole;1;2026-10-07 07:53:15;2.379
35113002;Rue Saint-Pierre;Domagné;48.073;-1.396;R;SP95;2;2026-10-07 07:53:15;2.229
35113002;Rue Saint-Pierre;Domagné;48.073;-1.396;R;SP98;6;2026-10-07 07:53:16;2.279
67230006;ROUTE DE LYON - RD-1083;HUTTENHEIM;48.362;7.573;R;Gazole;1;2026-10-07 00:01:00;2.25
64210006;AUTOROUTE A63 - AIRE DE BIDART OUEST;BIDART;43.42244;-1.59844;A;Gazole;1;2026-10-07 00:01:00;2.25
64210006;AUTOROUTE A63 - AIRE DE BIDART OUEST;BIDART;43.42244;-1.59844;A;E85;3;2026-10-07 00:01:00;0.999
64210006;AUTOROUTE A63 - AIRE DE BIDART OUEST;BIDART;43.42244;-1.59844;A;GPLc;4;2026-10-07 00:01:00;1.094
64210006;AUTOROUTE A63 - AIRE DE BIDART OUEST;BIDART;43.42244;-1.59844;A;E10;5;2026-10-07 00:01:00;1.99
64210006;AUTOROUTE A63 - AIRE DE BIDART OUEST;BIDART;43.42244;-1.59844;A;SP98;6;2026-10-07 00:01:00;1.99
31290008;AUTOROUTE A61 - AIRE DU PORT LAURAGAIS SUD;Avignonet-Lauragais;43.3533206269;1.8063240480399998;A;Gazole;1;2026-10-07 00:01:00;2.25
31290008;AUTOROUTE A61 - AIRE DU PORT LAURAGAIS SUD;Avignonet-Lauragais;43.3533206269;1.8063240480399998;A;E85;3;2026-10-07 00:01:00;0.999
31290008;AUTOROUTE A61 - AIRE DU PORT LAURAGAIS SUD;Avignonet-Lauragais;43.3533206269;1.8063240480399998;A;GPLc;4;2026-10-07 00:01:00;1.109
31290008;AUTOROUTE A61 - AIRE DU PORT LAURAGAIS SUD;Avignonet-Lauragais;43.3533206269;1.8063240480399998;A;E10;5;2026-10-07 00:01:00;1.99
31290008;AUTOROUTE A61 - AIRE DU PORT LAURAGAIS SUD;Avignonet-Lauragais;43.3533206269;1.8063240480399998;A;SP98;6;2026-10-07 00:01:00;1.99
89190008;Aire de Villeneuve Vauluisant Autoroute A5 Sens TROYES PARIS;Villeneuve-l'Archevêque;48.247221052308;3.5555068346406;A;Gazole;1;2026-10-07 09:30:00;2.435
89190008;Aire de Villeneuve Vauluisant Autoroute A5 Sens TROYES PARIS;Villeneuve-l'Archevêque;48.247221052308;3.5555068346406;A;GPLc;4;2026-10-07 09:30:00;1.108
89190008;Aire de Villeneuve Vauluisant Autoroute A5 Sens TROYES PARIS;Villeneuve-l'Archevêque;48.247221052308;3.5555068346406;A;E10;5;2026-10-07 09:30:00;2.321
89190008;Aire de Villeneuve Vauluisant Autoroute A5 Sens TROYES PARIS;Villeneuve-l'Archevêque;48.247221052308;3.5555068346406;A;SP98;6;2026-10-07 09:30:00;2.403
33140006;450 Avenue du Général de Gaulle;Cadaujac;44.75214;-0.53211;R;Gazole;1;2026-10-07 08:49:04;2.339
33140006;450 Avenue du Général de Gaulle;Cadaujac;44.75214;-0.53211;R;E10;5;2026-10-07 08:49:04;2.135
33140006;450 Avenue du Général de Gaulle;Cadaujac;44.75214;-0.53211;R;SP98;6;2026-10-07 08:49:04;2.259
69360013;AUTOROUTE A46 - AIRE COMMUNAY SUD;COMMUNAY;45.589;4.826;A;Gazole;1;2026-10-07 00:01:00;2.25
69360013;AUTOROUTE A46 - AIRE COMMUNAY SUD;COMMUNAY;45.589;4.826;A;E85;3;2026-10-07 00:01:00;0.978
69360013;AUTOROUTE A46 - AIRE COMMUNAY SUD;COMMUNAY;45.589;4.826;A;GPLc;4;2026-10-07 00:01:00;1.019
69360013;AUTOROUTE A46 - AIRE COMMUNAY SUD;COMMUNAY;45.589;4.826;A;E10;5;2026-10-07 00:01:00;1.99
69360013;AUTOROUTE A46 - AIRE COMMUNAY SUD;COMMUNAY;45.589;4.826;A;SP98;6;2026-10-07 00:01:00;1.99
13009008;32 BOULEVARD SCHLOESING;MARSEILLE;43.272;5.401;R;Gazole;1;2026-10-07 08:10:23;2.25
13009008;32 BOULEVARD SCHLOESING;MARSEILLE;43.272;5.401;R;E10;5;2026-10-07 08:10:23;1.99
13009008;32 BOULEVARD SCHLOESING;MARSEILLE;43.272;5.401;R;SP98;6;2026-10-07 08:10:23;1.99
13680007;AUTOROUTE A7 - AIRE DE LANÇON EST;Lançon-Provence;43.599;5.159;A;Gazole;1;2026-10-07 00:01:00;2.25
13680007;AUTOROUTE A7 - AIRE DE LANÇON EST;Lançon-Provence;43.599;5.159;A;E85;3;2026-10-07 00:01:00;0.999
13680007;AUTOROUTE A7 - AIRE DE LANÇON EST;Lançon-Provence;43.599;5.159;A;GPLc;4;2026-10-07 00:01:00;1.088
13680007;AUTOROUTE A7 - AIRE DE LANÇON EST;Lançon-Provence;43.599;5.159;A;E10;5;2026-10-07 00:01:00;1.99
13680007;AUTOROUTE A7 - AIRE DE LANÇON EST;Lançon-Provence;43.599;5.159;A;SP98;6;2026-10-07 00:01:00;1.99
6700006;702 AVENUE DU GENERAL DE GAULLE;Saint-Laurent-du-Var;43.669;7.192;R;Gazole;1;2026-10-07 00:01:00;2.25
6700006;702 AVENUE DU GENERAL DE GAULLE;Saint-Laurent-du-Var;43.669;7.192;R;E10;5;2026-10-07 00:01:00;1.99
6700006;702 AVENUE DU GENERAL DE GAULLE;Saint-Laurent-du-Var;43.669;7.192;R;SP98;6;2026-10-07 00:01:00;1.99
40100004;Avenue Georges Clémenceau;Dax;43.708;-1.044;R;Gazole;1;2026-10-07 10:53:00;2.363
40100004;Avenue Georges Clémenceau;Dax;43.708;-1.044;R;SP95;2;2026-10-07 10:53:00;2.216
40100004;Avenue Georges Clémenceau;Dax;43.708;-1.044;R;E10;5;2026-10-07 10:53:00;2.138
40100004;Avenue Georges Clémenceau;Dax;43.708;-1.044;R;SP98;6;2026-10-07 10:53:00;2.259
33167001;34, Avenue Descartes;Saint-Médard-en-Jalles;44.884;-0.691;R;Gazole;1;2026-10-07 10:54:00;2.257
33167001;34, Avenue Descartes;Saint-Médard-en-Jalles;44.884;-0.691;R;SP95;2;2026-10-07 10:54:00;2.188
33167001;34, Avenue Descartes;Saint-Médard-en-Jalles;44.884;-0.691;R;E85;3;2026-10-07 10:54:00;0.84
33167001;34, Avenue Descartes;Saint-Médard-en-Jalles;44.884;-0.691;R;GPLc;4;2026-10-07 10:54:00;1.059
33167001;34, Avenue Descartes;Saint-Médard-en-Jalles;44.884;-0.691;R;E10;5;2026-10-07 10:54:00;2.062
33167001;34, Avenue Descartes;Saint-Médard-en-Jalles;44.884;-0.691;R;SP98;6;2026-10-07 10:54:00;2.149
67110001;15 Rue des Cuirassiers;REICHSHOFFEN;48.93342;7.66915;R;E10;5;2026-10-07 11:06:23;2.289
67110001;15 Rue des Cuirassiers;REICHSHOFFEN;48.93342;7.66915;R;SP98;6;2026-10-07 11:06:23;2.409
76700005;Parc de l'estuaire;GONFREVILLE-L'ORCHER;49.509;0.226;R;Gazole;1;2026-10-07 10:00:00;2.372
76700005;Parc de l'estuaire;GONFREVILLE-L'ORCHER;49.509;0.226;R;E85;3;2026-10-07 10:00:00;0.871
76700005;Parc de l'estuaire;GONFREVILLE-L'ORCHER;49.509;0.226;R;GPLc;4;2026-10-07 10:00:00;0.962
76700005;Parc de l'estuaire;GONFREVILLE-L'ORCHER;49.509;0.226;R;E10;5;2026-10-07 10:00:00;2.131
76700005;Parc de l'estuaire;GONFREVILLE-L'ORCHER;49.509;0.226;R;SP98;6;2026-10-07 10:00:00;2.249
90008001;1 avenue du général de Gaulle;Belfort;47.628;6.862;R;Gazole;1;2026-10-07 09:41:00;2.429
90008001;1 avenue du général de Gaulle;Belfort;47.628;6.862;R;SP95;2;2026-10-07 09:41:00;2.256
90008001;1 avenue du général de Gaulle;Belfort;47.628;6.862;R;E85;3;2026-10-07 09:41:00;0.94
90008001;1 avenue du général de Gaulle;Belfort;47.628;6.862;R;E10;5;2026-10-07 09:41:00;2.279
90008001;1 avenue du général de Gaulle;Belfort;47.628;6.862;R;SP98;6;2026-10-07 09:41:00;2.314
69007008;AVENUE TONY GARNIER;LYON;45.727;4.829;R;Gazole;1;2026-10-07 00:01:00;2.25
69007008;AVENUE TONY GARNIER;LYON;45.727;4.829;R;E85;3;2026-10-07 00:01:00;0.911
69007008;AVENUE TONY GARNIER;LYON;45.727;4.829;R;GPLc;4;2026-10-07 00:01:00;1.009
69007008;AVENUE TONY GARNIER;LYON;45.727;4.829;R;E10;5;2026-10-07 00:01:00;1.99
69007008;AVENUE TONY GARNIER;LYON;45.727;4.829;R;SP98;6;2026-10-07 00:01:00;1.99
38880002;190 CHEMIN DE CHAMP BERNARD;AUTRANS;45.17;5.537;R;Gazole;1;2026-10-07 10:26:56;2.25
38880002;190 CHEMIN DE CHAMP BERNARD;AUTRANS;45.17;5.537;R;SP95;2;2026-10-07 10:26:56;1.99
31180001;Route d'Albi - RN 88;ROUFFIAC-TOLOSAN;43.669;1.516;R;Gazole;1;2026-10-07 10:54:00;2.368
31180001;Route d'Albi - RN 88;ROUFFIAC-TOLOSAN;43.669;1.516;R;E85;3;2026-10-07 10:54:00;0.869
31180001;Route d'Albi - RN 88;ROUFFIAC-TOLOSAN;43.669;1.516;R;GPLc;4;2026-10-07 10:54:00;1.037
31180001;Route d'Albi - RN 88;ROUFFIAC-TOLOSAN;43.669;1.516;R;E10;5;2026-10-07 10:54:00;2.199
31180001;Route d'Albi - RN 88;ROUFFIAC-TOLOSAN;43.669;1.516;R;SP98;6;2026-10-07 10:54:00;2.269
23600001;avenue de bourbonnais;BOUSSAC;46.35;2.215;R;Gazole;1;2026-10-07 08:57:10;2.369
94310004;106 AVENUE LA VICTOIRE;ORLY;48.74588;2.38308;R;Gazole;1;2026-10-07 00:01:00;2.25
94310004;106 AVENUE LA VICTOIRE;ORLY;48.74588;2.38308;R;GPLc;4;2026-10-07 00:01:00;1.009
94310004;106 AVENUE LA VICTOIRE;ORLY;48.74588;2.38308;R;E10;5;2026-10-07 00:01:00;1.99
76850001;RUE DES FORGES;BOSC-LE-HARD;49.631;1.18;R;Gazole;1;2026-10-07 08:43:46;2.369
76850001;RUE DES FORGES;BOSC-LE-HARD;49.631;1.18;R;E10;5;2026-10-07 08:43:46;2.169
29160003;Penandreff;CROZON;48.2506817631;-4.47202790147;R;Gazole;1;2026-10-07 08:41:34;2.316
29160003;Penandreff;CROZON;48.2506817631;-4.47202790147;R;SP95;2;2026-10-07 08:41:34;2.177
29160003;Penandreff;CROZON;48.2506817631;-4.47202790147;R;E85;3;2026-10-07 08:41:34;0.849
29160003;Penandreff;CROZON;48.2506817631;-4.47202790147;R;E10;5;2026-10-07 08:41:34;2.139
74100007;Rue Albert Hénon;Ville-la-Grand;46.205;6.24;R;Gazole;1;2026-10-07 09:41:00;2.359
74100007;Rue Albert Hénon;Ville-la-Grand;46.205;6.24;R;SP95;2;2026-10-07 09:41:00;2.257
74100007;Rue Albert Hénon;Ville-la-Grand;46.205;6.24;R;E10;5;2026-10-07 09:41:00;2.177
33220001;113 Avenue de Bordeaux;PORT-SAINTE-FOY-ET-PONCHAPT;44.845;0.181;R;Gazole;1;2026-10-07 10:52:00;2.33
33220001;113 Avenue de Bordeaux;PORT-SAINTE-FOY-ET-PONCHAPT;44.845;0.181;R;SP95;2;2026-10-07 10:52:00;2.186
33220001;113 Avenue de Bordeaux;PORT-SAINTE-FOY-ET-PONCHAPT;44.845;0.181;R;E10;5;2026-10-07 10:52:00;2.112
33220001;113 Avenue de Bordeaux;PORT-SAINTE-FOY-ET-PONCHAPT;44.845;0.181;R;SP98;6;2026-10-07 10:52:00;2.232
9100006;La Cavalerie;PAMIERS;43.137;1.606;R;Gazole;1;2026-10-07 08:00:00;2.299
9100006;La Cavalerie;PAMIERS;43.137;1.606;R;E85;3;2026-10-07 08:00:00;0.869
9100006;La Cavalerie;PAMIERS;43.137;1.606;R;E10;5;2026-10-07 08:00:00;2.165
9100006;La Cavalerie;PAMIERS;43.137;1.606;R;SP98;6;2026-10-07 08:00:00;2.295
16220001;Place de l'Hôtel de Ville;Montbron;45.665;0.501;R;E85;3;2026-10-07 10:03:23;0.869
33230001;Rue François Mitterrand;COUTRAS;45.046;-0.121;R;Gazole;1;2026-10-07 10:51:00;2.342
33230001;Rue François Mitterrand;COUTRAS;45.046;-0.121;R;SP95;2;2026-10-07 10:51:00;2.229
33230001;Rue François Mitterrand;COUTRAS;45.046;-0.121;R;E85;3;2026-10-07 10:51:00;0.848
33230001;Rue François Mitterrand;COUTRAS;45.046;-0.121;R;E10;5;2026-10-07 10:51:00;2.122
33230001;Rue François Mitterrand;COUTRAS;45.046;-0.121;R;SP98;6;2026-10-07 10:51:00;2.232
40210004;67 allée de Genets;Labouheyre;44.202;-0.929;R;Gazole;1;2026-10-07 10:52:00;2.369
40210004;67 allée de Genets;Labouheyre;44.202;-0.929;R;SP95;2;2026-10-07 10:52:00;2.145
40210004;67 allée de Genets;Labouheyre;44.202;-0.929;R;GPLc;4;2026-10-07 10:52:00;1.174
40210004;67 allée de Genets;Labouheyre;44.202;-0.929;R;E10;5;2026-10-07 10:52:00;2.145
69360011;AUTOROUTE A7 - AIRE DE SOLAIZE;Saint-Symphorien-d'Ozon;45.652;4.836;A;Gazole;1;2026-10-07 00:01:00;2.25
69360011;AUTOROUTE A7 - AIRE DE SOLAIZE;Saint-Symphorien-d'Ozon;45.652;4.836;A;E85;3;2026-10-07 00:01:00;0.999
69360011;AUTOROUTE A7 - AIRE DE SOLAIZE;Saint-Symphorien-d'Ozon;45.652;4.836;A;GPLc;4;2026-10-07 00:01:00;1.104
69360011;AUTOROUTE A7 - AIRE DE SOLAIZE;Saint-Symphorien-d'Ozon;45.652;4.836;A;E10;5;2026-10-07 00:01:00;1.99
69360011;AUTOROUTE A7 - AIRE DE SOLAIZE;Saint-Symphorien-d'Ozon;45.652;4.836;A;SP98;6;2026-10-07 00:01:00;1.99
85170006;48 BD DES DEUX MOULINS;Le Poiré-sur-Vie;46.764;-1.494;R;Gazole;1;2026-10-07 09:59:00;2.289
85170006;48 BD DES DEUX MOULINS;Le Poiré-sur-Vie;46.764;-1.494;R;E10;5;2026-10-07 09:59:00;2.115
85170006;48 BD DES DEUX MOULINS;Le Poiré-sur-Vie;46.764;-1.494;R;SP98;6;2026-10-07 09:59:00;2.219
50240003;AUTOROUTE A84 - AIRE DU MONT SAINT MICHEL;Saint-Aubin-de-Terregatte;48.58491;-1.32638;A;Gazole;1;2026-10-07 00:01:00;2.25
50240003;AUTOROUTE A84 - AIRE DU MONT SAINT MICHEL;Saint-Aubin-de-Terregatte;48.58491;-1.32638;A;E85;3;2026-10-07 00:01:00;0.999
50240003;AUTOROUTE A84 - AIRE DU MONT SAINT MICHEL;Saint-Aubin-de-Terregatte;48.58491;-1.32638;A;GPLc;4;2026-10-07 00:01:00;1.104
50240003;AUTOROUTE A84 - AIRE DU MONT SAINT MICHEL;Saint-Aubin-de-Terregatte;48.58491;-1.32638;A;E10;5;2026-10-07 00:01:00;1.99
63230002;18 Avenue de la Gare;Pontgibaud;45.827;2.851;R;Gazole;1;2026-10-07 08:23:15;2.359
63230002;18 Avenue de la Gare;Pontgibaud;45.827;2.851;R;E10;5;2026-10-07 08:23:15;2.229
63230002;18 Avenue de la Gare;Pontgibaud;45.827;2.851;R;SP98;6;2026-10-07 08:23:16;2.339
30230002;55 route de nimes;Bouillargues;43.800404;4.4186247;R;Gazole;1;2026-10-07 10:49:13;2.299
30230002;55 route de nimes;Bouillargues;43.800404;4.4186247;R;SP95;2;2026-10-07 10:49:13;2.199
30230002;55 route de nimes;Bouillargues;43.800404;4.4186247;R;E10;5;2026-10-07 10:49:13;2.149
95100034;176 AVE STALINGRAD;ARGENTEUIL;48.955;2.273;R;Gazole;1;2026-10-07 00:01:00;2.25
95100034;176 AVE STALINGRAD;ARGENTEUIL;48.955;2.273;R;E10;5;2026-10-07 00:01:00;1.99
95100034;176 AVE STALINGRAD;ARGENTEUIL;48.955;2.273;R;SP98;6;2026-10-07 00:01:00;1.99
62000014;138 PLACE DE THECOSLOVAQUIE;ARRAS;50.297;2.769;R;Gazole;1;2026-10-07 00:01:00;2.25
62000014;138 PLACE DE THECOSLOVAQUIE;ARRAS;50.297;2.769;R;E85;3;2026-10-07 00:01:00;0.869
51100048;12, AVENUE BREBANT;REIMS;49.25775;4.01178;R;Gazole;1;2026-10-07 00:01:00;2.25
51100048;12, AVENUE BREBANT;REIMS;49.25775;4.01178;R;E85;3;2026-10-07 00:01:00;0.901
51100048;12, AVENUE BREBANT;REIMS;49.25775;4.01178;R;GPLc;4;2026-10-07 00:01:00;0.973
51100048;12, AVENUE BREBANT;REIMS;49.25775;4.01178;R;E10;5;2026-10-07 00:01:00;1.99
51100048;12, AVENUE BREBANT;REIMS;49.25775;4.01178;R;SP98;6;2026-10-07 00:01:00;1.99
33240010;AUTOROUTE A10 - AIRE DE L'ESTALOT;ST ANDRE DE CUBZAC;44.9790295481;-0.430828070241;A;Gazole;1;2026-10-07 00:01:00;2.25
33240010;AUTOROUTE A10 - AIRE DE L'ESTALOT;ST ANDRE DE CUBZAC;44.9790295481;-0.430828070241;A;GPLc;4;2026-10-07 00:01:00;1.088
33240010;AUTOROUTE A10 - AIRE DE L'ESTALOT;ST ANDRE DE CUBZAC;44.9790295481;-0.430828070241;A;E10;5;2026-10-07 00:01:00;1.99
33240010;AUTOROUTE A10 - AIRE DE L'ESTALOT;ST ANDRE DE CUBZAC;44.9790295481;-0.430828070241;A;SP98;6;2026-10-07 00:01:00;1.99
74320006;754 route d'Albertville;Sevrier;45.861;6.141;R;Gazole;1;2026-10-07 06:52:34;2.429
74320006;754 route d'Albertville;Sevrier;45.861;6.141;R;SP95;2;2026-10-07 06:52:34;2.289
74320006;754 route d'Albertville;Sevrier;45.861;6.141;R;SP98;6;2026-10-07 06:52:35;2.339
68270001;130 Route de Soultz;WITTENHEIM;47.808;7.312;R;Gazole;1;2026-10-07 10:51:06;2.366
68270001;130 Route de Soultz;WITTENHEIM;47.808;7.312;R;E85;3;2026-10-07 10:51:06;0.915
68270001;130 Route de Soultz;WITTENHEIM;47.808;7.312;R;GPLc;4;2026-10-07 10:51:06;1.075
68270001;130 Route de Soultz;WITTENHEIM;47.808;7.312;R;E10;5;2026-10-07 10:51:06;2.223
68270001;130 Route de Soultz;WITTENHEIM;47.808;7.312;R;SP98;6;2026-10-07 10:51:06;2.324
4100002;Quartier des Quintrands - Route de Sisteron;Manosque;43.849807797608;5.82262730505;R;Gazole;1;2026-10-07 09:15:34;2.279
4100002;Quartier des Quintrands - Route de Sisteron;Manosque;43.849807797608;5.82262730505;R;E85;3;2026-10-07 09:15:34;0.899
4100002;Quartier des Quintrands - Route de Sisteron;Manosque;43.849807797608;5.82262730505;R;GPLc;4;2026-10-07 09:15:34;0.989
4100002;Quartier des Quintrands - Route de Sisteron;Manosque;43.849807797608;5.82262730505;R;E10;5;2026-10-07 09:15:34;2.14
4100002;Quartier des Quintrands - Route de Sisteron;Manosque;43.849807797608;5.82262730505;R;SP98;6;2026-10-07 09:15:34;2.251
56120004;Espace Commercial Oxygène;JOSSELIN;47.964;-2.545;R;Gazole;1;2026-10-07 09:18:23;2.349
56120004;Espace Commercial Oxygène;JOSSELIN;47.964;-2.545;R;SP95;2;2026-10-07 09:18:23;2.219
56120004;Espace Commercial Oxygène;JOSSELIN;47.964;-2.545;R;E10;5;2026-10-07 09:18:23;2.179
56120004;Espace Commercial Oxygène;JOSSELIN;47.964;-2.545;R;SP98;6;2026-10-07 09:18:23;2.269
69380012;2 rue Joseph Gillet - D30 Route de Villefranche;Chazay-d'Azergues;45.86823328271299;4.6988427022745;R;Gazole;1;2026-10-07 09:31:11;2.309
69380012;2 rue Joseph Gillet - D30 Route de Villefranche;Chazay-d'Azergues;45.86823328271299;4.6988427022745;R;E10;5;2026-10-07 09:31:11;2.159
69380012;2 rue Joseph Gillet - D30 Route de Villefranche;Chazay-d'Azergues;45.86823328271299;4.6988427022745;R;SP98;6;2026-10-07 09:31:11;2.289
28310010;A10 AIRE DES PLAINES DE BEAUCE;Fresnay-l'Évêque;48.275;1.856;A;Gazole;1;2026-10-07 09:30:00;2.61
28310010;A10 AIRE DES PLAINES DE BEAUCE;Fresnay-l'Évêque;48.275;1.856;A;E10;5;2026-10-07 09:30:00;2.568
28310010;A10 AIRE DES PLAINES DE BEAUCE;Fresnay-l'Évêque;48.275;1.856;A;SP98;6;2026-10-07 09:30:00;2.718
62620002;Rue de la Plaine;Barlin;50.454;2.607;R;Gazole;1;2026-10-07 08:46:00;2.369
62620002;Rue de la Plaine;Barlin;50.454;2.607;R;SP95;2;2026-10-07 08:46:01;2.178
62620002;Rue de la Plaine;Barlin;50.454;2.607;R;E85;3;2026-10-07 08:46:01;0.885
62620002;Rue de la Plaine;Barlin;50.454;2.607;R;E10;5;2026-10-07 08:46:01;2.138
38240006;RN 87;MEYLAN;45.198;5.781;R;Gazole;1;2026-10-07 10:57:14;2.25
38240006;RN 87;MEYLAN;45.198;5.781;R;E85;3;2026-10-07 00:01:00;0.909
38240006;RN 87;MEYLAN;45.198;5.781;R;E10;5;2026-10-07 10:57:14;1.99
38240006;RN 87;MEYLAN;45.198;5.781;R;SP98;6;2026-10-07 10:57:14;1.99
51100045;252 BIS, AVENUE JEAN JAURES;REIMS;49.2646;4.05954;R;E85;3;2026-10-07 00:01:00;0.901
2140005;CHAUSSEE DE FONTAINE D73;FONTAINE LES VERVINS;49.843;3.907;R;Gazole;1;2026-10-07 10:07:00;2.368
2140005;CHAUSSEE DE FONTAINE D73;FONTAINE LES VERVINS;49.843;3.907;R;E85;3;2026-10-07 10:07:00;0.864
2140005;CHAUSSEE DE FONTAINE D73;FONTAINE LES VERVINS;49.843;3.907;R;E10;5;2026-10-07 10:07:00;2.175
2140005;CHAUSSEE DE FONTAINE D73;FONTAINE LES VERVINS;49.843;3.907;R;SP98;6;2026-10-07 10:07:00;2.286
33310008;RN230- AIRE DE LORMONT SENS BAYONNE-PARIS;LORMONT;44.873;-0.506;R;Gazole;1;2026-10-07 00:01:00;2.25
33310008;RN230- AIRE DE LORMONT SENS BAYONNE-PARIS;LORMONT;44.873;-0.506;R;GPLc;4;2026-10-07 00:01:00;0.969
33310008;RN230- AIRE DE LORMONT SENS BAYONNE-PARIS;LORMONT;44.873;-0.506;R;E10;5;2026-10-07 00:01:00;1.99
33310008;RN230- AIRE DE LORMONT SENS BAYONNE-PARIS;LORMONT;44.873;-0.506;R;SP98;6;2026-10-07 00:01:00;1.99
51120003;Route de Troyes;SEZANNE;48.709;3.734;R;Gazole;1;2026-10-07 10:07:00;2.389
51120003;Route de Troyes;SEZANNE;48.709;3.734;R;E85;3;2026-10-07 10:07:00;0.917
51120003;Route de Troyes;SEZANNE;48.709;3.734;R;GPLc;4;2026-10-07 10:07:00;0.999
51120003;Route de Troyes;SEZANNE;48.709;3.734;R;E10;5;2026-10-07 10:07:00;2.154
51120003;Route de Troyes;SEZANNE;48.709;3.734;R;SP98;6;2026-10-07 10:07:00;2.239
2140006;CHAUSSEE DE FONTAINE D73;FONTAINE LES VERVINS;49.843;3.907;R;Gazole;1;2026-10-07 10:09:00;2.368
2140006;CHAUSSEE DE FONTAINE D73;FONTAINE LES VERVINS;49.843;3.907;R;E10;5;2026-10-07 10:09:00;2.175
30800002;ROUTE D'ARLES;Saint-Gilles;43.677;4.432;R;E10;5;2026-10-07 07:06:00;2.189
30800002;ROUTE D'ARLES;Saint-Gilles;43.677;4.432;R;SP98;6;2026-10-07 07:06:00;2.329
51130002;13 avenue du general de gaulle;blancs coteaux;48.899;4.009;R;Gazole;1;2026-10-07 10:09:00;2.358
51130002;13 avenue du general de gaulle;blancs coteaux;48.899;4.009;R;E85;3;2026-10-07 10:09:00;0.859
51130002;13 avenue du general de gaulle;blancs coteaux;48.899;4.009;R;E10;5;2026-10-07 10:09:00;2.149
51130002;13 avenue du general de gaulle;blancs coteaux;48.899;4.009;R;SP98;6;2026-10-07 10:09:00;2.249
95190005;32/38 AV DE LA GARE;GOUSSAINVILLE;49.015625843572;2.4702620933139;R;Gazole;1;2026-10-07 00:01:00;2.25
95190005;32/38 AV DE LA GARE;GOUSSAINVILLE;49.015625843572;2.4702620933139;R;E10;5;2026-10-07 00:01:00;1.99
1300003;RN 504 - ZI de Penaye;Chazey-Bons;45.778;5.689;R;Gazole;1;2026-10-07 08:42:46;2.339
78550009;22 AVENUE GERARD ANNEL - D912;MAULETTE;48.793;1.62;R;Gazole;1;2026-10-07 00:01:00;2.25
78550009;22 AVENUE GERARD ANNEL - D912;MAULETTE;48.793;1.62;R;E10;5;2026-10-07 00:01:00;1.99
86190001;ZAE DE VAUGENDRON;Vouillé;46.642;0.172;R;Gazole;1;2026-10-07 08:04:19;2.279
86190001;ZAE DE VAUGENDRON;Vouillé;46.642;0.172;R;E10;5;2026-10-07 08:04:19;2.139
86190001;ZAE DE VAUGENDRON;Vouillé;46.642;0.172;R;SP98;6;2026-10-07 08:04:19;2.239
49250001;ZAC Actival;Beaufort-en-Vallée;47.441;-0.194;R;Gazole;1;2026-10-07 10:13:20;2.299
32000008;17 Avenue de la Marne;AUCH;43.649;0.595;R;Gazole;1;2026-10-07 09:19:24;2.349
74200006;54 Avenue d'Évian;Thonon-les-Bains;46.38;6.491;R;Gazole;1;2026-10-07 07:31:00;2.338
74200006;54 Avenue d'Évian;Thonon-les-Bains;46.38;6.491;R;E10;5;2026-10-07 07:31:00;2.194
74200006;54 Avenue d'Évian;Thonon-les-Bains;46.38;6.491;R;SP98;6;2026-10-07 07:31:00;2.313
30000019;390 AV PIERRE MENDES FRANCE;NIMES;43.825;4.379;R;Gazole;1;2026-10-07 00:01:00;2.25
30000019;390 AV PIERRE MENDES FRANCE;NIMES;43.825;4.379;R;E85;3;2026-10-07 00:01:00;0.908
30000019;390 AV PIERRE MENDES FRANCE;NIMES;43.825;4.379;R;E10;5;2026-10-07 00:01:00;1.99
30000019;390 AV PIERRE MENDES FRANCE;NIMES;43.825;4.379;R;SP98;6;2026-10-07 00:01:00;1.99
31520005;98 AVENUE TOLOSANE;RAMONVILLE SAINT AGNE;43.54027;1.47921;R;Gazole;1;2026-10-07 00:01:00;2.25
85202001;Avenue du Général de Gaulle;FONTENAY-LE-COMTE;46.465;-0.823;R;Gazole;1;2026-10-07 10:00:00;2.305
85202001;Avenue du Général de Gaulle;FONTENAY-LE-COMTE;46.465;-0.823;R;E85;3;2026-10-07 10:00:00;0.829
85202001;Avenue du Général de Gaulle;FONTENAY-LE-COMTE;46.465;-0.823;R;GPLc;4;2026-10-07 10:00:00;1.086
85202001;Avenue du Général de Gaulle;FONTENAY-LE-COMTE;46.465;-0.823;R;E10;5;2026-10-07 10:00:00;2.155
85202001;Avenue du Général de Gaulle;FONTENAY-LE-COMTE;46.465;-0.823;R;SP98;6;2026-10-07 10:00:00;2.235
34520002;AUTOROUTE A75 - AIRE DU CAYLAR;LE CAYLAR;43.86449;3.31188;A;Gazole;1;2026-10-07 00:01:00;2.25
34520002;AUTOROUTE A75 - AIRE DU CAYLAR;LE CAYLAR;43.86449;3.31188;A;E85;3;2026-10-07 00:01:00;0.999
34520002;AUTOROUTE A75 - AIRE DU CAYLAR;LE CAYLAR;43.86449;3.31188;A;GPLc;4;2026-10-07 00:01:00;1.104
34520002;AUTOROUTE A75 - AIRE DU CAYLAR;LE CAYLAR;43.86449;3.31188;A;E10;5;2026-10-07 00:01:00;1.99
34520002;AUTOROUTE A75 - AIRE DU CAYLAR;LE CAYLAR;43.86449;3.31188;A;SP98;6;2026-10-07 00:01:00;1.99
52000009;8-10 , AVENUE CARNOT;CHAUMONT;48.117742186578;5.1406363371483;R;Gazole;1;2026-10-07 00:01:00;2.25
52000009;8-10 , AVENUE CARNOT;CHAUMONT;48.117742186578;5.1406363371483;R;GPLc;4;2026-10-07 00:01:00;1.025
52000009;8-10 , AVENUE CARNOT;CHAUMONT;48.117742186578;5.1406363371483;R;E10;5;2026-10-07 00:01:00;1.99
33600009;195 AV DU HAUT LEVEQUE;PESSAC;44.781263681300004;-0.649891423468;R;GPLc;4;2026-10-07 00:01:00;0.963
11000013;10 Av. Maréchal Juin;Narbonne;43.18205593397;3.0153544914882002;R;Gazole;1;2026-10-07 09:25:29;2.339
11000013;10 Av. Maréchal Juin;Narbonne;43.18205593397;3.0153544914882002;R;E10;5;2026-10-07 09:25:29;2.173
54000011;5 BOULEVARD LOBAU;NANCY;48.691;6.193;R;Gazole;1;2026-10-07 00:01:00;2.25
54000011;5 BOULEVARD LOBAU;NANCY;48.691;6.193;R;E10;5;2026-10-07 00:01:00;1.99
54000011;5 BOULEVARD LOBAU;NANCY;48.691;6.193;R;SP98;6;2026-10-07 00:01:00;1.99
60120006;AUTOROUTE A16 - AIRE HARDIVILLERS;HARDIVILLERS;49.60849;2.20488;A;Gazole;1;2026-10-07 00:01:00;2.25
60120006;AUTOROUTE A16 - AIRE HARDIVILLERS;HARDIVILLERS;49.60849;2.20488;A;E85;3;2026-10-07 00:01:00;0.999
60120006;AUTOROUTE A16 - AIRE HARDIVILLERS;HARDIVILLERS;49.60849;2.20488;A;E10;5;2026-10-07 00:01:00;1.99
60120006;AUTOROUTE A16 - AIRE HARDIVILLERS;HARDIVILLERS;49.60849;2.20488;A;SP98;6;2026-10-07 00:01:00;1.99
93600016;BLD MARC CHAGALL;Aulnay-sous-Bois;48.951444;2.48951;R;Gazole;1;2026-10-07 07:42:40;2.25
93600016;BLD MARC CHAGALL;Aulnay-sous-Bois;48.951444;2.48951;R;E10;5;2026-10-07 07:42:40;1.99
93600016;BLD MARC CHAGALL;Aulnay-sous-Bois;48.951444;2.48951;R;SP98;6;2026-10-07 07:42:40;1.99
2310001;route de pavant;CHARLY;48.976;3.28;R;Gazole;1;2026-10-07 02:15:00;2.309
2310001;route de pavant;CHARLY;48.976;3.28;R;SP95;2;2026-10-07 02:15:00;2.279
2310001;route de pavant;CHARLY;48.976;3.28;R;E85;3;2026-10-07 02:15:00;0.849
2310001;route de pavant;CHARLY;48.976;3.28;R;SP98;6;2026-10-07 02:15:00;2.271
3630003;12 RUE AMBROISE CROIZAT;DESERTINES;46.345;2.619;R;E10;5;2026-10-07 07:16:54;1.99
26120005;1 RUE MARIUS CHATTEAVENUE DE VALENCE;CHABEUIL;44.90184201;5.010476522;R;E10;5;2026-10-07 10:16:04;2.158
94800007;117 BLD MAXIME GORKI;VILLEJUIF;48.793;2.37;R;Gazole;1;2026-10-07 00:01:00;2.25
62130003;3 Rue René Cassin;Saint-Pol-sur-Ternoise;50.388056680472;2.3483871499758;R;Gazole;1;2026-10-07 08:44:15;2.271
62130003;3 Rue René Cassin;Saint-Pol-sur-Ternoise;50.388056680472;2.3483871499758;R;E85;3;2026-10-07 08:44:15;0.869
62130003;3 Rue René Cassin;Saint-Pol-sur-Ternoise;50.388056680472;2.3483871499758;R;E10;5;2026-10-07 08:44:15;2.117
62130003;3 Rue René Cassin;Saint-Pol-sur-Ternoise;50.388056680472;2.3483871499758;R;SP98;6;2026-10-07 08:44:16;2.237
69970001;85, Avenue de Chaponnay - Parc d'activité de la vallée de l'Ozon;CHAPONNAY;45.65;4.927;R;Gazole;1;2026-10-07 08:32:56;2.247
69970001;85, Avenue de Chaponnay - Parc d'activité de la vallée de l'Ozon;CHAPONNAY;45.65;4.927;R;E85;3;2026-10-07 08:34:20;0.867
13400002;CAMP MAJOR;AUBAGNE;43.289;5.541;R;Gazole;1;2026-10-07 06:19:51;2.25
13400002;CAMP MAJOR;AUBAGNE;43.289;5.541;R;E10;5;2026-10-07 06:19:51;1.99
13400002;CAMP MAJOR;AUBAGNE;43.289;5.541;R;SP98;6;2026-10-07 06:19:51;1.99
33370016;Avenue du Périgord lieu dit Les terres douces;Sallebœuf;44.833;-0.405;R;Gazole;1;2026-10-07 06:28:41;2.369
33370016;Avenue du Périgord lieu dit Les terres douces;Sallebœuf;44.833;-0.405;R;SP95;2;2026-10-07 06:28:41;2.223
75019013;BLD DU PERIPHERIQUE EXTERIEUR;Paris;48.90076705756;2.3747491379377;R;E85;3;2026-10-07 00:01:00;0.899
75019013;BLD DU PERIPHERIQUE EXTERIEUR;Paris;48.90076705756;2.3747491379377;R;E10;5;2026-10-07 00:01:00;1.99
75019013;BLD DU PERIPHERIQUE EXTERIEUR;Paris;48.90076705756;2.3747491379377;R;SP98;6;2026-10-07 00:01:00;1.99
56006001;101 AVENUE DE LA MARNE;VANNES;47.66;-2.792;R;Gazole;1;2026-10-07 08:26:00;2.329
56006001;101 AVENUE DE LA MARNE;VANNES;47.66;-2.792;R;SP95;2;2026-10-07 08:26:00;2.238
56006001;101 AVENUE DE LA MARNE;VANNES;47.66;-2.792;R;E85;3;2026-10-07 08:26:00;0.809
56006001;101 AVENUE DE LA MARNE;VANNES;47.66;-2.792;R;GPLc;4;2026-10-07 08:26:00;0.999
56006001;101 AVENUE DE LA MARNE;VANNES;47.66;-2.792;R;E10;5;2026-10-07 08:26:00;2.15
56006001;101 AVENUE DE LA MARNE;VANNES;47.66;-2.792;R;SP98;6;2026-10-07 08:26:00;2.275
54200012;RUE PAUL KELLER;TOUL;48.67219;5.88828;R;E85;3;2026-10-07 00:01:00;0.886
51400011;A4 - STRASBOURG PARIS;LES PETITES LOGES;49.118815358985;4.2465627917213;A;Gazole;1;2026-10-07 00:01:00;2.25
51400011;A4 - STRASBOURG PARIS;LES PETITES LOGES;49.118815358985;4.2465627917213;A;E85;3;2026-10-07 00:01:00;0.999
51400011;A4 - STRASBOURG PARIS;LES PETITES LOGES;49.118815358985;4.2465627917213;A;GPLc;4;2026-10-07 00:01:00;1.109
51400011;A4 - STRASBOURG PARIS;LES PETITES LOGES;49.118815358985;4.2465627917213;A;E10;5;2026-10-07 00:01:00;1.99
51400011;A4 - STRASBOURG PARIS;LES PETITES LOGES;49.118815358985;4.2465627917213;A;SP98;6;2026-10-07 00:01:00;1.99
36350002;AUTOROUTE A20 - AIRE DES MILLE ETANGS;LUANT;46.7135757278;1.5902597578800002;A;Gazole;1;2026-10-07 00:01:00;2.25
36350002;AUTOROUTE A20 - AIRE DES MILLE ETANGS;LUANT;46.7135757278;1.5902597578800002;A;E85;3;2026-10-07 00:01:00;0.978
36350002;AUTOROUTE A20 - AIRE DES MILLE ETANGS;LUANT;46.7135757278;1.5902597578800002;A;GPLc;4;2026-10-07 00:01:00;1.104
36350002;AUTOROUTE A20 - AIRE DES MILLE ETANGS;LUANT;46.7135757278;1.5902597578800002;A;E10;5;2026-10-07 00:01:00;1.99
36350002;AUTOROUTE A20 - AIRE DES MILLE ETANGS;LUANT;46.7135757278;1.5902597578800002;A;SP98;6;2026-10-07 00:01:00;1.99
7270001;ZI La Sumène;LAMASTRE;44.982;4.569;R;Gazole;1;2026-10-07 08:02:29;2.389
74520009;A40 - KM79 - SENS MILAN MACON;VALLEIRY;46.097407000000004;5.964123000000001;A;Gazole;1;2026-10-07 00:01:00;2.25
74520009;A40 - KM79 - SENS MILAN MACON;VALLEIRY;46.097407000000004;5.964123000000001;A;E85;3;2026-10-07 00:01:00;0.999
74520009;A40 - KM79 - SENS MILAN MACON;VALLEIRY;46.097407000000004;5.964123000000001;A;GPLc;4;2026-10-07 00:01:00;1.099
74520009;A40 - KM79 - SENS MILAN MACON;VALLEIRY;46.097407000000004;5.964123000000001;A;E10;5;2026-10-07 00:01:00;1.99
74520009;A40 - KM79 - SENS MILAN MACON;VALLEIRY;46.097407000000004;5.964123000000001;A;SP98;6;2026-10-07 00:01:00;1.99
92000021;182 RUE P.VAILLANT COUTURIER;NANTERRE;48.881;2.206;R;Gazole;1;2026-10-07 00:01:00;2.25
92000021;182 RUE P.VAILLANT COUTURIER;NANTERRE;48.881;2.206;R;E10;5;2026-10-07 00:01:00;1.99
69490001;RN 7;Saint-Loup;45.8802707838;4.47246388916;R;Gazole;1;2026-10-07 09:39:43;2.339
69490001;RN 7;Saint-Loup;45.8802707838;4.47246388916;R;SP95;2;2026-10-07 09:39:43;2.235
69490001;RN 7;Saint-Loup;45.8802707838;4.47246388916;R;E10;5;2026-10-07 09:39:44;2.189
73420004;Route de l'aéroport;Voglans;45.63899019721801;5.8915436274;R;Gazole;1;2026-10-07 08:45:00;2.27
73420004;Route de l'aéroport;Voglans;45.63899019721801;5.8915436274;R;E10;5;2026-10-07 08:45:00;2.133
61120003;19 boulevard du Dr Dentu;Vimoutiers;48.935;0.199;R;Gazole;1;2026-10-07 08:52:10;2.41
61120003;19 boulevard du Dr Dentu;Vimoutiers;48.935;0.199;R;SP95;2;2026-10-07 08:52:10;2.209
61120003;19 boulevard du Dr Dentu;Vimoutiers;48.935;0.199;R;SP98;6;2026-10-07 08:52:10;2.266
69400014;RN 6-RTE D'ANSE;Villefranche-sur-Saône;45.979699317316005;4.717367966048401;R;Gazole;1;2026-10-07 00:01:00;2.25
69400014;RN 6-RTE D'ANSE;Villefranche-sur-Saône;45.979699317316005;4.717367966048401;R;E85;3;2026-10-07 00:01:00;0.919
69400014;RN 6-RTE D'ANSE;Villefranche-sur-Saône;45.979699317316005;4.717367966048401;R;E10;5;2026-10-07 00:01:00;1.99
69400014;RN 6-RTE D'ANSE;Villefranche-sur-Saône;45.979699317316005;4.717367966048401;R;SP98;6;2026-10-07 00:01:00;1.99
17550001;Rue de l'Écuissière;DOLUS-D'OLéRON;45.9046154635;-1.2588914413299999;R;Gazole;1;2026-10-07 10:05:47;2.299
17550001;Rue de l'Écuissière;DOLUS-D'OLéRON;45.9046154635;-1.2588914413299999;R;E10;5;2026-10-07 10:06:13;2.095
17550001;Rue de l'Écuissière;DOLUS-D'OLéRON;45.9046154635;-1.2588914413299999;R;SP98;6;2026-10-07 10:06:35;2.195
92140014;320 AV DU GENERAL DE GAULLE;CLAMART;48.785;2.251;R;Gazole;1;2026-10-07 00:01:00;2.25
92140014;320 AV DU GENERAL DE GAULLE;CLAMART;48.785;2.251;R;E10;5;2026-10-07 00:01:00;1.99
73330002;zi Baronnie;Le Pont-de-Beauvoisin;45.52956;5.68477;R;Gazole;1;2026-10-07 07:30:16;2.339
84310002;28 Chemin du Clos Neuf;Morières-lès-Avignon;43.94345;4.90789;R;Gazole;1;2026-10-07 09:00:00;2.329
84310002;28 Chemin du Clos Neuf;Morières-lès-Avignon;43.94345;4.90789;R;E85;3;2026-10-07 09:00:00;0.869
84310002;28 Chemin du Clos Neuf;Morières-lès-Avignon;43.94345;4.90789;R;E10;5;2026-10-07 09:00:00;2.169
84310002;28 Chemin du Clos Neuf;Morières-lès-Avignon;43.94345;4.90789;R;SP98;6;2026-10-07 09:00:00;2.299
85000007;Rue Newton;La Roche-sur-Yon;46.674;-1.405;R;Gazole;1;2026-10-07 10:00:00;2.298
85000007;Rue Newton;La Roche-sur-Yon;46.674;-1.405;R;E10;5;2026-10-07 10:00:00;2.115
85000007;Rue Newton;La Roche-sur-Yon;46.674;-1.405;R;SP98;6;2026-10-07 10:00:00;2.221
80260004;5 rue d'Amiens;Rainneville;49.97;2.353;R;Gazole;1;2026-10-07 09:22:18;2.25
80260004;5 rue d'Amiens;Rainneville;49.97;2.353;R;E10;5;2026-10-07 09:22:18;1.99
76600021;BD.CLEMENCEAU;LE HAVRE;49.489;0.098;R;Gazole;1;2026-10-07 00:01:00;2.25
76600021;BD.CLEMENCEAU;LE HAVRE;49.489;0.098;R;SP98;6;2026-10-07 00:01:00;1.99
93260007;238 RUE DE PARIS;LES LILAS;48.88021;2.41759;R;Gazole;1;2026-10-07 00:01:00;2.25
93260007;238 RUE DE PARIS;LES LILAS;48.88021;2.41759;R;E10;5;2026-10-07 00:01:00;1.99
76200004;AVENUE DES CANADIENS;DIEPPE;49.90522;1.07678;R;Gazole;1;2026-10-07 00:01:00;2.25
76200004;AVENUE DES CANADIENS;DIEPPE;49.90522;1.07678;R;E85;3;2026-10-07 00:01:00;0.897
76200004;AVENUE DES CANADIENS;DIEPPE;49.90522;1.07678;R;E10;5;2026-10-07 00:01:00;1.99
78680004;ROUTE DE GARGENVILLE;EPONE;48.961;1.812;R;Gazole;1;2026-10-07 00:01:00;2.25
78680004;ROUTE DE GARGENVILLE;EPONE;48.961;1.812;R;GPLc;4;2026-10-07 00:01:00;0.998
45400004;Rue de Montaran;FLEURY-LES-AUBRAIS;47.944;1.916;R;Gazole;1;2026-10-07 10:00:00;2.349
45400004;Rue de Montaran;FLEURY-LES-AUBRAIS;47.944;1.916;R;GPLc;4;2026-10-07 10:00:00;0.999
45400004;Rue de Montaran;FLEURY-LES-AUBRAIS;47.944;1.916;R;E10;5;2026-10-07 10:00:00;2.139
45400004;Rue de Montaran;FLEURY-LES-AUBRAIS;47.944;1.916;R;SP98;6;2026-10-07 10:00:00;2.229
59110007;10 Rue Bernard Ruyant;La Madeleine;50.661;3.068;R;Gazole;1;2026-10-07 02:15:00;2.299
59110007;10 Rue Bernard Ruyant;La Madeleine;50.661;3.068;R;E85;3;2026-10-07 02:15:00;0.849
59110007;10 Rue Bernard Ruyant;La Madeleine;50.661;3.068;R;E10;5;2026-10-07 02:15:00;2.108
59110007;10 Rue Bernard Ruyant;La Madeleine;50.661;3.068;R;SP98;6;2026-10-07 02:15:00;2.198
78550005;RN 12 - LA PRAIRIE;MAULETTE;48.792;1.633;R;Gazole;1;2026-10-07 08:33:52;2.469
78550005;RN 12 - LA PRAIRIE;MAULETTE;48.792;1.633;R;E85;3;2026-10-07 08:33:52;1.035
78550005;RN 12 - LA PRAIRIE;MAULETTE;48.792;1.633;R;GPLc;4;2026-10-07 08:33:52;1.089
78550005;RN 12 - LA PRAIRIE;MAULETTE;48.792;1.633;R;E10;5;2026-10-07 08:33:52;2.319
78550005;RN 12 - LA PRAIRIE;MAULETTE;48.792;1.633;R;SP98;6;2026-10-07 08:33:52;2.399
77190005;936 AVENUE DU GENERAL LECLERC;Dammarie-les-Lys;48.518812310533995;2.654305293398;R;Gazole;1;2026-10-07 00:01:00;2.25
77190005;936 AVENUE DU GENERAL LECLERC;Dammarie-les-Lys;48.518812310533995;2.654305293398;R;E85;3;2026-10-07 00:01:00;0.891
77190005;936 AVENUE DU GENERAL LECLERC;Dammarie-les-Lys;48.518812310533995;2.654305293398;R;GPLc;4;2026-10-07 00:01:00;1.022
77190005;936 AVENUE DU GENERAL LECLERC;Dammarie-les-Lys;48.518812310533995;2.654305293398;R;E10;5;2026-10-07 00:01:00;1.99
75018013;30 AV PTE CLIGNANCOURT;PARIS;48.9;2.344;R;Gazole;1;2026-10-07 00:01:00;2.25
73200005;100 Rue Pasteur;ALBERTVILLE;45.661;6.382;R;Gazole;1;2026-10-07 09:30:36;2.349
45770003;RUE DES CHATAIGNIERS;SARAN;47.948718;1.8437720000000002;R;Gazole;1;2026-10-07 00:00:00;2.624
13005012;103 BOULEVARD SAKAKINI;MARSEILLE;43.293;5.402;R;Gazole;1;2026-10-07 00:01:00;2.25
13005012;103 BOULEVARD SAKAKINI;MARSEILLE;43.293;5.402;R;E10;5;2026-10-07 00:01:00;1.99
13005012;103 BOULEVARD SAKAKINI;MARSEILLE;43.293;5.402;R;SP98;6;2026-10-07 00:01:00;1.99
17300004;route de la rochelle;ROCHEFORT;45.9567589967;-0.977776716334;R;Gazole;1;2026-10-07 07:45:22;2.289
17300004;route de la rochelle;ROCHEFORT;45.9567589967;-0.977776716334;R;E10;5;2026-10-07 07:45:33;2.113
17300004;route de la rochelle;ROCHEFORT;45.9567589967;-0.977776716334;R;SP98;6;2026-10-07 07:45:51;2.236
45200001;Avenue d'Antibes;Amilly;47.974;2.734;R;Gazole;1;2026-10-07 08:26:46;2.333
45200001;Avenue d'Antibes;Amilly;47.974;2.734;R;GPLc;4;2026-10-07 08:26:46;1.01
45200001;Avenue d'Antibes;Amilly;47.974;2.734;R;E10;5;2026-10-07 08:26:46;2.123
45200001;Avenue d'Antibes;Amilly;47.974;2.734;R;SP98;6;2026-10-07 08:26:46;2.23
35270001;7 AV. DES ERABLES;COMBOURG;48.4123985702;-1.74621617431;R;Gazole;1;2026-10-07 09:49:25;2.279
35270001;7 AV. DES ERABLES;COMBOURG;48.4123985702;-1.74621617431;R;SP95;2;2026-10-07 09:49:25;2.199
35270001;7 AV. DES ERABLES;COMBOURG;48.4123985702;-1.74621617431;R;SP98;6;2026-10-07 09:49:25;2.249
47300008;2, rue Bir-Hakeim;PUJOLS;44.393;0.692;R;Gazole;1;2026-10-07 09:34:46;2.369
47300008;2, rue Bir-Hakeim;PUJOLS;44.393;0.692;R;E85;3;2026-10-07 09:34:46;0.859
47300008;2, rue Bir-Hakeim;PUJOLS;44.393;0.692;R;E10;5;2026-10-07 09:34:46;2.169
47300008;2, rue Bir-Hakeim;PUJOLS;44.393;0.692;R;SP98;6;2026-10-07 09:34:46;2.269
78210006;4 BLD HENRI BARBUSSE;Saint-Cyr-l'École;48.794;2.07;R;Gazole;1;2026-10-07 00:01:00;2.25
38270003;4 chemin de l etang girard RD 538;Revel-Tourdan;45.373;5.027;R;Gazole;1;2026-10-07 09:07:38;2.329
27700005;10, AV.DE LA REPUBLIQUE;LES ANDELYS;49.246;1.415;R;Gazole;1;2026-10-07 07:37:11;2.25
27700005;10, AV.DE LA REPUBLIQUE;LES ANDELYS;49.246;1.415;R;E85;3;2026-10-07 07:37:11;0.896
27700005;10, AV.DE LA REPUBLIQUE;LES ANDELYS;49.246;1.415;R;E10;5;2026-10-07 07:37:11;1.99
27700005;10, AV.DE LA REPUBLIQUE;LES ANDELYS;49.246;1.415;R;SP98;6;2026-10-07 07:37:11;1.99
25150006;Autoroute A36;Écot;47.441;6.729;A;Gazole;1;2026-10-07 08:26:07;2.433
25150006;Autoroute A36;Écot;47.441;6.729;A;E85;3;2026-10-07 08:26:07;1.427
25150006;Autoroute A36;Écot;47.441;6.729;A;E10;5;2026-10-07 08:26:07;2.349
25150006;Autoroute A36;Écot;47.441;6.729;A;SP98;6;2026-10-07 08:26:07;2.389
62580003;Rue saint Nazaire;Vimy;50.376149699186;2.8070252243759;R;Gazole;1;2026-10-07 08:30:00;2.346
62580003;Rue saint Nazaire;Vimy;50.376149699186;2.8070252243759;R;SP95;2;2026-10-07 08:30:00;2.235
62580003;Rue saint Nazaire;Vimy;50.376149699186;2.8070252243759;R;SP98;6;2026-10-07 08:30:00;2.299
59146002;48 RUE ETIENNE D'ORVES;PECQUENCOURT;50.381;3.221;R;Gazole;1;2026-10-07 05:40:41;2.25
66530001;Route du Barcares;CLAIRA;42.777;2.917;R;Gazole;1;2026-10-07 08:26:00;2.348
66530001;Route du Barcares;CLAIRA;42.777;2.917;R;SP95;2;2026-10-07 08:26:00;2.239
66530001;Route du Barcares;CLAIRA;42.777;2.917;R;GPLc;4;2026-10-07 08:26:00;1.099
66530001;Route du Barcares;CLAIRA;42.777;2.917;R;E10;5;2026-10-07 08:26:00;2.162
66530001;Route du Barcares;CLAIRA;42.777;2.917;R;SP98;6;2026-10-07 08:26:00;2.279
12110003;Zone de Laubarède;Viviez;44.559847110438;2.2176349503696;R;Gazole;1;2026-10-07 11:01:19;2.269
12110003;Zone de Laubarède;Viviez;44.559847110438;2.2176349503696;R;E10;5;2026-10-07 11:01:20;2.139
72400006;49 ROUTE DE SAINT CALAIS;La Ferté-Bernard;48.178;0.663;R;Gazole;1;2026-10-07 10:00:00;2.327
72400006;49 ROUTE DE SAINT CALAIS;La Ferté-Bernard;48.178;0.663;R;SP95;2;2026-10-07 10:00:00;2.257
72400006;49 ROUTE DE SAINT CALAIS;La Ferté-Bernard;48.178;0.663;R;GPLc;4;2026-10-07 10:00:00;1.02
72400006;49 ROUTE DE SAINT CALAIS;La Ferté-Bernard;48.178;0.663;R;E10;5;2026-10-07 10:00:00;2.177
72400006;49 ROUTE DE SAINT CALAIS;La Ferté-Bernard;48.178;0.663;R;SP98;6;2026-10-07 10:00:00;2.277
91150010;32 Boulevard Saint-Michel;ÉTAMPES;48.44176;2.17016;R;Gazole;1;2026-10-07 09:06:45;2.339
91150010;32 Boulevard Saint-Michel;ÉTAMPES;48.44176;2.17016;R;E10;5;2026-10-07 09:06:45;2.163
82270002;AUTOROUTE A20 - AIRE DE BOIS DE DOURRE;MONTALZAT;44.23161;1.52955;A;Gazole;1;2026-10-07 00:01:00;2.25
82270002;AUTOROUTE A20 - AIRE DE BOIS DE DOURRE;MONTALZAT;44.23161;1.52955;A;E85;3;2026-10-07 00:01:00;0.999
82270002;AUTOROUTE A20 - AIRE DE BOIS DE DOURRE;MONTALZAT;44.23161;1.52955;A;GPLc;4;2026-10-07 00:01:00;1.114
82270002;AUTOROUTE A20 - AIRE DE BOIS DE DOURRE;MONTALZAT;44.23161;1.52955;A;E10;5;2026-10-07 00:01:00;1.99
82270002;AUTOROUTE A20 - AIRE DE BOIS DE DOURRE;MONTALZAT;44.23161;1.52955;A;SP98;6;2026-10-07 00:01:00;1.99
27220001;RD 52;SAINT-ANDRé-DE-L'EURE;48.911131318699994;1.26506172983;R;Gazole;1;2026-10-07 09:39:32;2.299
91400008;17 RUE ARCHANGE;ORSAY;48.69762;2.18628;R;Gazole;1;2026-10-07 00:01:00;2.25
91400008;17 RUE ARCHANGE;ORSAY;48.69762;2.18628;R;E85;3;2026-10-07 00:01:00;0.894
91400008;17 RUE ARCHANGE;ORSAY;48.69762;2.18628;R;E10;5;2026-10-07 00:01:00;1.99
91400008;17 RUE ARCHANGE;ORSAY;48.69762;2.18628;R;SP98;6;2026-10-07 00:01:00;1.99
10600002;4 Boulevard de l'Ouest;Sainte-Savine;48.305;4.027;R;Gazole;1;2026-10-07 10:55:02;2.309
10600002;4 Boulevard de l'Ouest;Sainte-Savine;48.305;4.027;R;SP95;2;2026-10-07 10:55:02;2.249
10600002;4 Boulevard de l'Ouest;Sainte-Savine;48.305;4.027;R;GPLc;4;2026-10-07 10:55:02;0.999
10600002;4 Boulevard de l'Ouest;Sainte-Savine;48.305;4.027;R;E10;5;2026-10-07 10:55:02;2.199
10600002;4 Boulevard de l'Ouest;Sainte-Savine;48.305;4.027;R;SP98;6;2026-10-07 10:55:02;2.319
43220001;Rue Traversière;Dunières;45.214;4.346;R;Gazole;1;2026-10-07 10:24:12;2.374
6530002;94 Avenue de Boutiny;Peymeinade;43.64464;6.88496;R;Gazole;1;2026-10-07 10:31:13;2.303
6530002;94 Avenue de Boutiny;Peymeinade;43.64464;6.88496;R;E10;5;2026-10-07 10:31:13;2.16
6530002;94 Avenue de Boutiny;Peymeinade;43.64464;6.88496;R;SP98;6;2026-10-07 10:31:13;2.247
78330003;30 RUE DE LA DEMENERIE;FONTENAY-LE-FLEURY;48.811311340762;2.0406115666011;R;Gazole;1;2026-10-07 08:55:02;2.319
78330003;30 RUE DE LA DEMENERIE;FONTENAY-LE-FLEURY;48.811311340762;2.0406115666011;R;E85;3;2026-10-07 08:55:02;0.829
78330003;30 RUE DE LA DEMENERIE;FONTENAY-LE-FLEURY;48.811311340762;2.0406115666011;R;E10;5;2026-10-07 08:55:02;2.149
78330003;30 RUE DE LA DEMENERIE;FONTENAY-LE-FLEURY;48.811311340762;2.0406115666011;R;SP98;6;2026-10-07 08:55:02;2.225
93800006;53 ROUTE DE SAINT LEU;Épinay-sur-Seine;48.949;2.343;R;Gazole;1;2026-10-07 00:01:00;2.25
93800006;53 ROUTE DE SAINT LEU;Épinay-sur-Seine;48.949;2.343;R;GPLc;4;2026-10-07 00:01:00;0.999
83400003;2 Avenue du Quinzième Corps;HYERES;43.12133;6.13816;R;Gazole;1;2026-10-07 06:30:00;2.499
83400003;2 Avenue du Quinzième Corps;HYERES;43.12133;6.13816;R;E10;5;2026-10-07 06:30:00;2.269
83400003;2 Avenue du Quinzième Corps;HYERES;43.12133;6.13816;R;SP98;6;2026-10-07 06:30:00;2.369
17137002;LE FIEF ARNAUD;Nieul-sur-Mer;46.20265;-1.17434;R;Gazole;1;2026-10-07 08:30:00;2.288
33480003;Route de Bordeaux;Avensan;45.023;-0.789;R;Gazole;1;2026-10-07 04:00:00;2.335
33480003;Route de Bordeaux;Avensan;45.023;-0.789;R;SP95;2;2026-10-07 04:00:00;2.175
33480003;Route de Bordeaux;Avensan;45.023;-0.789;R;E10;5;2026-10-07 04:00:00;2.135
33480003;Route de Bordeaux;Avensan;45.023;-0.789;R;SP98;6;2026-10-07 04:00:00;2.245
38670002;ZI DE L'ISLON;CHASSE SUR RHONE;45.582317;4.792002;R;Gazole;1;2026-10-07 00:00:00;2.624
13700009;AUTOROUTE A55 - AIRE GIGNAC SUD LA NERTHE;Gignac-la-Nerthe;43.388;5.245;A;Gazole;1;2026-10-07 00:01:00;2.25
13700009;AUTOROUTE A55 - AIRE GIGNAC SUD LA NERTHE;Gignac-la-Nerthe;43.388;5.245;A;E85;3;2026-10-07 00:01:00;0.999
13700009;AUTOROUTE A55 - AIRE GIGNAC SUD LA NERTHE;Gignac-la-Nerthe;43.388;5.245;A;GPLc;4;2026-10-07 00:01:00;1.084
13700009;AUTOROUTE A55 - AIRE GIGNAC SUD LA NERTHE;Gignac-la-Nerthe;43.388;5.245;A;E10;5;2026-10-07 00:01:00;1.99
13700009;AUTOROUTE A55 - AIRE GIGNAC SUD LA NERTHE;Gignac-la-Nerthe;43.388;5.245;A;SP98;6;2026-10-07 00:01:00;1.99
79500005;41 route de Poitiers;Saint-Léger-de-la-Martinière;46.224;-0.13;R;Gazole;1;2026-10-07 09:47:28;2.299
79500005;41 route de Poitiers;Saint-Léger-de-la-Martinière;46.224;-0.13;R;E10;5;2026-10-07 09:47:28;2.129
79500005;41 route de Poitiers;Saint-Léger-de-la-Martinière;46.224;-0.13;R;SP98;6;2026-10-07 09:47:28;2.239
87220001;CC LE MAS CERISE;FEYTIAT;45.812;1.322;R;Gazole;1;2026-10-07 07:47:08;2.361
87220001;CC LE MAS CERISE;FEYTIAT;45.812;1.322;R;E85;3;2026-10-07 07:47:08;0.889
87220001;CC LE MAS CERISE;FEYTIAT;45.812;1.322;R;E10;5;2026-10-07 07:47:08;2.164
87220001;CC LE MAS CERISE;FEYTIAT;45.812;1.322;R;SP98;6;2026-10-07 07:47:09;2.304
91480002;61 Rue de Brunoy;Quincy-sous-Sénart;48.677;2.527;R;GPLc;4;2026-10-07 08:04:33;1.07
75012020;238 RUE DE CHARENTON;Paris;48.83905;2.38906;R;Gazole;1;2026-10-07 06:00:00;2.25
83600021;AVENUE DE PROVENCE;FREJUS;43.427;6.745;R;Gazole;1;2026-10-07 00:01:00;2.25
83600021;AVENUE DE PROVENCE;FREJUS;43.427;6.745;R;E85;3;2026-10-07 10:16:16;0.911
83600021;AVENUE DE PROVENCE;FREJUS;43.427;6.745;R;E10;5;2026-10-07 10:16:16;1.99
83600021;AVENUE DE PROVENCE;FREJUS;43.427;6.745;R;SP98;6;2026-10-07 10:16:16;1.99
45000007;44 QUAI BARENTIN;ORLEANS;47.898;1.896;R;Gazole;1;2026-10-07 00:01:00;2.25
45000007;44 QUAI BARENTIN;ORLEANS;47.898;1.896;R;E10;5;2026-10-07 00:01:00;1.99
78990010;ROND-POINT DE L'HOTEL DE VILLE;ELANCOURT;48.768;1.952;R;Gazole;1;2026-10-07 00:01:00;2.25
78990010;ROND-POINT DE L'HOTEL DE VILLE;ELANCOURT;48.768;1.952;R;E10;5;2026-10-07 00:01:00;1.99
69200001;BD JOLIOT CURIE;VéNISSIEUX;45.717704140585994;4.8730545992255;R;Gazole;1;2026-10-07 08:26:00;2.311
69200001;BD JOLIOT CURIE;VéNISSIEUX;45.717704140585994;4.8730545992255;R;SP95;2;2026-10-07 08:26:00;2.226
69200001;BD JOLIOT CURIE;VéNISSIEUX;45.717704140585994;4.8730545992255;R;E10;5;2026-10-07 08:26:00;2.166
69200001;BD JOLIOT CURIE;VéNISSIEUX;45.717704140585994;4.8730545992255;R;SP98;6;2026-10-07 08:26:00;2.285
70180001;Rue Pasteur;Dampierre-sur-Salon;47.552;5.687;R;Gazole;1;2026-10-07 10:43:17;2.609
70180001;Rue Pasteur;Dampierre-sur-Salon;47.552;5.687;R;SP95;2;2026-10-07 10:43:17;2.449
42100017;148 RUE ANTOINE DURAFOUR;Saint-Étienne;45.422;4.397;R;Gazole;1;2026-10-07 00:01:00;2.25
42100017;148 RUE ANTOINE DURAFOUR;Saint-Étienne;45.422;4.397;R;E10;5;2026-10-07 00:01:00;1.99
42100017;148 RUE ANTOINE DURAFOUR;Saint-Étienne;45.422;4.397;R;SP98;6;2026-10-07 00:01:00;1.99
42000019;114-114 rue des Aciéries;Saint-Étienne;45.46;4.397;R;Gazole;1;2026-10-07 06:00:00;2.499
42000019;114-114 rue des Aciéries;Saint-Étienne;45.46;4.397;R;E85;3;2026-10-07 06:00:00;0.929
42000019;114-114 rue des Aciéries;Saint-Étienne;45.46;4.397;R;E10;5;2026-10-07 06:00:00;2.279
42000019;114-114 rue des Aciéries;Saint-Étienne;45.46;4.397;R;SP98;6;2026-10-07 06:00:00;2.379
22240001;LA NOE;Plurien;48.627;-2.405;R;Gazole;1;2026-10-07 08:01:17;2.25
22240001;LA NOE;Plurien;48.627;-2.405;R;E10;5;2026-10-07 08:01:17;1.99
22240001;LA NOE;Plurien;48.627;-2.405;R;SP98;6;2026-10-07 08:01:18;1.99
56520005;VOIE EXPRESS 165 - KERFLEURY;GUIDEL;47.821976600372;-3.46871357349;R;Gazole;1;2026-10-07 00:01:00;2.25
56520005;VOIE EXPRESS 165 - KERFLEURY;GUIDEL;47.821976600372;-3.46871357349;R;E85;3;2026-10-07 00:01:00;0.895
56520005;VOIE EXPRESS 165 - KERFLEURY;GUIDEL;47.821976600372;-3.46871357349;R;E10;5;2026-10-07 00:01:00;1.99
56520005;VOIE EXPRESS 165 - KERFLEURY;GUIDEL;47.821976600372;-3.46871357349;R;SP98;6;2026-10-07 00:01:00;1.99
44400009;RUE BAUCHE THIRAUD - ROCADE SUD;REZE;47.16;-1.551;R;Gazole;1;2026-10-07 00:01:00;2.25
44400009;RUE BAUCHE THIRAUD - ROCADE SUD;REZE;47.16;-1.551;R;E85;3;2026-10-07 00:01:00;0.893
44400009;RUE BAUCHE THIRAUD - ROCADE SUD;REZE;47.16;-1.551;R;GPLc;4;2026-10-07 00:01:00;0.929
44400009;RUE BAUCHE THIRAUD - ROCADE SUD;REZE;47.16;-1.551;R;E10;5;2026-10-07 00:01:00;1.99
44400009;RUE BAUCHE THIRAUD - ROCADE SUD;REZE;47.16;-1.551;R;SP98;6;2026-10-07 00:01:00;1.99
51000013;RN 44 - ROUTE DE VITRY LE FRANC;Châlons-en-Champagne;48.935;4.402;R;Gazole;1;2026-10-07 00:01:00;2.25
51000013;RN 44 - ROUTE DE VITRY LE FRANC;Châlons-en-Champagne;48.935;4.402;R;GPLc;4;2026-10-07 00:01:00;0.999
51000013;RN 44 - ROUTE DE VITRY LE FRANC;Châlons-en-Champagne;48.935;4.402;R;E10;5;2026-10-07 00:01:00;1.99
29750001;Rue du Général de Gaulle;Loctudy;47.833;-4.185;R;Gazole;1;2026-10-07 09:51:31;2.325
29750001;Rue du Général de Gaulle;Loctudy;47.833;-4.185;R;SP95;2;2026-10-07 09:51:31;2.179
29750001;Rue du Général de Gaulle;Loctudy;47.833;-4.185;R;SP98;6;2026-10-07 09:51:31;2.199
77290003;AERODROME DE MITRY;COMPANS;48.995636952778;2.6491095556006;R;Gazole;1;2026-10-07 00:00:00;2.624
39500007;ROUTE NATIONALE 73;DAMPARIS;47.048889;5.429444;R;Gazole;1;2026-10-07 00:00:00;2.624
67920001;2 Rue de Wittisheim;Sundhouse;48.25235;7.59527;R;Gazole;1;2026-10-07 08:18:00;2.479
76770003;73 RUE DU GENERAL DE GAULLE;LE HOULME;49.502;1.043;R;E85;3;2026-10-07 00:01:00;0.892
84110006;2918 route de vaison la romaine;SEGURET;44.229030660904;5.0139130168282;R;Gazole;1;2026-10-07 07:48:04;2.349
84110006;2918 route de vaison la romaine;SEGURET;44.229030660904;5.0139130168282;R;SP95;2;2026-10-07 07:48:04;2.289
47200005;Route de Bordeaux;MARMANDE;44.512;0.135;R;Gazole;1;2026-10-07 10:54:00;2.339
47200005;Route de Bordeaux;MARMANDE;44.512;0.135;R;SP95;2;2026-10-07 10:54:00;2.235
47200005;Route de Bordeaux;MARMANDE;44.512;0.135;R;E85;3;2026-10-07 10:54:00;0.889
47200005;Route de Bordeaux;MARMANDE;44.512;0.135;R;GPLc;4;2026-10-07 10:54:00;1.19
47200005;Route de Bordeaux;MARMANDE;44.512;0.135;R;E10;5;2026-10-07 10:54:00;2.219
47200005;Route de Bordeaux;MARMANDE;44.512;0.135;R;SP98;6;2026-10-07 10:54:00;2.239
71330001;Allée de la Balme;SAINT-GERMAIN-DU-BOIS;46.755;5.245;R;Gazole;1;2026-10-07 09:10:59;2.319
71330001;Allée de la Balme;SAINT-GERMAIN-DU-BOIS;46.755;5.245;R;E10;5;2026-10-07 09:10:59;2.189
39100005;7 rn 73;Choisey;47.064;5.455;R;Gazole;1;2026-10-07 10:11:12;2.32
62231001;RUE DU CAP DE BONNE ESPERANCE;COQUELLES;50.925303;1.8502560000000001;R;Gazole;1;2026-10-07 00:00:00;2.624
76210006;Aire de Bolleville A29;Bolleville;49.614;0.546;A;Gazole;1;2026-10-07 07:41:00;2.536
76210006;Aire de Bolleville A29;Bolleville;49.614;0.546;A;GPLc;4;2026-10-07 07:41:00;1.089
76210006;Aire de Bolleville A29;Bolleville;49.614;0.546;A;E10;5;2026-10-07 07:41:00;2.343
76210006;Aire de Bolleville A29;Bolleville;49.614;0.546;A;SP98;6;2026-10-07 07:41:00;2.443
79200011;20 boulevard Georges Clémenceau;PARTHENAY;46.640909;-0.26153099999999996;R;Gazole;1;2026-10-07 00:15:00;2.399
79200011;20 boulevard Georges Clémenceau;PARTHENAY;46.640909;-0.26153099999999996;R;E85;3;2026-10-07 00:15:00;0.895
79200011;20 boulevard Georges Clémenceau;PARTHENAY;46.640909;-0.26153099999999996;R;E10;5;2026-10-07 00:15:00;2.219
79200011;20 boulevard Georges Clémenceau;PARTHENAY;46.640909;-0.26153099999999996;R;SP98;6;2026-10-07 00:15:00;2.319
67116003;ROUTE D37;REICHSTETT;48.656552351845;7.7562861753134;R;Gazole;1;2026-10-07 00:00:00;2.624
37380001;La Croix Poêlon;Monnaie;47.501;0.789;R;Gazole;1;2026-10-07 10:47:26;2.299
37380001;La Croix Poêlon;Monnaie;47.501;0.789;R;SP95;2;2026-10-07 10:47:26;2.207
37380001;La Croix Poêlon;Monnaie;47.501;0.789;R;E85;3;2026-10-07 10:47:26;0.858
13790005;AUTOROUTE A8 AIRE DE LA SAINTE VICTOIRE;Rousset;43.47;5.655;A;Gazole;1;2026-10-07 09:30:00;2.475
13790005;AUTOROUTE A8 AIRE DE LA SAINTE VICTOIRE;Rousset;43.47;5.655;A;GPLc;4;2026-10-07 09:30:00;1.108
13790005;AUTOROUTE A8 AIRE DE LA SAINTE VICTOIRE;Rousset;43.47;5.655;A;E10;5;2026-10-07 09:30:00;2.289
13790005;AUTOROUTE A8 AIRE DE LA SAINTE VICTOIRE;Rousset;43.47;5.655;A;SP98;6;2026-10-07 09:30:00;2.393
76610006;Avenue Paul Verlaine;LE HAVRE;49.509322000000004;0.15951;R;Gazole;1;2026-10-07 07:48:58;2.3
76610006;Avenue Paul Verlaine;LE HAVRE;49.509322000000004;0.15951;R;SP95;2;2026-10-07 07:48:58;2.208
49480007;AIRE DES PORTES D'ANGERS NORD A11;Saint-Sylvain-d'Anjou;47.5;-0.491;A;Gazole;1;2026-10-07 09:43:07;2.559
49480007;AIRE DES PORTES D'ANGERS NORD A11;Saint-Sylvain-d'Anjou;47.5;-0.491;A;E10;5;2026-10-07 09:43:07;2.399
49480007;AIRE DES PORTES D'ANGERS NORD A11;Saint-Sylvain-d'Anjou;47.5;-0.491;A;SP98;6;2026-10-07 09:43:07;2.499
89400003;Voie Nouvelle Les Latteux;Migennes;47.973;3.511;R;Gazole;1;2026-10-07 10:06:00;2.377
89400003;Voie Nouvelle Les Latteux;Migennes;47.973;3.511;R;E85;3;2026-10-07 10:06:00;0.868
89400003;Voie Nouvelle Les Latteux;Migennes;47.973;3.511;R;E10;5;2026-10-07 10:06:00;2.134
89400003;Voie Nouvelle Les Latteux;Migennes;47.973;3.511;R;SP98;6;2026-10-07 10:06:00;2.256
1100009;RUE DU 19 MARS 1962;ARBENT;46.253;5.646;R;Gazole;1;2026-10-07 08:37:55;2.302
1100009;RUE DU 19 MARS 1962;ARBENT;46.253;5.646;R;E10;5;2026-10-07 08:37:55;2.164
66420001;BOULEVARD DU 14 JUILLET;LE BARCARèS;42.78737;3.0349;R;Gazole;1;2026-10-07 09:33:00;2.379
66420001;BOULEVARD DU 14 JUILLET;LE BARCARèS;42.78737;3.0349;R;E10;5;2026-10-07 09:33:00;2.189
66420001;BOULEVARD DU 14 JUILLET;LE BARCARèS;42.78737;3.0349;R;SP98;6;2026-10-07 09:33:00;2.299
13340005;ROUTE NATIONALE 113;ROGNAC;43.496204350752;5.2144995264378;R;Gazole;1;2026-10-07 00:00:00;2.624
23300010;14 LA CROISIERE;SAINT MAURICE LA SOUTERRAINE;46.20444;1.38583;R;Gazole;1;2026-10-07 00:00:00;2.624
62170002;Rue de Paris;CAMPIGNEULLES-LES-PETITES;50.448;1.749;R;SP98;6;2026-10-07 11:00:20;2.255
94600007;33 AV.DE LUGO;Choisy-le-Roi;48.771;2.409;R;Gazole;1;2026-10-07 00:01:00;2.25
51500002;RN 51 CHAMPFLEURY;CHAMPFLEURY;49.2;4.016;R;Gazole;1;2026-10-07 10:07:00;2.375
51500002;RN 51 CHAMPFLEURY;CHAMPFLEURY;49.2;4.016;R;E85;3;2026-10-07 10:07:00;0.869
51500002;RN 51 CHAMPFLEURY;CHAMPFLEURY;49.2;4.016;R;E10;5;2026-10-07 10:07:00;2.169
51500002;RN 51 CHAMPFLEURY;CHAMPFLEURY;49.2;4.016;R;SP98;6;2026-10-07 10:07:00;2.239
62910001;RUE BLEUE MAISON;Éperlecques;50.821;2.196;R;E10;5;2026-10-07 09:11:29;2.17
74310003;ROUTE NATIONALE 205 - AUTOROUTE BLANCHE;LES HOUCHES;45.89846;6.81174;R;Gazole;1;2026-10-07 00:01:00;2.25
74310003;ROUTE NATIONALE 205 - AUTOROUTE BLANCHE;LES HOUCHES;45.89846;6.81174;R;E85;3;2026-10-07 00:01:00;0.929
74310003;ROUTE NATIONALE 205 - AUTOROUTE BLANCHE;LES HOUCHES;45.89846;6.81174;R;GPLc;4;2026-10-07 00:01:00;1.019
74310003;ROUTE NATIONALE 205 - AUTOROUTE BLANCHE;LES HOUCHES;45.89846;6.81174;R;E10;5;2026-10-07 00:01:00;1.99
74310003;ROUTE NATIONALE 205 - AUTOROUTE BLANCHE;LES HOUCHES;45.89846;6.81174;R;SP98;6;2026-10-07 00:01:00;1.99
39300004;1 Avenue Jean Jaurès;Champagnole;46.74;5.916;R;Gazole;1;2026-10-07 10:33:36;2.371
39300004;1 Avenue Jean Jaurès;Champagnole;46.74;5.916;R;E10;5;2026-10-07 10:33:36;2.191
3400005;ZONE ARTISANALE DU LARRY;TOULON SUR ALLIER;46.506387000000004;3.3617220000000003;R;Gazole;1;2026-10-07 00:00:00;2.624
4100012;41 Avenue Saint Lazare;Manosque;43.831047865361;5.7909129593379;R;Gazole;1;2026-10-07 06:12:33;2.34
4100012;41 Avenue Saint Lazare;Manosque;43.831047865361;5.7909129593379;R;E10;5;2026-10-07 06:12:33;2.22
78550004;RN12 E12-LE VAL RAYMOND;Maulette;48.793;1.631;R;Gazole;1;2026-10-07 05:47:15;2.469
78550004;RN12 E12-LE VAL RAYMOND;Maulette;48.793;1.631;R;E85;3;2026-10-07 05:47:15;1.035
78550004;RN12 E12-LE VAL RAYMOND;Maulette;48.793;1.631;R;GPLc;4;2026-10-07 05:47:15;1.089
78550004;RN12 E12-LE VAL RAYMOND;Maulette;48.793;1.631;R;E10;5;2026-10-07 05:47:15;2.319
78550004;RN12 E12-LE VAL RAYMOND;Maulette;48.793;1.631;R;SP98;6;2026-10-07 05:47:15;2.399
34070019;129 AVENUE DE LODEVE;MONTPELLIER;43.61;3.839;R;Gazole;1;2026-10-07 10:28:53;2.25
34070019;129 AVENUE DE LODEVE;MONTPELLIER;43.61;3.839;R;E10;5;2026-10-07 10:28:53;1.99
45520003;AUTOROUTE A10 - AIRE D'ORLÉANS-SARAN;GIDY;47.98;1.856;A;Gazole;1;2026-10-07 00:01:00;2.25
45520003;AUTOROUTE A10 - AIRE D'ORLÉANS-SARAN;GIDY;47.98;1.856;A;E85;3;2026-10-07 00:01:00;0.999
45520003;AUTOROUTE A10 - AIRE D'ORLÉANS-SARAN;GIDY;47.98;1.856;A;GPLc;4;2026-10-07 00:01:00;1.104
45520003;AUTOROUTE A10 - AIRE D'ORLÉANS-SARAN;GIDY;47.98;1.856;A;E10;5;2026-10-07 00:01:00;1.99
45520003;AUTOROUTE A10 - AIRE D'ORLÉANS-SARAN;GIDY;47.98;1.856;A;SP98;6;2026-10-07 00:01:00;1.99
13003004;83 BD DE PLOMBIERES;Marseille;43.317;5.381;R;Gazole;1;2026-10-07 00:01:00;2.25
13003004;83 BD DE PLOMBIERES;Marseille;43.317;5.381;R;E85;3;2026-10-07 00:01:00;0.907
13003004;83 BD DE PLOMBIERES;Marseille;43.317;5.381;R;E10;5;2026-10-07 00:01:00;1.99
56640001;ZA DU REDO;Arzon;47.542;-2.879;R;Gazole;1;2026-10-07 09:57:22;2.359
78310006;AVENUE DE LANGRES;MAUREPAS;48.762;1.946;R;Gazole;1;2026-10-07 00:01:00;2.25
40990002;226 Rue Maurice Menton;Saint-Paul-lès-Dax;43.732;-1.045;R;Gazole;1;2026-10-07 10:54:00;2.363
40990002;226 Rue Maurice Menton;Saint-Paul-lès-Dax;43.732;-1.045;R;SP95;2;2026-10-07 10:54:00;2.216
40990002;226 Rue Maurice Menton;Saint-Paul-lès-Dax;43.732;-1.045;R;E85;3;2026-10-07 10:54:00;0.869
40990002;226 Rue Maurice Menton;Saint-Paul-lès-Dax;43.732;-1.045;R;E10;5;2026-10-07 10:54:00;2.138
13006005;78 AV DE TOULON;MARSEILLE;43.285;5.391;R;E10;5;2026-10-07 07:02:39;1.99
13006005;78 AV DE TOULON;MARSEILLE;43.285;5.391;R;SP98;6;2026-10-07 07:02:39;1.99
11000007;Route de Toulouse;Carcassonne;43.225;2.329;R;Gazole;1;2026-10-07 10:50:00;2.378
11000007;Route de Toulouse;Carcassonne;43.225;2.329;R;SP95;2;2026-10-07 10:50:00;2.275
11000007;Route de Toulouse;Carcassonne;43.225;2.329;R;E10;5;2026-10-07 10:50:00;2.193
11000007;Route de Toulouse;Carcassonne;43.225;2.329;R;SP98;6;2026-10-07 10:50:00;2.295
18110001;Route de Paris;SAINT-MARTIN-D'AUXIGNY;47.210547849899996;2.42521747273;R;Gazole;1;2026-10-07 09:44:05;2.325
18110001;Route de Paris;SAINT-MARTIN-D'AUXIGNY;47.210547849899996;2.42521747273;R;E10;5;2026-10-07 09:44:05;2.199
18110001;Route de Paris;SAINT-MARTIN-D'AUXIGNY;47.210547849899996;2.42521747273;R;SP98;6;2026-10-07 09:44:05;2.316
73460002;217 rue du grand Arc Carrefour des vallées;TOURNON;45.646;6.33;R;Gazole;1;2026-10-07 07:57:55;2.335
73460002;217 rue du grand Arc Carrefour des vallées;TOURNON;45.646;6.33;R;E10;5;2026-10-07 07:57:55;2.149
6110008;14 Chemin des Campelières;Le Cannet;43.581;7.007;R;Gazole;1;2026-10-07 10:23:44;2.399
33380004;1 rue Jean Marie Pelt - CS50510;MIOS;44.617;-0.918;R;Gazole;1;2026-10-07 10:54:00;2.339
33380004;1 rue Jean Marie Pelt - CS50510;MIOS;44.617;-0.918;R;E85;3;2026-10-07 10:54:00;0.855
33380004;1 rue Jean Marie Pelt - CS50510;MIOS;44.617;-0.918;R;GPLc;4;2026-10-07 10:54:00;1.047
33380004;1 rue Jean Marie Pelt - CS50510;MIOS;44.617;-0.918;R;E10;5;2026-10-07 10:54:00;2.129
33380004;1 rue Jean Marie Pelt - CS50510;MIOS;44.617;-0.918;R;SP98;6;2026-10-07 10:54:00;2.235
87280008;25 Avenue Georges Guingouin;LIMOGES;45.907;1.297;R;E10;5;2026-10-07 00:01:00;1.99
77330004;RN4 LIEUDIT L ERABLE;Ozoir-la-Ferrière;48.766943966835996;2.6511255845880997;R;Gazole;1;2026-10-07 00:01:00;2.25
77330004;RN4 LIEUDIT L ERABLE;Ozoir-la-Ferrière;48.766943966835996;2.6511255845880997;R;E85;3;2026-10-07 00:01:00;0.897
77330004;RN4 LIEUDIT L ERABLE;Ozoir-la-Ferrière;48.766943966835996;2.6511255845880997;R;GPLc;4;2026-10-07 00:01:00;0.981
77330004;RN4 LIEUDIT L ERABLE;Ozoir-la-Ferrière;48.766943966835996;2.6511255845880997;R;E10;5;2026-10-07 00:01:00;1.99
13160001;CHEMIN DE L'ORATOIRE;CHâTEAURENARD;43.886791799165;4.8538292267059;R;Gazole;1;2026-10-07 10:00:00;2.409
13160001;CHEMIN DE L'ORATOIRE;CHâTEAURENARD;43.886791799165;4.8538292267059;R;E10;5;2026-10-07 10:00:00;2.287
13160001;CHEMIN DE L'ORATOIRE;CHâTEAURENARD;43.886791799165;4.8538292267059;R;SP98;6;2026-10-07 10:00:00;2.347
38670003;1515 AVENUE MISTRAL;Chasse-sur-Rhône;45.574;4.811;R;Gazole;1;2026-10-07 10:33:29;2.269
38670003;1515 AVENUE MISTRAL;Chasse-sur-Rhône;45.574;4.811;R;E10;5;2026-10-07 10:33:29;2.129
38670003;1515 AVENUE MISTRAL;Chasse-sur-Rhône;45.574;4.811;R;SP98;6;2026-10-07 10:33:29;2.259
74600013;A41 AIRE DE LA RIPAILLE;SEYNOD;45.877;6.073;A;Gazole;1;2026-10-07 00:01:00;2.25
74600013;A41 AIRE DE LA RIPAILLE;SEYNOD;45.877;6.073;A;E85;3;2026-10-07 00:01:00;0.999
74600013;A41 AIRE DE LA RIPAILLE;SEYNOD;45.877;6.073;A;GPLc;4;2026-10-07 00:01:00;1.109
74600013;A41 AIRE DE LA RIPAILLE;SEYNOD;45.877;6.073;A;E10;5;2026-10-07 00:01:00;1.99
74600013;A41 AIRE DE LA RIPAILLE;SEYNOD;45.877;6.073;A;SP98;6;2026-10-07 00:01:00;1.99
30340006;RTE D'UZES;MEJANNES LES ALES;44.1;4.138;R;Gazole;1;2026-10-07 08:11:50;2.39
30340006;RTE D'UZES;MEJANNES LES ALES;44.1;4.138;R;E85;3;2026-10-07 08:11:50;0.85
30340006;RTE D'UZES;MEJANNES LES ALES;44.1;4.138;R;GPLc;4;2026-10-07 08:11:50;1.2
30340006;RTE D'UZES;MEJANNES LES ALES;44.1;4.138;R;E10;5;2026-10-07 08:11:50;2.23
6500005;45 AV DE ST ROMAN;MENTON;43.805;7.487;R;Gazole;1;2026-10-07 09:08:28;2.459
6500005;45 AV DE ST ROMAN;MENTON;43.805;7.487;R;SP95;2;2026-10-07 09:08:28;2.318
6500005;45 AV DE ST ROMAN;MENTON;43.805;7.487;R;E85;3;2026-10-07 09:08:28;0.869
6500005;45 AV DE ST ROMAN;MENTON;43.805;7.487;R;E10;5;2026-10-07 09:08:28;2.252
6500005;45 AV DE ST ROMAN;MENTON;43.805;7.487;R;SP98;6;2026-10-07 09:08:29;2.382
1340004;771 Route de Bourg;ATTIGNAT;46.279;5.165;R;Gazole;1;2026-10-07 10:05:31;2.435
1340004;771 Route de Bourg;ATTIGNAT;46.279;5.165;R;SP95;2;2026-10-07 10:05:32;2.346
31076001;36 route de bayonne;TOULOUSE;43.609;1.397;R;Gazole;1;2026-10-07 08:26:00;2.388
31076001;36 route de bayonne;TOULOUSE;43.609;1.397;R;SP95;2;2026-10-07 08:26:00;2.231
31076001;36 route de bayonne;TOULOUSE;43.609;1.397;R;E85;3;2026-10-07 08:26:00;0.881
31076001;36 route de bayonne;TOULOUSE;43.609;1.397;R;GPLc;4;2026-10-07 08:26:00;1.102
31076001;36 route de bayonne;TOULOUSE;43.609;1.397;R;E10;5;2026-10-07 08:26:00;2.195
31076001;36 route de bayonne;TOULOUSE;43.609;1.397;R;SP98;6;2026-10-07 08:26:00;2.284
62380003;ZAC DES SARS;LUMBRES;50.714;2.109;R;Gazole;1;2026-10-07 08:30:02;2.349
62380003;ZAC DES SARS;LUMBRES;50.714;2.109;R;E10;5;2026-10-07 08:30:03;2.119
17200003;176 Avenue de Rochefort;ROYAN;45.64756295629999;-1.02447404804;R;Gazole;1;2026-10-07 09:28:29;2.25
35590008;ROUTE NATIONALE 12 - AIRE DU PAYS DE RENNES;Saint-Gilles;48.1648935963;-1.86619891216;R;Gazole;1;2026-10-07 00:01:00;2.25
35590008;ROUTE NATIONALE 12 - AIRE DU PAYS DE RENNES;Saint-Gilles;48.1648935963;-1.86619891216;R;E85;3;2026-10-07 00:01:00;0.888
35590008;ROUTE NATIONALE 12 - AIRE DU PAYS DE RENNES;Saint-Gilles;48.1648935963;-1.86619891216;R;GPLc;4;2026-10-07 00:01:00;0.954
35590008;ROUTE NATIONALE 12 - AIRE DU PAYS DE RENNES;Saint-Gilles;48.1648935963;-1.86619891216;R;E10;5;2026-10-07 00:01:00;1.99
35590008;ROUTE NATIONALE 12 - AIRE DU PAYS DE RENNES;Saint-Gilles;48.1648935963;-1.86619891216;R;SP98;6;2026-10-07 00:01:00;1.99
67000026;49 RTE DU RHIN;STRASBOURG;48.57287;7.78835;R;Gazole;1;2026-10-07 00:01:00;2.25
76600023;600 RUE DE VERDUN;LE HAVRE;49.503;0.191;R;E10;5;2026-10-07 00:01:00;1.99
69620003;LES PONTS TARRETS 118 RD 385;LEGNY;45.907;4.576;R;Gazole;1;2026-10-07 08:54:05;2.339
69620003;LES PONTS TARRETS 118 RD 385;LEGNY;45.907;4.576;R;E10;5;2026-10-07 08:54:05;2.179
69620003;LES PONTS TARRETS 118 RD 385;LEGNY;45.907;4.576;R;SP98;6;2026-10-07 08:54:05;2.289
37250006;RUE DES PEUPLIERS - ROND POINT DU FOUR A CHAUX;Sorigny;47.246553839515;0.69664144470514;R;Gazole;1;2026-10-07 09:48:39;2.349
37250006;RUE DES PEUPLIERS - ROND POINT DU FOUR A CHAUX;Sorigny;47.246553839515;0.69664144470514;R;E10;5;2026-10-07 09:48:40;2.149
92400020;43-47 BOULEVARD DE VERDUN;COURBEVOIE;48.9;2.261;R;Gazole;1;2026-10-07 00:01:00;2.25
18000004;110 Avenue Marcel Haegelen;BOURGES;47.07082;2.37747;R;Gazole;1;2026-10-07 08:15:05;2.389
18000004;110 Avenue Marcel Haegelen;BOURGES;47.07082;2.37747;R;E10;5;2026-10-07 08:15:05;2.199
18000004;110 Avenue Marcel Haegelen;BOURGES;47.07082;2.37747;R;SP98;6;2026-10-07 08:15:05;2.338
16000009;BD DU 8 MAI 1945;ANGOULEME;45.66;0.165;R;Gazole;1;2026-10-07 00:01:00;2.25
7200006;Quartier Les ChampsSaint Etienne Fontbellon;SAINT-ÉTIENNE-DE-FONTBELLON;44.6;4.384;R;Gazole;1;2026-10-07 08:55:37;2.298
7200006;Quartier Les ChampsSaint Etienne Fontbellon;SAINT-ÉTIENNE-DE-FONTBELLON;44.6;4.384;R;E10;5;2026-10-07 08:55:37;2.155
7200006;Quartier Les ChampsSaint Etienne Fontbellon;SAINT-ÉTIENNE-DE-FONTBELLON;44.6;4.384;R;SP98;6;2026-10-07 08:55:37;2.259
57000011;56 Rue de Pouilly;Metz;49.07468;6.18439;R;Gazole;1;2026-10-07 08:03:32;2.299
57000011;56 Rue de Pouilly;Metz;49.07468;6.18439;R;E10;5;2026-10-07 08:03:32;2.149
57000011;56 Rue de Pouilly;Metz;49.07468;6.18439;R;SP98;6;2026-10-07 08:03:32;2.259
8300008;4 RUE DE MONTPELLIER;RETHEL;49.504;4.36;R;Gazole;1;2026-10-07 00:01:00;2.25
8300008;4 RUE DE MONTPELLIER;RETHEL;49.504;4.36;R;E85;3;2026-10-07 00:01:00;0.884
35370002;8 rue des Sports;Argentré-du-Plessis;48.06;-1.152;R;Gazole;1;2026-10-07 08:06:03;2.349
74380001;45 route de Ripaille - P.A. de la Menoge;BONNE;46.172;6.312;R;Gazole;1;2026-10-07 07:01:28;2.359
74380001;45 route de Ripaille - P.A. de la Menoge;BONNE;46.172;6.312;R;SP95;2;2026-10-07 07:01:29;2.257
74380001;45 route de Ripaille - P.A. de la Menoge;BONNE;46.172;6.312;R;E85;3;2026-10-07 07:01:29;0.884
74380001;45 route de Ripaille - P.A. de la Menoge;BONNE;46.172;6.312;R;GPLc;4;2026-10-07 07:01:29;1.089
74380001;45 route de Ripaille - P.A. de la Menoge;BONNE;46.172;6.312;R;E10;5;2026-10-07 07:01:29;2.177
68390004;AUTOROUTE A35 - AIRE DE BATTENHEIM;BATTENHEIM;47.8369131343;7.3954061823;A;Gazole;1;2026-10-07 00:01:00;2.25
68390004;AUTOROUTE A35 - AIRE DE BATTENHEIM;BATTENHEIM;47.8369131343;7.3954061823;A;E85;3;2026-10-07 00:01:00;0.999
68390004;AUTOROUTE A35 - AIRE DE BATTENHEIM;BATTENHEIM;47.8369131343;7.3954061823;A;E10;5;2026-10-07 00:01:00;1.99
68390004;AUTOROUTE A35 - AIRE DE BATTENHEIM;BATTENHEIM;47.8369131343;7.3954061823;A;SP98;6;2026-10-07 00:01:00;1.99
59310001;RUE CLAUDE JEAN;Orchies;50.471;3.248;R;E85;3;2026-10-07 08:21:10;0.855
59310001;RUE CLAUDE JEAN;Orchies;50.471;3.248;R;E10;5;2026-10-07 08:21:10;2.135
91190011;155 AVENUE DU GENERAL LECLERC;Gif-sur-Yvette;48.70346;2.10705;R;E85;3;2026-10-07 00:01:00;0.895
54700010;AUTOROUTE A31 - AIRE L'OBRION;LOISY;48.855856302199996;6.08777352389;A;Gazole;1;2026-10-07 09:00:00;2.25
54700010;AUTOROUTE A31 - AIRE L'OBRION;LOISY;48.855856302199996;6.08777352389;A;E85;3;2026-10-07 09:00:00;0.999
54700010;AUTOROUTE A31 - AIRE L'OBRION;LOISY;48.855856302199996;6.08777352389;A;GPLc;4;2026-10-07 09:00:00;1.068
54700010;AUTOROUTE A31 - AIRE L'OBRION;LOISY;48.855856302199996;6.08777352389;A;E10;5;2026-10-07 09:00:00;1.99
54700010;AUTOROUTE A31 - AIRE L'OBRION;LOISY;48.855856302199996;6.08777352389;A;SP98;6;2026-10-07 09:00:00;1.99
54300005;RN 333;VITRIMONT;48.591;6.426;R;Gazole;1;2026-10-07 07:41:00;2.468
54300005;RN 333;VITRIMONT;48.591;6.426;R;GPLc;4;2026-10-07 07:41:00;1.009
54300005;RN 333;VITRIMONT;48.591;6.426;R;E10;5;2026-10-07 07:41:00;2.248
54300005;RN 333;VITRIMONT;48.591;6.426;R;SP98;6;2026-10-07 07:41:00;2.348
77150004;AV DES HYVERNAUX - RD 51;LESIGNY;48.739;2.607;R;Gazole;1;2026-10-07 00:01:00;2.25
77150004;AV DES HYVERNAUX - RD 51;LESIGNY;48.739;2.607;R;E85;3;2026-10-07 00:01:00;0.884
77150004;AV DES HYVERNAUX - RD 51;LESIGNY;48.739;2.607;R;E10;5;2026-10-07 00:01:00;1.99
77150004;AV DES HYVERNAUX - RD 51;LESIGNY;48.739;2.607;R;SP98;6;2026-10-07 00:01:00;1.99
95280001;Les versants de l'Hautil;Jouy-le-Moutier;49.010841476844;2.0298330278809;R;Gazole;1;2026-10-07 07:38:46;2.409
95280001;Les versants de l'Hautil;Jouy-le-Moutier;49.010841476844;2.0298330278809;R;SP95;2;2026-10-07 07:38:46;2.249
95280001;Les versants de l'Hautil;Jouy-le-Moutier;49.010841476844;2.0298330278809;R;SP98;6;2026-10-07 07:38:46;2.299
38130002;8 place Grande Moucherolle;Échirolles;45.148;5.693;R;Gazole;1;2026-10-07 09:41:00;2.359
38130002;8 place Grande Moucherolle;Échirolles;45.148;5.693;R;SP95;2;2026-10-07 09:41:00;2.225
38130002;8 place Grande Moucherolle;Échirolles;45.148;5.693;R;E10;5;2026-10-07 09:41:00;2.175
38130002;8 place Grande Moucherolle;Échirolles;45.148;5.693;R;SP98;6;2026-10-07 09:41:00;2.281
29000006;150 Route de Brest;Quimper;48.01593;-4.08164;R;Gazole;1;2026-10-07 07:28:23;2.295
57580001;51 Rue de Metz;RéMILLY;49.017;6.384;R;Gazole;1;2026-10-07 07:43:24;2.25
57580001;51 Rue de Metz;RéMILLY;49.017;6.384;R;E10;5;2026-10-07 07:43:24;1.99
51210004;10 Rue du Faubourg de Condé;Montmirail;48.873;3.54;R;Gazole;1;2026-10-07 10:09:00;2.358
51210004;10 Rue du Faubourg de Condé;Montmirail;48.873;3.54;R;E10;5;2026-10-07 10:09:00;2.139
51210004;10 Rue du Faubourg de Condé;Montmirail;48.873;3.54;R;SP98;6;2026-10-07 10:09:00;2.229
82410003;8 RUE DU MARCHE;Saint-Étienne-de-Tulmont;44.049;1.463;R;Gazole;1;2026-10-07 10:38:40;2.319
82410003;8 RUE DU MARCHE;Saint-Étienne-de-Tulmont;44.049;1.463;R;E10;5;2026-10-07 10:38:41;2.159
60100007;LA VALLEE DE NOGENT-RN16;CREIL;49.272;2.486;R;GPLc;4;2026-10-07 00:01:00;0.981
60100007;LA VALLEE DE NOGENT-RN16;CREIL;49.272;2.486;R;E10;5;2026-10-07 00:01:00;1.99
69220006;Le Pré de la Cloche;Belleville;46.104;4.747;R;Gazole;1;2026-10-07 10:34:23;2.309
69220006;Le Pré de la Cloche;Belleville;46.104;4.747;R;E10;5;2026-10-07 10:34:24;2.169
83500004;Quartier Lery;LA SEYNE-SUR-MER;43.11;5.86;R;Gazole;1;2026-10-07 07:08:08;2.26
83500004;Quartier Lery;LA SEYNE-SUR-MER;43.11;5.86;R;E10;5;2026-10-07 07:08:08;2.155
83500004;Quartier Lery;LA SEYNE-SUR-MER;43.11;5.86;R;SP98;6;2026-10-07 07:08:08;2.265
67510001;45 ROUTE DE BITCHE;LEMBACH;49.008;7.789;R;Gazole;1;2026-10-07 07:18:23;2.475
67510001;45 ROUTE DE BITCHE;LEMBACH;49.008;7.789;R;E10;5;2026-10-07 07:18:23;2.313
86000013;108 Avenue du 8 Mai 1945;POITIERS;46.56141;0.31494;R;Gazole;1;2026-10-07 11:02:12;2.319
86000013;108 Avenue du 8 Mai 1945;POITIERS;46.56141;0.31494;R;SP95;2;2026-10-07 11:02:13;2.188
86000013;108 Avenue du 8 Mai 1945;POITIERS;46.56141;0.31494;R;SP98;6;2026-10-07 11:02:13;2.238
93500008;130-132 AVENUE DU GENERAL LECLERC;PANTIN;48.9;2.411;R;Gazole;1;2026-10-07 00:01:00;2.25
93500008;130-132 AVENUE DU GENERAL LECLERC;PANTIN;48.9;2.411;R;E10;5;2026-10-07 00:01:00;1.99
93500008;130-132 AVENUE DU GENERAL LECLERC;PANTIN;48.9;2.411;R;SP98;6;2026-10-07 00:01:00;1.99
6250012;AUTOROUTE A8 - AIRE DES BREGUIÈRES;MOUGINS;43.592039865594;7.0361577914048;A;Gazole;1;2026-10-07 09:30:00;2.593
6250012;AUTOROUTE A8 - AIRE DES BREGUIÈRES;MOUGINS;43.592039865594;7.0361577914048;A;E10;5;2026-10-07 09:30:00;2.552
6250012;AUTOROUTE A8 - AIRE DES BREGUIÈRES;MOUGINS;43.592039865594;7.0361577914048;A;SP98;6;2026-10-07 09:30:00;2.702
26780009;AUTOROUTE A7 - AIRE DE MONTELIMAR VL;Allan;44.514;4.783;A;Gazole;1;2026-10-07 09:30:00;2.591
26780009;AUTOROUTE A7 - AIRE DE MONTELIMAR VL;Allan;44.514;4.783;A;GPLc;4;2026-10-07 09:30:00;1.144
26780009;AUTOROUTE A7 - AIRE DE MONTELIMAR VL;Allan;44.514;4.783;A;E10;5;2026-10-07 09:30:00;2.552
26780009;AUTOROUTE A7 - AIRE DE MONTELIMAR VL;Allan;44.514;4.783;A;SP98;6;2026-10-07 09:30:00;2.702
86200004;FAUBOURG SAINT LAZARE;LOUDUN;46.997;0.092;R;Gazole;1;2026-10-07 08:27:23;2.329
2603001;Avenue de la Ferté Milon;VILLERS-COTTERêTS;49.24;3.098;R;Gazole;1;2026-10-07 10:07:00;2.356
2603001;Avenue de la Ferté Milon;VILLERS-COTTERêTS;49.24;3.098;R;SP95;2;2026-10-07 10:07:00;2.209
2603001;Avenue de la Ferté Milon;VILLERS-COTTERêTS;49.24;3.098;R;E85;3;2026-10-07 10:07:00;0.873
2603001;Avenue de la Ferté Milon;VILLERS-COTTERêTS;49.24;3.098;R;E10;5;2026-10-07 10:07:00;2.141
2603001;Avenue de la Ferté Milon;VILLERS-COTTERêTS;49.24;3.098;R;SP98;6;2026-10-07 10:07:00;2.225
81120002;27 Rue de la Bouriotte;Réalmont;43.77115;2.18349;R;Gazole;1;2026-10-07 09:43:45;2.319
81120002;27 Rue de la Bouriotte;Réalmont;43.77115;2.18349;R;SP95;2;2026-10-07 09:43:45;2.245
81120002;27 Rue de la Bouriotte;Réalmont;43.77115;2.18349;R;E10;5;2026-10-07 09:43:45;2.165
81120002;27 Rue de la Bouriotte;Réalmont;43.77115;2.18349;R;SP98;6;2026-10-07 09:43:45;2.268
29800004;Z.A. de Croas-ar-Nézic;SAINT-THONAN;48.472;-4.323;R;Gazole;1;2026-10-07 09:59:00;2.316
29800004;Z.A. de Croas-ar-Nézic;SAINT-THONAN;48.472;-4.323;R;SP95;2;2026-10-07 09:59:00;2.152
29800004;Z.A. de Croas-ar-Nézic;SAINT-THONAN;48.472;-4.323;R;E10;5;2026-10-07 09:59:00;2.109
28310011;LA HAUTE BORNE;Toury;48.1962525;1.9367845626934999;R;Gazole;1;2026-10-07 08:56:55;2.339
95310011;RN 184 - ZI VERT GALANT;Saint-Ouen-l'Aumône;49.047756660000005;2.13195072;R;Gazole;1;2026-10-07 00:01:00;2.25
95310011;RN 184 - ZI VERT GALANT;Saint-Ouen-l'Aumône;49.047756660000005;2.13195072;R;E85;3;2026-10-07 00:01:00;0.885
93390001;12 Allée de la Fosse-Maussoin;CLICHY-SOUS-BOIS;48.907;2.532;R;Gazole;1;2026-10-07 10:09:00;2.365
93390001;12 Allée de la Fosse-Maussoin;CLICHY-SOUS-BOIS;48.907;2.532;R;SP95;2;2026-10-07 10:09:00;2.194
93390001;12 Allée de la Fosse-Maussoin;CLICHY-SOUS-BOIS;48.907;2.532;R;E10;5;2026-10-07 10:09:00;2.154
93390001;12 Allée de la Fosse-Maussoin;CLICHY-SOUS-BOIS;48.907;2.532;R;SP98;6;2026-10-07 10:09:00;2.252
44190008;Rue des Malifestes;Clisson;47.099;-1.282;R;Gazole;1;2026-10-07 10:00:00;2.308
44190008;Rue des Malifestes;Clisson;47.099;-1.282;R;SP95;2;2026-10-07 10:00:00;2.188
44190008;Rue des Malifestes;Clisson;47.099;-1.282;R;E85;3;2026-10-07 10:00:00;0.79
44190008;Rue des Malifestes;Clisson;47.099;-1.282;R;E10;5;2026-10-07 10:00:00;2.108
44190008;Rue des Malifestes;Clisson;47.099;-1.282;R;SP98;6;2026-10-07 10:00:00;2.218
38330002;Chemin des Évêquaux;Biviers;45.24;5.814;R;Gazole;1;2026-10-07 07:31:00;2.368
38330002;Chemin des Évêquaux;Biviers;45.24;5.814;R;E85;3;2026-10-07 07:31:00;1.069
38330002;Chemin des Évêquaux;Biviers;45.24;5.814;R;E10;5;2026-10-07 07:31:00;2.215
38330002;Chemin des Évêquaux;Biviers;45.24;5.814;R;SP98;6;2026-10-07 07:31:00;2.323
41000021;A10 Aire de Blois Ménars;Villerbon;47.663;1.387;A;Gazole;1;2026-10-07 07:41:00;2.493
41000021;A10 Aire de Blois Ménars;Villerbon;47.663;1.387;A;E85;3;2026-10-07 07:41:00;0.999
41000021;A10 Aire de Blois Ménars;Villerbon;47.663;1.387;A;GPLc;4;2026-10-07 07:41:00;1.109
41000021;A10 Aire de Blois Ménars;Villerbon;47.663;1.387;A;E10;5;2026-10-07 07:41:00;2.344
41000021;A10 Aire de Blois Ménars;Villerbon;47.663;1.387;A;SP98;6;2026-10-07 07:41:00;2.444
81000009;C.C LES PORTES ALBI/FONLABOUR;Albi;43.918832183849;2.1073591948000003;R;Gazole;1;2026-10-07 10:53:00;2.347
81000009;C.C LES PORTES ALBI/FONLABOUR;Albi;43.918832183849;2.1073591948000003;R;E85;3;2026-10-07 10:53:00;0.869
81000009;C.C LES PORTES ALBI/FONLABOUR;Albi;43.918832183849;2.1073591948000003;R;GPLc;4;2026-10-07 10:53:00;1.059
81000009;C.C LES PORTES ALBI/FONLABOUR;Albi;43.918832183849;2.1073591948000003;R;E10;5;2026-10-07 10:53:00;2.182
81000009;C.C LES PORTES ALBI/FONLABOUR;Albi;43.918832183849;2.1073591948000003;R;SP98;6;2026-10-07 10:53:00;2.268
88160003;Route Ménil;LE THILLOT;47.889;6.775;R;Gazole;1;2026-10-07 10:00:57;2.349
88160003;Route Ménil;LE THILLOT;47.889;6.775;R;E85;3;2026-10-07 10:00:57;0.869
88160003;Route Ménil;LE THILLOT;47.889;6.775;R;E10;5;2026-10-07 10:00:57;2.159
88160003;Route Ménil;LE THILLOT;47.889;6.775;R;SP98;6;2026-10-07 10:00:57;2.279
30700001;PONT DES CHARETTES;UZèS;43.99;4.429;R;Gazole;1;2026-10-07 00:46:00;2.381
30700001;PONT DES CHARETTES;UZèS;43.99;4.429;R;SP95;2;2026-10-07 00:46:00;2.266
30700001;PONT DES CHARETTES;UZèS;43.99;4.429;R;E10;5;2026-10-07 00:46:00;2.188
30700001;PONT DES CHARETTES;UZèS;43.99;4.429;R;SP98;6;2026-10-07 00:46:00;2.323
71500008;RUE DE BEAUFORT;LOUHANS;46.626399073692;5.2341068681992;R;Gazole;1;2026-10-07 07:43:42;2.338
71500008;RUE DE BEAUFORT;LOUHANS;46.626399073692;5.2341068681992;R;E10;5;2026-10-07 07:43:42;2.199
71500008;RUE DE BEAUFORT;LOUHANS;46.626399073692;5.2341068681992;R;SP98;6;2026-10-07 07:43:42;2.329
2470001;2 RUE Jese RACINE;Neuilly-Saint-Front;49.169;3.257;R;Gazole;1;2026-10-07 10:10:00;2.356
2470001;2 RUE Jese RACINE;Neuilly-Saint-Front;49.169;3.257;R;E10;5;2026-10-07 10:10:00;2.141
2470001;2 RUE Jese RACINE;Neuilly-Saint-Front;49.169;3.257;R;SP98;6;2026-10-07 10:10:00;2.225
57260005;5 rue René Peltre;Dieuze;48.81985;6.72319;R;Gazole;1;2026-10-07 05:07:00;2.299
57260005;5 rue René Peltre;Dieuze;48.81985;6.72319;R;E10;5;2026-10-07 05:07:00;2.149
57260005;5 rue René Peltre;Dieuze;48.81985;6.72319;R;SP98;6;2026-10-07 05:07:00;2.261
12360001;Z.A. Bel air;Camarès;43.832;2.873;R;Gazole;1;2026-10-07 10:43:37;2.329
84600002;Route d'Orange;Valréas;44.373;4.981;R;Gazole;1;2026-10-07 10:24:08;2.349
84600002;Route d'Orange;Valréas;44.373;4.981;R;E85;3;2026-10-07 10:24:08;0.869
84600002;Route d'Orange;Valréas;44.373;4.981;R;E10;5;2026-10-07 10:24:08;2.199
84600002;Route d'Orange;Valréas;44.373;4.981;R;SP98;6;2026-10-07 10:24:08;2.279
68520006;AUTOROUTE A36 - AIRE PORTE D'ALSACE;Burnhaupt-le-Bas;47.717;7.139;A;Gazole;1;2026-10-07 00:01:00;2.25
68520006;AUTOROUTE A36 - AIRE PORTE D'ALSACE;Burnhaupt-le-Bas;47.717;7.139;A;E85;3;2026-10-07 00:01:00;0.978
68520006;AUTOROUTE A36 - AIRE PORTE D'ALSACE;Burnhaupt-le-Bas;47.717;7.139;A;E10;5;2026-10-07 00:01:00;1.99
68520006;AUTOROUTE A36 - AIRE PORTE D'ALSACE;Burnhaupt-le-Bas;47.717;7.139;A;SP98;6;2026-10-07 00:01:00;1.99
33210003;1 lieu dit moleon;Langon;44.542;-0.254;R;Gazole;1;2026-10-07 10:54:00;2.359
33210003;1 lieu dit moleon;Langon;44.542;-0.254;R;SP95;2;2026-10-07 10:54:00;2.246
33210003;1 lieu dit moleon;Langon;44.542;-0.254;R;E85;3;2026-10-07 10:54:00;0.869
33210003;1 lieu dit moleon;Langon;44.542;-0.254;R;GPLc;4;2026-10-07 10:54:00;1.047
33210003;1 lieu dit moleon;Langon;44.542;-0.254;R;E10;5;2026-10-07 10:54:00;2.149
33210003;1 lieu dit moleon;Langon;44.542;-0.254;R;SP98;6;2026-10-07 10:54:00;2.249
85140004;56 rue Nationale;L'OIE;46.803;-1.132;R;Gazole;1;2026-10-07 07:23:58;2.25
85140004;56 rue Nationale;L'OIE;46.803;-1.132;R;E85;3;2026-10-07 07:23:58;0.895
85140004;56 rue Nationale;L'OIE;46.803;-1.132;R;E10;5;2026-10-07 07:23:58;1.99
85140004;56 rue Nationale;L'OIE;46.803;-1.132;R;SP98;6;2026-10-07 07:23:58;1.99
21190007;AUTOROUTE A6 - AIRE DE BEAUNE MERCEUIL;MERCEUIL;46.95888;4.83532;A;Gazole;1;2026-10-07 00:01:00;2.25
21190007;AUTOROUTE A6 - AIRE DE BEAUNE MERCEUIL;MERCEUIL;46.95888;4.83532;A;E85;3;2026-10-07 00:01:00;0.999
21190007;AUTOROUTE A6 - AIRE DE BEAUNE MERCEUIL;MERCEUIL;46.95888;4.83532;A;GPLc;4;2026-10-07 00:01:00;1.098
21190007;AUTOROUTE A6 - AIRE DE BEAUNE MERCEUIL;MERCEUIL;46.95888;4.83532;A;E10;5;2026-10-07 00:01:00;1.99
21190007;AUTOROUTE A6 - AIRE DE BEAUNE MERCEUIL;MERCEUIL;46.95888;4.83532;A;SP98;6;2026-10-07 00:01:00;1.99
40180003;Route de Montfort;YZOSSE;43.707185996655;-1.0229783097333;R;E10;5;2026-10-07 08:55:16;2.138
67580001;18 ROUTE DE BITCHE;Mertzwiller;48.868;7.688;R;Gazole;1;2026-10-07 08:19:41;2.249
67580001;18 ROUTE DE BITCHE;Mertzwiller;48.868;7.688;R;SP95;2;2026-10-07 08:19:41;1.99
24120007;740 avenue des jardins;Terrasson-Lavilledieu;45.128;1.318;R;GPLc;4;2026-10-07 00:01:00;0.999
95400008;AVENUE DES ERABLES;Villiers-le-Bel;49.00053;2.39389;R;Gazole;1;2026-10-07 00:01:00;2.25
95400008;AVENUE DES ERABLES;Villiers-le-Bel;49.00053;2.39389;R;E10;5;2026-10-07 00:01:00;1.99
95400008;AVENUE DES ERABLES;Villiers-le-Bel;49.00053;2.39389;R;SP98;6;2026-10-07 00:01:00;1.99
13100006;Anc. Rte des Alpes;Aix-en-Provence;43.559867682045;5.4614712806744;R;Gazole;1;2026-10-07 07:31:00;2.331
13100006;Anc. Rte des Alpes;Aix-en-Provence;43.559867682045;5.4614712806744;R;E85;3;2026-10-07 07:31:00;1.026
13100006;Anc. Rte des Alpes;Aix-en-Provence;43.559867682045;5.4614712806744;R;E10;5;2026-10-07 07:31:00;2.192
13100006;Anc. Rte des Alpes;Aix-en-Provence;43.559867682045;5.4614712806744;R;SP98;6;2026-10-07 07:31:00;2.314
64600007;1 BIS RUE DU PALOUMET;ANGLET;43.492;-1.533;R;Gazole;1;2026-10-07 08:05:32;2.25
64600007;1 BIS RUE DU PALOUMET;ANGLET;43.492;-1.533;R;E10;5;2026-10-07 08:05:32;1.99
64600007;1 BIS RUE DU PALOUMET;ANGLET;43.492;-1.533;R;SP98;6;2026-10-07 08:05:32;1.99
22140002;Rue de Guingamp;Bégard;48.623;-3.296;R;E10;5;2026-10-07 09:00:56;2.109
91640004;A10 AIRE DE LIMOURS JANVRY;JANVRY;48.636809050000004;2.1475289600000003;A;Gazole;1;2026-10-07 00:01:00;2.25
91640004;A10 AIRE DE LIMOURS JANVRY;JANVRY;48.636809050000004;2.1475289600000003;A;E85;3;2026-10-07 00:01:00;0.999
91640004;A10 AIRE DE LIMOURS JANVRY;JANVRY;48.636809050000004;2.1475289600000003;A;GPLc;4;2026-10-07 00:01:00;1.104
91640004;A10 AIRE DE LIMOURS JANVRY;JANVRY;48.636809050000004;2.1475289600000003;A;E10;5;2026-10-07 00:01:00;1.99
91640004;A10 AIRE DE LIMOURS JANVRY;JANVRY;48.636809050000004;2.1475289600000003;A;SP98;6;2026-10-07 00:01:00;1.99
31700005;2 Allée Émile Zola;Blagnac;43.647;1.368;R;Gazole;1;2026-10-07 10:51:00;2.388
31700005;2 Allée Émile Zola;Blagnac;43.647;1.368;R;E85;3;2026-10-07 10:51:00;0.869
31700005;2 Allée Émile Zola;Blagnac;43.647;1.368;R;E10;5;2026-10-07 10:51:00;2.195
31700005;2 Allée Émile Zola;Blagnac;43.647;1.368;R;SP98;6;2026-10-07 10:51:00;2.284
42400006;AUTOROUTE A47 - AIRE DU PAYS DU GIERS;Saint-Chamond;45.495;4.527;A;Gazole;1;2026-10-07 00:01:00;2.25
42400006;AUTOROUTE A47 - AIRE DU PAYS DU GIERS;Saint-Chamond;45.495;4.527;A;E85;3;2026-10-07 00:01:00;0.999
42400006;AUTOROUTE A47 - AIRE DU PAYS DU GIERS;Saint-Chamond;45.495;4.527;A;E10;5;2026-10-07 00:01:00;1.99
42400006;AUTOROUTE A47 - AIRE DU PAYS DU GIERS;Saint-Chamond;45.495;4.527;A;SP98;6;2026-10-07 00:01:00;1.99
64160003;Rue Baratnau;Morlaàs;43.347;-0.254;R;Gazole;1;2026-10-07 10:03:14;2.385
27670005;18 Rue des Canadiens;Saint-Ouen-du-Tilleul;49.293;0.955;R;Gazole;1;2026-10-07 09:46:51;2.25
27670005;18 Rue des Canadiens;Saint-Ouen-du-Tilleul;49.293;0.955;R;SP95;2;2026-10-07 09:46:51;1.99
27670005;18 Rue des Canadiens;Saint-Ouen-du-Tilleul;49.293;0.955;R;GPLc;4;2026-10-07 09:46:51;1.01
27670005;18 Rue des Canadiens;Saint-Ouen-du-Tilleul;49.293;0.955;R;E10;5;2026-10-07 09:46:51;1.99
27670005;18 Rue des Canadiens;Saint-Ouen-du-Tilleul;49.293;0.955;R;SP98;6;2026-10-07 09:46:51;1.99
13650002;RD96 - 1717;MEYRARGUES;43.64;5.523;R;Gazole;1;2026-10-07 09:39:17;2.399
13650002;RD96 - 1717;MEYRARGUES;43.64;5.523;R;SP98;6;2026-10-07 09:39:17;2.338
54200013;250 AVENUE DU COLONEL PECHOT;TOUL;48.680725152168;5.88934449977;R;Gazole;1;2026-10-07 09:44:05;2.383
54200013;250 AVENUE DU COLONEL PECHOT;TOUL;48.680725152168;5.88934449977;R;E10;5;2026-10-07 09:44:05;2.219
66330002;4 Rue Louis Joseph Gay-Lussac;Cabestany;42.692;2.92;R;Gazole;1;2026-10-07 10:44:03;2.239
66330002;4 Rue Louis Joseph Gay-Lussac;Cabestany;42.692;2.92;R;SP95;2;2026-10-07 10:44:03;2.171
66330002;4 Rue Louis Joseph Gay-Lussac;Cabestany;42.692;2.92;R;E10;5;2026-10-07 10:44:04;2.108
91814001;ROUTE DE VILLOISON;VILLABE;48.584;2.444;R;Gazole;1;2026-10-07 00:46:00;2.322
91814001;ROUTE DE VILLOISON;VILLABE;48.584;2.444;R;SP95;2;2026-10-07 00:46:00;2.233
91814001;ROUTE DE VILLOISON;VILLABE;48.584;2.444;R;E85;3;2026-10-07 00:46:00;0.897
91814001;ROUTE DE VILLOISON;VILLABE;48.584;2.444;R;E10;5;2026-10-07 00:46:00;2.196
91814001;ROUTE DE VILLOISON;VILLABE;48.584;2.444;R;SP98;6;2026-10-07 00:46:00;2.294
79000013;122 AVENUE DE LA ROCHELLE;NIORT;46.317;-0.473;R;Gazole;1;2026-10-07 00:01:00;2.25
79000013;122 AVENUE DE LA ROCHELLE;NIORT;46.317;-0.473;R;GPLc;4;2026-10-07 00:01:00;0.999
79000013;122 AVENUE DE LA ROCHELLE;NIORT;46.317;-0.473;R;E10;5;2026-10-07 00:01:00;1.99
79000013;122 AVENUE DE LA ROCHELLE;NIORT;46.317;-0.473;R;SP98;6;2026-10-07 00:01:00;1.99
92500013;32-40 AVENUE DU 18 JUIN 1940;Rueil-Malmaison;48.868;2.191;R;Gazole;1;2026-10-07 00:01:00;2.25
92500013;32-40 AVENUE DU 18 JUIN 1940;Rueil-Malmaison;48.868;2.191;R;E10;5;2026-10-07 00:01:00;1.99
13230001;2 avenue de la République;Port-Saint-Louis-du-Rhône;43.38772;4.80516;R;Gazole;1;2026-10-07 09:01:14;2.349
13230001;2 avenue de la République;Port-Saint-Louis-du-Rhône;43.38772;4.80516;R;SP95;2;2026-10-07 09:01:14;2.219
13230001;2 avenue de la République;Port-Saint-Louis-du-Rhône;43.38772;4.80516;R;E85;3;2026-10-07 09:01:14;0.869
13230001;2 avenue de la République;Port-Saint-Louis-du-Rhône;43.38772;4.80516;R;E10;5;2026-10-07 09:01:14;2.159
11200001;AVENUE DES CORBIERES;LéZIGNAN-CORBIèRES;43.189;2.753;R;Gazole;1;2026-10-07 08:30:00;2.249
11200001;AVENUE DES CORBIERES;LéZIGNAN-CORBIèRES;43.189;2.753;R;SP95;2;2026-10-07 08:30:00;2.189
11200001;AVENUE DES CORBIERES;LéZIGNAN-CORBIèRES;43.189;2.753;R;E10;5;2026-10-07 08:30:00;2.149
11200001;AVENUE DES CORBIERES;LéZIGNAN-CORBIèRES;43.189;2.753;R;SP98;6;2026-10-07 08:30:00;2.259
37100001;ROND POINT GUSTAVE EFFEIL;TOURS;47.426;0.7;R;Gazole;1;2026-10-07 09:50:27;2.319
31390002;3 avenue Jean Monnet - Lieu-dit Millet;CARBONNE;43.309;1.222;R;Gazole;1;2026-10-07 08:40:55;2.384
31390002;3 avenue Jean Monnet - Lieu-dit Millet;CARBONNE;43.309;1.222;R;E85;3;2026-10-07 08:40:55;0.894
31390002;3 avenue Jean Monnet - Lieu-dit Millet;CARBONNE;43.309;1.222;R;E10;5;2026-10-07 08:40:55;2.184
31390002;3 avenue Jean Monnet - Lieu-dit Millet;CARBONNE;43.309;1.222;R;SP98;6;2026-10-07 08:40:56;2.274
65100005;5 Avenue François ABADIE;Lourdes;43.11;-0.038;R;Gazole;1;2026-10-07 10:52:00;2.315
65100005;5 Avenue François ABADIE;Lourdes;43.11;-0.038;R;E85;3;2026-10-07 10:52:00;0.925
65100005;5 Avenue François ABADIE;Lourdes;43.11;-0.038;R;E10;5;2026-10-07 10:52:00;2.119
65100005;5 Avenue François ABADIE;Lourdes;43.11;-0.038;R;SP98;6;2026-10-07 10:52:00;2.256
11110008;AIRE DE NARBONNE VINASSAN NORD - A9;SALLES D'AUDE;43.214;3.09;A;Gazole;1;2026-10-07 08:49:43;2.496
11110008;AIRE DE NARBONNE VINASSAN NORD - A9;SALLES D'AUDE;43.214;3.09;A;E10;5;2026-10-07 08:49:44;2.28
11110008;AIRE DE NARBONNE VINASSAN NORD - A9;SALLES D'AUDE;43.214;3.09;A;SP98;6;2026-10-07 08:49:43;2.369
80330004;RD 935- AVENUE DE LA VILLE IDEAL;LONGUEAU;49.868;2.368;R;Gazole;1;2026-10-07 00:01:00;2.25
80330004;RD 935- AVENUE DE LA VILLE IDEAL;LONGUEAU;49.868;2.368;R;E85;3;2026-10-07 00:01:00;0.903
80330004;RD 935- AVENUE DE LA VILLE IDEAL;LONGUEAU;49.868;2.368;R;E10;5;2026-10-07 00:01:00;1.99
80330004;RD 935- AVENUE DE LA VILLE IDEAL;LONGUEAU;49.868;2.368;R;SP98;6;2026-10-07 00:01:00;1.99
22200006;ROUTE NATIONALE 12 - ROUTE DE SAINT BRIEUC;PLOUMAGOAR;48.557;-3.129;R;Gazole;1;2026-10-07 00:01:00;2.243
22200006;ROUTE NATIONALE 12 - ROUTE DE SAINT BRIEUC;PLOUMAGOAR;48.557;-3.129;R;E85;3;2026-10-07 00:01:00;0.903
22200006;ROUTE NATIONALE 12 - ROUTE DE SAINT BRIEUC;PLOUMAGOAR;48.557;-3.129;R;E10;5;2026-10-07 00:01:00;1.99
22200006;ROUTE NATIONALE 12 - ROUTE DE SAINT BRIEUC;PLOUMAGOAR;48.557;-3.129;R;SP98;6;2026-10-07 00:01:00;1.99
17350005;Route de Saintes;Saint-Savinien;45.86492;-0.65451;R;Gazole;1;2026-10-07 09:37:37;2.266
17350005;Route de Saintes;Saint-Savinien;45.86492;-0.65451;R;E10;5;2026-10-07 09:37:37;2.125
17350005;Route de Saintes;Saint-Savinien;45.86492;-0.65451;R;SP98;6;2026-10-07 09:37:38;2.244
38510005;1080 Rue Paul Claudel;Morestel;45.672;5.485;R;E10;5;2026-10-07 10:28:43;2.159
28300010;AIRE DE CHARTRES GASVILLE A11;Gasville-Oisème;48.468;1.579;A;Gazole;1;2026-10-07 09:30:00;2.607
28300010;AIRE DE CHARTRES GASVILLE A11;Gasville-Oisème;48.468;1.579;A;E10;5;2026-10-07 09:30:00;2.563
28300010;AIRE DE CHARTRES GASVILLE A11;Gasville-Oisème;48.468;1.579;A;SP98;6;2026-10-07 09:30:00;2.713
1170001;RN5;SéGNY;46.293;6.079;R;Gazole;1;2026-10-07 00:46:00;2.343
1170001;RN5;SéGNY;46.293;6.079;R;SP95;2;2026-10-07 00:46:00;2.272
1170001;RN5;SéGNY;46.293;6.079;R;E85;3;2026-10-07 00:46:00;0.905
1170001;RN5;SéGNY;46.293;6.079;R;GPLc;4;2026-10-07 00:46:00;0.986
1170001;RN5;SéGNY;46.293;6.079;R;E10;5;2026-10-07 00:46:00;2.179
1170001;RN5;SéGNY;46.293;6.079;R;SP98;6;2026-10-07 00:46:00;2.31
49260001;Rue Estienvrin;MONTREUIL-BELLAY;47.13;-0.153;R;E10;5;2026-10-07 07:42:29;2.209
49260001;Rue Estienvrin;MONTREUIL-BELLAY;47.13;-0.153;R;SP98;6;2026-10-07 07:42:29;2.309
57365001;Rue Auguste Renoir;Ennery;49.22;6.213;R;Gazole;1;2026-10-07 09:54:57;2.399
57365001;Rue Auguste Renoir;Ennery;49.22;6.213;R;E10;5;2026-10-07 09:54:57;2.219
57365001;Rue Auguste Renoir;Ennery;49.22;6.213;R;SP98;6;2026-10-07 09:54:57;2.309
3300002;24 Rue de la République;CUSSET;46.134;3.449;R;Gazole;1;2026-10-07 07:01:51;2.25
3300002;24 Rue de la République;CUSSET;46.134;3.449;R;E85;3;2026-10-07 07:01:52;0.909
3300002;24 Rue de la République;CUSSET;46.134;3.449;R;E10;5;2026-10-07 07:01:52;1.99
3300002;24 Rue de la République;CUSSET;46.134;3.449;R;SP98;6;2026-10-07 07:01:52;1.99
33340004;Avenue Pierre Mendès France;Lesparre-Médoc;45.312;-0.94;R;Gazole;1;2026-10-07 00:46:00;2.362
33340004;Avenue Pierre Mendès France;Lesparre-Médoc;45.312;-0.94;R;SP95;2;2026-10-07 00:46:00;2.24
33340004;Avenue Pierre Mendès France;Lesparre-Médoc;45.312;-0.94;R;E85;3;2026-10-07 00:46:00;0.828
33340004;Avenue Pierre Mendès France;Lesparre-Médoc;45.312;-0.94;R;E10;5;2026-10-07 00:46:00;2.165
33340004;Avenue Pierre Mendès France;Lesparre-Médoc;45.312;-0.94;R;SP98;6;2026-10-07 00:46:00;2.309
29890003;KERENEZ;KERLOUAN;48.644635;-4.368640999999999;R;Gazole;1;2026-10-07 09:00:00;2.319
29890003;KERENEZ;KERLOUAN;48.644635;-4.368640999999999;R;E10;5;2026-10-07 09:00:00;2.135
29890003;KERENEZ;KERLOUAN;48.644635;-4.368640999999999;R;SP98;6;2026-10-07 09:00:00;2.214
71120002;Avenue du 8 Juin 1944;CHAROLLES;46.437;4.268;R;Gazole;1;2026-10-07 08:08:28;2.329
78140009;AIRE DU VAL DE GRACE;VELIZY-VILLACOUBLAY;48.771104975942;2.2275512428149;R;Gazole;1;2026-10-07 09:30:00;2.512
78140009;AIRE DU VAL DE GRACE;VELIZY-VILLACOUBLAY;48.771104975942;2.2275512428149;R;E10;5;2026-10-07 09:30:00;2.468
78140009;AIRE DU VAL DE GRACE;VELIZY-VILLACOUBLAY;48.771104975942;2.2275512428149;R;SP98;6;2026-10-07 09:30:00;2.618
57100008;1 ROUTE DE METZ;THIONVILLE;49.337;6.156;R;Gazole;1;2026-10-07 00:01:00;2.25
57100008;1 ROUTE DE METZ;THIONVILLE;49.337;6.156;R;E85;3;2026-10-07 00:01:00;0.892
57100008;1 ROUTE DE METZ;THIONVILLE;49.337;6.156;R;E10;5;2026-10-07 00:01:00;1.99
57100008;1 ROUTE DE METZ;THIONVILLE;49.337;6.156;R;SP98;6;2026-10-07 00:01:00;1.99
95290003;44 AVENUE DE PARIS;L'Isle-Adam;49.110450964099996;2.22459192177;R;Gazole;1;2026-10-07 00:01:00;2.25
95290003;44 AVENUE DE PARIS;L'Isle-Adam;49.110450964099996;2.22459192177;R;E10;5;2026-10-07 00:01:00;1.99
2130001;Rue du Stade;FèRE-EN-TARDENOIS;49.201;3.511;R;Gazole;1;2026-10-07 02:15:00;2.309
2130001;Rue du Stade;FèRE-EN-TARDENOIS;49.201;3.511;R;SP95;2;2026-10-07 02:15:00;2.279
2130001;Rue du Stade;FèRE-EN-TARDENOIS;49.201;3.511;R;E85;3;2026-10-07 02:15:00;0.849
1480004;850 RD 933;Messimy-sur-Saône;46.05;4.766;R;Gazole;1;2026-10-07 08:07:40;2.25
1330002;zac de la tuilerie;VILLARS-LES-DOMBES;46.007;5.035;R;Gazole;1;2026-10-07 10:43:25;2.359
1330002;zac de la tuilerie;VILLARS-LES-DOMBES;46.007;5.035;R;E85;3;2026-10-07 10:44:40;0.869
1330002;zac de la tuilerie;VILLARS-LES-DOMBES;46.007;5.035;R;SP98;6;2026-10-07 10:43:25;2.289
64600009;77 Avenue de bayonne;Anglet;43.484;-1.501;R;Gazole;1;2026-10-07 08:45:17;2.279
64600009;77 Avenue de bayonne;Anglet;43.484;-1.501;R;E10;5;2026-10-07 08:45:17;2.149
64600009;77 Avenue de bayonne;Anglet;43.484;-1.501;R;SP98;6;2026-10-07 08:45:17;2.215
69170004;RN 7 - 60 RUE EDOUARD HERRIOT;TARARE;45.891;4.446;R;Gazole;1;2026-10-07 00:01:00;2.25
69170004;RN 7 - 60 RUE EDOUARD HERRIOT;TARARE;45.891;4.446;R;E10;5;2026-10-07 00:01:00;1.99
69170004;RN 7 - 60 RUE EDOUARD HERRIOT;TARARE;45.891;4.446;R;SP98;6;2026-10-07 00:01:00;1.99
32000006;RUE MARGUERITE DURAS;AUCH;43.664;0.618;R;Gazole;1;2026-10-07 08:13:06;2.299
32000006;RUE MARGUERITE DURAS;AUCH;43.664;0.618;R;E10;5;2026-10-07 09:16:08;2.165
77430001;2 RUE JEAN COCTEAU;CHAMPAGNE-SUR-SEINE;48.39575;2.79896;R;Gazole;1;2026-10-07 11:07:53;2.388
77430001;2 RUE JEAN COCTEAU;CHAMPAGNE-SUR-SEINE;48.39575;2.79896;R;E10;5;2026-10-07 11:07:53;2.159
77430001;2 RUE JEAN COCTEAU;CHAMPAGNE-SUR-SEINE;48.39575;2.79896;R;SP98;6;2026-10-07 11:07:53;2.269
53940001;62 BOULEVARD LOUIS ARMAND;SAINT BERTHEVIN;48.065;-0.811;R;Gazole;1;2026-10-07 10:00:00;2.339
53940001;62 BOULEVARD LOUIS ARMAND;SAINT BERTHEVIN;48.065;-0.811;R;E85;3;2026-10-07 10:00:00;0.879
53940001;62 BOULEVARD LOUIS ARMAND;SAINT BERTHEVIN;48.065;-0.811;R;GPLc;4;2026-10-07 10:00:00;0.964
53940001;62 BOULEVARD LOUIS ARMAND;SAINT BERTHEVIN;48.065;-0.811;R;E10;5;2026-10-07 10:00:00;2.139
53940001;62 BOULEVARD LOUIS ARMAND;SAINT BERTHEVIN;48.065;-0.811;R;SP98;6;2026-10-07 10:00:00;2.229
26000015;BD FRANKLIN ROOSEVELT;VALENCE;44.923712463147;4.9172712115033;R;Gazole;1;2026-10-07 00:01:00;2.25
26000015;BD FRANKLIN ROOSEVELT;VALENCE;44.923712463147;4.9172712115033;R;E85;3;2026-10-07 00:01:00;0.897
44340006;CD 723 - ZI DE CHEVIRE;BOUGUENAIS;47.186;-1.602;R;Gazole;1;2026-10-07 00:01:00;2.25
44340006;CD 723 - ZI DE CHEVIRE;BOUGUENAIS;47.186;-1.602;R;E85;3;2026-10-07 00:01:00;0.893
44340006;CD 723 - ZI DE CHEVIRE;BOUGUENAIS;47.186;-1.602;R;E10;5;2026-10-07 00:01:00;1.99
8200010;8 AVENUE DE LA MARNE;SEDAN;49.699;4.927;R;Gazole;1;2026-10-07 10:55:42;2.25
8200010;8 AVENUE DE LA MARNE;SEDAN;49.699;4.927;R;E85;3;2026-10-07 10:55:42;0.936
28000009;AV FRANCOIS ARAGO;CHARTRES;48.436;1.52;R;Gazole;1;2026-10-07 00:01:00;2.25
28000009;AV FRANCOIS ARAGO;CHARTRES;48.436;1.52;R;E85;3;2026-10-07 00:01:00;0.896
28000009;AV FRANCOIS ARAGO;CHARTRES;48.436;1.52;R;E10;5;2026-10-07 00:01:00;1.99
72200004;7 Rue Henri Dunant;La Flèche;47.701;-0.056;R;Gazole;1;2026-10-07 10:52:42;2.339
72200004;7 Rue Henri Dunant;La Flèche;47.701;-0.056;R;E10;5;2026-10-07 10:52:43;2.165
72200004;7 Rue Henri Dunant;La Flèche;47.701;-0.056;R;SP98;6;2026-10-07 10:52:43;2.268
22650001;ROUTE DE ST JACUT;PLOUBALAY;48.577;-2.152;R;Gazole;1;2026-10-07 08:36:29;2.25
22650001;ROUTE DE ST JACUT;PLOUBALAY;48.577;-2.152;R;E10;5;2026-10-07 08:36:29;1.99
22650001;ROUTE DE ST JACUT;PLOUBALAY;48.577;-2.152;R;SP98;6;2026-10-07 08:36:29;1.99
86600001;63 av Saintonge;Lusignan;46.42874;0.11532;R;Gazole;1;2026-10-07 09:00:00;2.308
86600001;63 av Saintonge;Lusignan;46.42874;0.11532;R;E10;5;2026-10-07 09:00:00;2.156
86600001;63 av Saintonge;Lusignan;46.42874;0.11532;R;SP98;6;2026-10-07 09:00:00;2.228
26400009;2 montée du beffroi;grane;44.734;4.925;R;Gazole;1;2026-10-07 08:59:45;2.35
57360001;RUE CLEMENCEAU;Amnéville;49.256367262787;6.1301746660705;R;Gazole;1;2026-10-07 06:00:00;2.299
57360001;RUE CLEMENCEAU;Amnéville;49.256367262787;6.1301746660705;R;SP95;2;2026-10-07 06:00:00;2.219
57360001;RUE CLEMENCEAU;Amnéville;49.256367262787;6.1301746660705;R;E10;5;2026-10-07 06:00:00;2.189
12000016;24 avenue de la gineste;RODEZ;44.362;2.566;R;Gazole;1;2026-10-07 10:00:33;2.299
63100011;Rue Nicolas Joseph Cugnot;Clermont-Ferrand;45.783551082855;3.12293899901;R;Gazole;1;2026-10-07 07:50:20;2.309
86130010;AUTOROUTE A10;Jaunay-Clan;46.691;0.355;A;Gazole;1;2026-10-07 00:00:00;2.58
69720005;6 Route Nationale;SAINT-BONNET-DE-MURE;45.69743504511;5.0153391224454;R;Gazole;1;2026-10-07 09:44:48;2.293
69720005;6 Route Nationale;SAINT-BONNET-DE-MURE;45.69743504511;5.0153391224454;R;E10;5;2026-10-07 09:44:48;2.176
69720005;6 Route Nationale;SAINT-BONNET-DE-MURE;45.69743504511;5.0153391224454;R;SP98;6;2026-10-07 09:44:48;2.284
44250005;ROUTE BLEUE - LA HAUTIERE;Saint-Brevin-les-Pins;47.22914;-2.15541;R;Gazole;1;2026-10-07 00:01:00;2.25
44250005;ROUTE BLEUE - LA HAUTIERE;Saint-Brevin-les-Pins;47.22914;-2.15541;R;E85;3;2026-10-07 00:01:00;0.896
44250005;ROUTE BLEUE - LA HAUTIERE;Saint-Brevin-les-Pins;47.22914;-2.15541;R;GPLc;4;2026-10-07 00:01:00;0.959
44250005;ROUTE BLEUE - LA HAUTIERE;Saint-Brevin-les-Pins;47.22914;-2.15541;R;E10;5;2026-10-07 00:01:00;1.99
44250005;ROUTE BLEUE - LA HAUTIERE;Saint-Brevin-les-Pins;47.22914;-2.15541;R;SP98;6;2026-10-07 00:01:00;1.99
33450008;10 ROUTE DE LALANDE;Montussan;44.874005618367995;-0.42921932214645;R;Gazole;1;2026-10-07 09:32:09;2.299
33450008;10 ROUTE DE LALANDE;Montussan;44.874005618367995;-0.42921932214645;R;E85;3;2026-10-07 09:13:54;0.869
33450008;10 ROUTE DE LALANDE;Montussan;44.874005618367995;-0.42921932214645;R;E10;5;2026-10-07 09:32:09;2.099
3000006;ZAC les portes de l'Allier;Avermes;46.590716994114;3.3225707144141;R;Gazole;1;2026-10-07 08:52:20;2.369
86530001;Avenue du Cerisier Noir;NAINTRé;46.756;0.484;R;Gazole;1;2026-10-07 09:36:56;2.329
13007008;95 Avenue des roches;Marseille;43.278567;5.3632409999999995;R;Gazole;1;2026-10-07 06:00:00;2.549
13007008;95 Avenue des roches;Marseille;43.278567;5.3632409999999995;R;E10;5;2026-10-07 06:00:00;2.299
13007008;95 Avenue des roches;Marseille;43.278567;5.3632409999999995;R;SP98;6;2026-10-07 06:00:00;2.399
67240002;17 Route d'Oberhoffen;BISCHWILLER;48.769;7.867;R;Gazole;1;2026-10-07 10:04:36;2.499
67240002;17 Route d'Oberhoffen;BISCHWILLER;48.769;7.867;R;SP95;2;2026-10-07 10:04:36;2.369
67240002;17 Route d'Oberhoffen;BISCHWILLER;48.769;7.867;R;E10;5;2026-10-07 10:04:36;2.349
67240002;17 Route d'Oberhoffen;BISCHWILLER;48.769;7.867;R;SP98;6;2026-10-07 10:04:37;2.449
51068001;1 RUE FRANCIS GARNIER;Reims;49.287;4.026;R;E85;3;2026-10-07 09:05:12;0.889
16700008;CHAMP BARBE JAUNE;RUFFEC;46.034901;0.180712;R;Gazole;1;2026-10-07 08:30:00;2.299
34973001;ROUTE DE CARNON - Av. Georges Frêche - CS61015;LATTES;43.58112502463099;3.9310174668007;R;Gazole;1;2026-10-07 00:46:00;2.302
34973001;ROUTE DE CARNON - Av. Georges Frêche - CS61015;LATTES;43.58112502463099;3.9310174668007;R;SP95;2;2026-10-07 00:46:00;2.193
34973001;ROUTE DE CARNON - Av. Georges Frêche - CS61015;LATTES;43.58112502463099;3.9310174668007;R;E10;5;2026-10-07 00:46:00;2.152
34973001;ROUTE DE CARNON - Av. Georges Frêche - CS61015;LATTES;43.58112502463099;3.9310174668007;R;SP98;6;2026-10-07 00:46:00;2.256
50420001;Aire de la Vallée de la Vire - A84;Gouvets;48.909;-1.104;A;Gazole;1;2026-10-07 09:30:00;2.606
50420001;Aire de la Vallée de la Vire - A84;Gouvets;48.909;-1.104;A;GPLc;4;2026-10-07 09:30:00;1.114
50420001;Aire de la Vallée de la Vire - A84;Gouvets;48.909;-1.104;A;E10;5;2026-10-07 09:30:00;2.562
50420001;Aire de la Vallée de la Vire - A84;Gouvets;48.909;-1.104;A;SP98;6;2026-10-07 09:30:00;2.712
62400003;Rue du 11 Novembre;ESSARS;50.547;2.664;R;Gazole;1;2026-10-07 09:29:52;2.369
62400003;Rue du 11 Novembre;ESSARS;50.547;2.664;R;E10;5;2026-10-07 09:29:53;2.149
62400003;Rue du 11 Novembre;ESSARS;50.547;2.664;R;SP98;6;2026-10-07 09:29:53;2.286
77120004;RN 34;Mouroux;48.81675;3.05222;R;E10;5;2026-10-07 09:58:45;2.149
80100003;1 RUE DE LA MAIRIE;NOUVION;50.2117728505;1.77888380782;R;Gazole;1;2026-10-07 08:32:54;2.349
80100003;1 RUE DE LA MAIRIE;NOUVION;50.2117728505;1.77888380782;R;SP95;2;2026-10-07 08:32:54;2.229
80100003;1 RUE DE LA MAIRIE;NOUVION;50.2117728505;1.77888380782;R;SP98;6;2026-10-07 08:32:54;2.279
91490005;AV DE GANAY - RN 148;Milly-la-Forêt;48.4073707208;2.46799022236;R;Gazole;1;2026-10-07 00:01:00;2.25
91490005;AV DE GANAY - RN 148;Milly-la-Forêt;48.4073707208;2.46799022236;R;E85;3;2026-10-07 00:01:00;0.899
51260005;38 rue de sezanne;Anglure;48.589;3.813;R;Gazole;1;2026-10-07 09:17:23;2.449
51260005;38 rue de sezanne;Anglure;48.589;3.813;R;SP95;2;2026-10-07 09:17:23;2.239
51260005;38 rue de sezanne;Anglure;48.589;3.813;R;SP98;6;2026-10-07 09:17:23;2.289
33500007;RN 89;ARVEYRES;44.9132001846;-0.25401935269000003;R;Gazole;1;2026-10-07 00:01:00;2.25
33500007;RN 89;ARVEYRES;44.9132001846;-0.25401935269000003;R;E85;3;2026-10-07 00:01:00;0.891
33500007;RN 89;ARVEYRES;44.9132001846;-0.25401935269000003;R;E10;5;2026-10-07 00:01:00;1.99
33500007;RN 89;ARVEYRES;44.9132001846;-0.25401935269000003;R;SP98;6;2026-10-07 00:01:00;1.99
56800001;Z.A. ST DENIS;Ploërmel;47.931;-2.381;R;Gazole;1;2026-10-07 08:17:11;2.349
56800001;Z.A. ST DENIS;Ploërmel;47.931;-2.381;R;E10;5;2026-10-07 08:19:07;2.179
25200003;119 faubourg de besançon;MONTBéLIARD;47.509;6.779;R;Gazole;1;2026-10-07 05:34:22;2.499
69803001;BLD. André Boulloche BP 341;Saint-Priest;45.72;4.924;R;GPLc;4;2026-10-07 08:54:46;0.963
56600001;1 Rue François Mauriac;LANESTER;47.765;-3.348;R;Gazole;1;2026-10-07 05:00:00;2.269
56600001;1 Rue François Mauriac;LANESTER;47.765;-3.348;R;E10;5;2026-10-07 05:00:00;2.115
56600001;1 Rue François Mauriac;LANESTER;47.765;-3.348;R;SP98;6;2026-10-07 05:00:00;2.21
55100004;Place Maurice Genevoix;VERDUN;49.165;5.38;R;Gazole;1;2026-10-07 10:07:00;2.349
55100004;Place Maurice Genevoix;VERDUN;49.165;5.38;R;GPLc;4;2026-10-07 10:07:00;0.984
55100004;Place Maurice Genevoix;VERDUN;49.165;5.38;R;E10;5;2026-10-07 10:07:00;2.188
55100004;Place Maurice Genevoix;VERDUN;49.165;5.38;R;SP98;6;2026-10-07 10:07:00;2.259
57400003;RN 4;Sarrebourg;48.728418049091;7.0280894664432;R;Gazole;1;2026-10-07 08:15:29;2.25
57400003;RN 4;Sarrebourg;48.728418049091;7.0280894664432;R;E10;5;2026-10-07 08:15:29;1.99
33112001;17  Rue Pierre Ralle;SAINT-LAURENT-MéDOC;45.152;-0.81;R;Gazole;1;2026-10-07 01:00:00;2.325
33112001;17  Rue Pierre Ralle;SAINT-LAURENT-MéDOC;45.152;-0.81;R;E85;3;2026-10-07 01:00:00;0.829
13480001;CENTRE COMMERCIAL CALAS;Cabriès;43.465;5.353;R;Gazole;1;2026-10-07 07:24:14;2.25
13480001;CENTRE COMMERCIAL CALAS;Cabriès;43.465;5.353;R;E10;5;2026-10-07 07:24:14;1.99
13480001;CENTRE COMMERCIAL CALAS;Cabriès;43.465;5.353;R;SP98;6;2026-10-07 07:24:15;1.99
55100007;4 AV DU GENERAL DE GAULLE;VERDUN;49.165;5.38;R;Gazole;1;2026-10-07 00:01:00;2.25
55100007;4 AV DU GENERAL DE GAULLE;VERDUN;49.165;5.38;R;E10;5;2026-10-07 00:01:00;1.99
3700002;22 avenue de la République;BELLERIVE-SUR-ALLIER;46.118;3.412;R;Gazole;1;2026-10-07 07:03:37;2.25
3700002;22 avenue de la République;BELLERIVE-SUR-ALLIER;46.118;3.412;R;E85;3;2026-10-07 07:03:37;0.901
3700002;22 avenue de la République;BELLERIVE-SUR-ALLIER;46.118;3.412;R;GPLc;4;2026-10-07 07:03:37;1.099
3700002;22 avenue de la République;BELLERIVE-SUR-ALLIER;46.118;3.412;R;E10;5;2026-10-07 07:03:37;1.99
3700002;22 avenue de la République;BELLERIVE-SUR-ALLIER;46.118;3.412;R;SP98;6;2026-10-07 07:03:37;1.99
13500012;AV. FRANCIS TURCAN;MARTIGUES;43.42;5.056;R;Gazole;1;2026-10-07 00:01:00;2.25
13500012;AV. FRANCIS TURCAN;MARTIGUES;43.42;5.056;R;E85;3;2026-10-07 00:01:00;0.902
13500012;AV. FRANCIS TURCAN;MARTIGUES;43.42;5.056;R;E10;5;2026-10-07 00:01:00;1.99
13500012;AV. FRANCIS TURCAN;MARTIGUES;43.42;5.056;R;SP98;6;2026-10-07 00:01:00;1.99
31650002;Allée des Champs Pinsons;SAINT-ORENS-DE-GAMEVILLE;43.565;1.519;R;Gazole;1;2026-10-07 10:52:00;2.329
31650002;Allée des Champs Pinsons;SAINT-ORENS-DE-GAMEVILLE;43.565;1.519;R;SP95;2;2026-10-07 10:52:00;2.259
31650002;Allée des Champs Pinsons;SAINT-ORENS-DE-GAMEVILLE;43.565;1.519;R;E10;5;2026-10-07 10:52:00;2.196
31650002;Allée des Champs Pinsons;SAINT-ORENS-DE-GAMEVILLE;43.565;1.519;R;SP98;6;2026-10-07 10:52:00;2.289
79100003;Route de Saumur;THOUARS;46.996;-0.207;R;Gazole;1;2026-10-07 10:00:00;2.332
79100003;Route de Saumur;THOUARS;46.996;-0.207;R;E85;3;2026-10-07 10:00:00;0.9
79100003;Route de Saumur;THOUARS;46.996;-0.207;R;E10;5;2026-10-07 10:00:00;2.136
79100003;Route de Saumur;THOUARS;46.996;-0.207;R;SP98;6;2026-10-07 10:00:00;2.235
41300007;Autoroute A71 - Aire de Salbris La Loge - Sens Province Paris;Theillay;47.348;2.05;A;Gazole;1;2026-10-07 06:00:00;2.569
41300007;Autoroute A71 - Aire de Salbris La Loge - Sens Province Paris;Theillay;47.348;2.05;A;E10;5;2026-10-07 06:00:00;2.369
41300007;Autoroute A71 - Aire de Salbris La Loge - Sens Province Paris;Theillay;47.348;2.05;A;SP98;6;2026-10-07 06:00:00;2.469
56000006;6 Avenue Georges Pompidou;VANNES;47.664;-2.767;R;Gazole;1;2026-10-07 11:00:39;2.329
29228001;Kergaradec - Porte de Gouesnou;BREST;48.43;-4.472;R;Gazole;1;2026-10-07 10:01:00;2.321
29228001;Kergaradec - Porte de Gouesnou;BREST;48.43;-4.472;R;SP95;2;2026-10-07 10:01:00;2.189
29228001;Kergaradec - Porte de Gouesnou;BREST;48.43;-4.472;R;E85;3;2026-10-07 10:01:00;0.84
29228001;Kergaradec - Porte de Gouesnou;BREST;48.43;-4.472;R;E10;5;2026-10-07 10:01:00;2.109
81000001;2 Rue Francisco Goya;ALBI;43.933;2.169;R;Gazole;1;2026-10-07 08:33:01;2.417
81000001;2 Rue Francisco Goya;ALBI;43.933;2.169;R;GPLc;4;2026-10-07 08:33:01;0.986
81000001;2 Rue Francisco Goya;ALBI;43.933;2.169;R;E10;5;2026-10-07 08:33:01;2.182
81000001;2 Rue Francisco Goya;ALBI;43.933;2.169;R;SP98;6;2026-10-07 08:33:01;2.268
44420003;rue des artisans;MESQUER;47.397;-2.462;R;Gazole;1;2026-10-07 07:57:27;2.369
44420003;rue des artisans;MESQUER;47.397;-2.462;R;E10;5;2026-10-07 07:57:28;2.159
44420003;rue des artisans;MESQUER;47.397;-2.462;R;SP98;6;2026-10-07 07:57:28;2.259
72300007;Rue du Mans;SABLé-SUR-SARTHE;47.838;-0.3;R;Gazole;1;2026-10-07 10:00:00;2.319
72300007;Rue du Mans;SABLé-SUR-SARTHE;47.838;-0.3;R;E85;3;2026-10-07 10:00:00;0.892
72300007;Rue du Mans;SABLé-SUR-SARTHE;47.838;-0.3;R;GPLc;4;2026-10-07 10:00:00;0.99
72300007;Rue du Mans;SABLé-SUR-SARTHE;47.838;-0.3;R;E10;5;2026-10-07 10:00:00;2.139
72300007;Rue du Mans;SABLé-SUR-SARTHE;47.838;-0.3;R;SP98;6;2026-10-07 10:00:00;2.229
31790005;LIEUDIT CABOURDY - RN20;Saint-Jory;43.745915999999994;1.365848;R;Gazole;1;2026-10-07 11:09:42;2.359
31790005;LIEUDIT CABOURDY - RN20;Saint-Jory;43.745915999999994;1.365848;R;SP95;2;2026-10-07 11:09:42;2.189
49310001;centre commercial les courtils;VIHIERS;47.147;-0.522;R;Gazole;1;2026-10-07 08:32:12;2.329
49310001;centre commercial les courtils;VIHIERS;47.147;-0.522;R;SP98;6;2026-10-07 08:32:12;2.239
83270003;ZAC DES PRADEAUX;Saint-Cyr-sur-Mer;43.183229311568;5.6951125902699005;R;Gazole;1;2026-10-07 08:53:04;2.359
83270003;ZAC DES PRADEAUX;Saint-Cyr-sur-Mer;43.183229311568;5.6951125902699005;R;E10;5;2026-10-07 08:53:04;2.169
83270003;ZAC DES PRADEAUX;Saint-Cyr-sur-Mer;43.183229311568;5.6951125902699005;R;SP98;6;2026-10-07 08:53:04;2.279
47520003;La Ville;LE PASSAGE;44.19;0.605;R;Gazole;1;2026-10-07 10:53:48;2.359
35470003;LE CHENE VERT;Bain-de-Bretagne;47.846;-1.687;R;E10;5;2026-10-07 08:30:00;2.138
35470003;LE CHENE VERT;Bain-de-Bretagne;47.846;-1.687;R;SP98;6;2026-10-07 08:30:00;2.246
13016007;654 CHEMIN DU LITTORAL;MARSEILLE;43.3564;5.32755;R;Gazole;1;2026-10-07 00:01:00;2.25
13016007;654 CHEMIN DU LITTORAL;MARSEILLE;43.3564;5.32755;R;E10;5;2026-10-07 00:01:00;1.99
13016007;654 CHEMIN DU LITTORAL;MARSEILLE;43.3564;5.32755;R;SP98;6;2026-10-07 00:01:00;1.99
79180002;659, RTE DE PARIS;CHAURAY;46.340475430199994;-0.395324252537;R;GPLc;4;2026-10-07 00:01:00;0.999
79180002;659, RTE DE PARIS;CHAURAY;46.340475430199994;-0.395324252537;R;E10;5;2026-10-07 00:01:00;1.99
78570001;CD55 ROUTE DE POISSY CHANTELOUP;Andrésy;48.976;2.043;R;Gazole;1;2026-10-07 10:38:08;2.25
78570001;CD55 ROUTE DE POISSY CHANTELOUP;Andrésy;48.976;2.043;R;E10;5;2026-10-07 10:38:08;1.99
6110011;34 Avenue Franklin Roosevelt;LE CANNET;43.570509;7.002945;R;Gazole;1;2026-10-07 08:00:00;2.299
6110011;34 Avenue Franklin Roosevelt;LE CANNET;43.570509;7.002945;R;SP95;2;2026-10-07 08:00:00;2.219
6110011;34 Avenue Franklin Roosevelt;LE CANNET;43.570509;7.002945;R;E10;5;2026-10-07 08:00:00;2.179
6110011;34 Avenue Franklin Roosevelt;LE CANNET;43.570509;7.002945;R;SP98;6;2026-10-07 08:00:00;2.279
30000021;314 route d'Avignon;Nimes;43.851;4.401;R;Gazole;1;2026-10-07 06:38:21;2.25
30000021;314 route d'Avignon;Nimes;43.851;4.401;R;E85;3;2026-10-07 06:38:21;0.906
30000021;314 route d'Avignon;Nimes;43.851;4.401;R;GPLc;4;2026-10-07 06:38:21;0.989
30000021;314 route d'Avignon;Nimes;43.851;4.401;R;E10;5;2026-10-07 06:38:21;1.99
30000021;314 route d'Avignon;Nimes;43.851;4.401;R;SP98;6;2026-10-07 06:38:21;1.99
25000026;5 route de Gray;Besançon;47.244;5.984;R;Gazole;1;2026-10-07 09:36:32;2.365
25000026;5 route de Gray;Besançon;47.244;5.984;R;E10;5;2026-10-07 09:36:32;2.209
56520006;KER FLEURY - RN 165;GUIDEL;47.8200779701;-3.46580898742;R;Gazole;1;2026-10-07 00:01:00;2.25
56520006;KER FLEURY - RN 165;GUIDEL;47.8200779701;-3.46580898742;R;E85;3;2026-10-07 00:01:00;0.895
56520006;KER FLEURY - RN 165;GUIDEL;47.8200779701;-3.46580898742;R;E10;5;2026-10-07 00:01:00;1.99
56520006;KER FLEURY - RN 165;GUIDEL;47.8200779701;-3.46580898742;R;SP98;6;2026-10-07 00:01:00;1.99
60000010;40 avenue du 8 Mai 1945;Beauvais;49.443;2.093;R;Gazole;1;2026-10-07 09:38:39;2.32
60000010;40 avenue du 8 Mai 1945;Beauvais;49.443;2.093;R;SP95;2;2026-10-07 09:38:39;2.2
60000010;40 avenue du 8 Mai 1945;Beauvais;49.443;2.093;R;SP98;6;2026-10-07 09:38:39;2.255
86000024;ROCADE OUEST - Z.I.REPUBLIQUE III;POITIERS;46.604;0.332;R;Gazole;1;2026-10-07 00:01:00;2.25
86000024;ROCADE OUEST - Z.I.REPUBLIQUE III;POITIERS;46.604;0.332;R;E85;3;2026-10-07 00:01:00;0.901
86000024;ROCADE OUEST - Z.I.REPUBLIQUE III;POITIERS;46.604;0.332;R;GPLc;4;2026-10-07 00:01:00;0.979
86000024;ROCADE OUEST - Z.I.REPUBLIQUE III;POITIERS;46.604;0.332;R;E10;5;2026-10-07 00:01:00;1.99
86000024;ROCADE OUEST - Z.I.REPUBLIQUE III;POITIERS;46.604;0.332;R;SP98;6;2026-10-07 00:01:00;1.99
59930002;ROUTE NATIONALE RD933;Chapelle-d'armentières;50.673;2.897;R;Gazole;1;2026-10-07 00:01:00;2.25
59930002;ROUTE NATIONALE RD933;Chapelle-d'armentières;50.673;2.897;R;E85;3;2026-10-07 00:01:00;0.867
59930002;ROUTE NATIONALE RD933;Chapelle-d'armentières;50.673;2.897;R;E10;5;2026-10-07 00:01:00;1.99
19000008;12 AV ALSACE LORRAINE;TULLE;45.2617;1.75672;R;Gazole;1;2026-10-07 00:01:00;2.25
19000008;12 AV ALSACE LORRAINE;TULLE;45.2617;1.75672;R;E10;5;2026-10-07 00:01:00;1.99
19000008;12 AV ALSACE LORRAINE;TULLE;45.2617;1.75672;R;SP98;6;2026-10-07 00:01:00;1.99
83230006;78 AVENUE LOU MISTRAOU;Bormes-les-Mimosas;43.139562277779;6.3568519037858;R;Gazole;1;2026-10-07 00:01:00;2.25
44406001;1 Impasse Ordronneau;REZé;47.194;-1.572;R;Gazole;1;2026-10-07 09:59:00;2.333
44406001;1 Impasse Ordronneau;REZé;47.194;-1.572;R;GPLc;4;2026-10-07 09:59:00;0.962
44406001;1 Impasse Ordronneau;REZé;47.194;-1.572;R;E10;5;2026-10-07 09:59:00;2.149
44406001;1 Impasse Ordronneau;REZé;47.194;-1.572;R;SP98;6;2026-10-07 09:59:00;2.223
89470004;ROUTE DE PARIS RN 6;MONETEAU;47.846;3.55;R;Gazole;1;2026-10-07 00:01:00;2.25
89470004;ROUTE DE PARIS RN 6;MONETEAU;47.846;3.55;R;E85;3;2026-10-07 00:01:00;0.901
89470004;ROUTE DE PARIS RN 6;MONETEAU;47.846;3.55;R;E10;5;2026-10-07 00:01:00;1.99
29200016;ROUTE DU VIEUX ST.MARC;BREST;48.393;-4.45;R;Gazole;1;2026-10-07 00:01:00;2.25
29200016;ROUTE DU VIEUX ST.MARC;BREST;48.393;-4.45;R;E85;3;2026-10-07 00:01:00;0.897
77390005;RD 619;Yèbles;48.635962863929;2.7811196141947003;R;Gazole;1;2026-10-07 00:01:00;2.25
77390005;RD 619;Yèbles;48.635962863929;2.7811196141947003;R;E10;5;2026-10-07 00:01:00;1.99
4800001;46 Avenue des Alpes;Gréoux-les-Bains;43.756;5.887;R;Gazole;1;2026-10-07 09:33:05;2.25
4800001;46 Avenue des Alpes;Gréoux-les-Bains;43.756;5.887;R;E10;5;2026-10-07 09:33:06;1.99
4800001;46 Avenue des Alpes;Gréoux-les-Bains;43.756;5.887;R;SP98;6;2026-10-07 09:33:06;1.99
59000020;17 A 25 RUE ROGER SALENGRO;LILLE;50.629;3.103;R;Gazole;1;2026-10-07 00:01:00;2.25
59000020;17 A 25 RUE ROGER SALENGRO;LILLE;50.629;3.103;R;E85;3;2026-10-07 00:01:00;0.868
59000020;17 A 25 RUE ROGER SALENGRO;LILLE;50.629;3.103;R;E10;5;2026-10-07 00:01:00;1.99
12850001;Route d'Espalion;ONET-LE-CHâTEAU;44.373;2.592;R;Gazole;1;2026-10-07 08:00:00;2.299
51300014;16 FBG LEON BOURGEOIS;Vitry-le-François;48.72504;4.58843;R;Gazole;1;2026-10-07 00:01:00;2.25
51300014;16 FBG LEON BOURGEOIS;Vitry-le-François;48.72504;4.58843;R;E85;3;2026-10-07 00:01:00;0.881
22810002;RN 12;PLOUNEVEZ MOEDEC;48.549;-3.453;R;Gazole;1;2026-10-07 00:01:00;2.25
22810002;RN 12;PLOUNEVEZ MOEDEC;48.549;-3.453;R;E85;3;2026-10-07 00:01:00;0.904
22810002;RN 12;PLOUNEVEZ MOEDEC;48.549;-3.453;R;E10;5;2026-10-07 00:01:00;1.99
22810002;RN 12;PLOUNEVEZ MOEDEC;48.549;-3.453;R;SP98;6;2026-10-07 00:01:00;1.99
39200005;38 Route de Lyon;Saint-Claude;46.38038;5.83492;R;Gazole;1;2026-10-07 07:58:03;2.369
39200005;38 Route de Lyon;Saint-Claude;46.38038;5.83492;R;SP95;2;2026-10-07 07:58:03;2.229
39200005;38 Route de Lyon;Saint-Claude;46.38038;5.83492;R;E10;5;2026-10-07 07:58:03;2.165
49220001;zac de la grée;grez neuville;47.614;-0.707;R;E10;5;2026-10-07 09:10:05;2.269
78630004;116 Avenue Pasteur;Orgeval;48.925;1.976;R;Gazole;1;2026-10-07 09:00:24;2.25
78630004;116 Avenue Pasteur;Orgeval;48.925;1.976;R;E10;5;2026-10-07 09:00:25;1.99
13011017;359 BD MIREILLE LAUZE;MARSEILLE;43.28602;5.42682;R;Gazole;1;2026-10-07 00:01:00;2.25
13011017;359 BD MIREILLE LAUZE;MARSEILLE;43.28602;5.42682;R;E85;3;2026-10-07 00:01:00;0.907
13011017;359 BD MIREILLE LAUZE;MARSEILLE;43.28602;5.42682;R;E10;5;2026-10-07 00:01:00;1.99
13011017;359 BD MIREILLE LAUZE;MARSEILLE;43.28602;5.42682;R;SP98;6;2026-10-07 00:01:00;1.99
71250007;RN 79;Sainte-Cécile;46.386225686799996;4.61930855867;R;Gazole;1;2026-10-07 00:01:00;2.25
71250007;RN 79;Sainte-Cécile;46.386225686799996;4.61930855867;R;E10;5;2026-10-07 00:01:00;1.99
71250007;RN 79;Sainte-Cécile;46.386225686799996;4.61930855867;R;SP98;6;2026-10-07 00:01:00;1.99
94500011;114 AV. DU GENERAL DE GAULLE;CHAMPIGNY SUR MARNE;48.823;2.495;R;Gazole;1;2026-10-07 00:01:00;2.25
94500011;114 AV. DU GENERAL DE GAULLE;CHAMPIGNY SUR MARNE;48.823;2.495;R;E10;5;2026-10-07 00:01:00;1.99
10350001;RUE SALENGRO;Marigny-le-Châtel;48.406;3.738;R;Gazole;1;2026-10-07 09:11:14;2.381
10350001;RUE SALENGRO;Marigny-le-Châtel;48.406;3.738;R;E10;5;2026-10-07 09:11:14;2.149
10350001;RUE SALENGRO;Marigny-le-Châtel;48.406;3.738;R;SP98;6;2026-10-07 09:11:14;2.258
69310004;126 BOULEVARD DE L EUROPE;Pierre-Bénite;45.69935;4.82364;R;Gazole;1;2026-10-07 00:01:00;2.25
69310004;126 BOULEVARD DE L EUROPE;Pierre-Bénite;45.69935;4.82364;R;E85;3;2026-10-07 00:01:00;0.901
69310004;126 BOULEVARD DE L EUROPE;Pierre-Bénite;45.69935;4.82364;R;GPLc;4;2026-10-07 00:01:00;1.025
69310004;126 BOULEVARD DE L EUROPE;Pierre-Bénite;45.69935;4.82364;R;E10;5;2026-10-07 00:01:00;1.99
78270002;RN 13 RTE D'EVREUX;Chaufour-lès-Bonnières;49.02;1.489;R;Gazole;1;2026-10-07 00:01:00;2.25
44430004;Canton de la Haute Landelle, Routes de Nantes;Loroux-Bottereau;47.234;-1.367;R;Gazole;1;2026-10-07 10:00:00;2.289
44430004;Canton de la Haute Landelle, Routes de Nantes;Loroux-Bottereau;47.234;-1.367;R;E85;3;2026-10-07 10:00:00;0.819
44430004;Canton de la Haute Landelle, Routes de Nantes;Loroux-Bottereau;47.234;-1.367;R;E10;5;2026-10-07 10:00:00;2.109
44430004;Canton de la Haute Landelle, Routes de Nantes;Loroux-Bottereau;47.234;-1.367;R;SP98;6;2026-10-07 10:00:00;2.199
26290009;RN-7;DONZERE;44.429;4.712;R;Gazole;1;2026-10-07 07:11:51;2.25
26290009;RN-7;DONZERE;44.429;4.712;R;E85;3;2026-10-07 00:01:00;0.901
26290009;RN-7;DONZERE;44.429;4.712;R;E10;5;2026-10-07 07:11:51;1.99
26290009;RN-7;DONZERE;44.429;4.712;R;SP98;6;2026-10-07 07:11:51;1.99
86130008;SENS POITIERS TOURS;Jaunay-Marigny;46.701;0.371;A;Gazole;1;2026-10-07 06:00:00;2.664
86130008;SENS POITIERS TOURS;Jaunay-Marigny;46.701;0.371;A;E10;5;2026-10-07 06:00:00;2.464
86130008;SENS POITIERS TOURS;Jaunay-Marigny;46.701;0.371;A;SP98;6;2026-10-07 06:00:00;2.564
67320001;Rue de Weyer;DRULINGEN;48.86425;7.18661;R;Gazole;1;2026-10-07 09:27:57;2.459
67320001;Rue de Weyer;DRULINGEN;48.86425;7.18661;R;E10;5;2026-10-07 09:27:58;2.269
67320001;Rue de Weyer;DRULINGEN;48.86425;7.18661;R;SP98;6;2026-10-07 09:27:58;2.399
84140006;950 CRS CARDINAL BERTRAND DE MON;MONTFAVET;43.931;4.874;R;E85;3;2026-10-07 00:01:00;0.908
46000012;114 RTE DE TOULOUSE;CAHORS;44.421;1.439;R;E85;3;2026-10-07 00:01:00;0.903
46000012;114 RTE DE TOULOUSE;CAHORS;44.421;1.439;R;GPLc;4;2026-10-07 00:01:00;0.999
59242003;29, rue de Maresquel;Templeuve;50.5223;3.17427;R;Gazole;1;2026-10-07 08:30:00;2.327
59242003;29, rue de Maresquel;Templeuve;50.5223;3.17427;R;E85;3;2026-10-07 08:30:00;0.844
59242003;29, rue de Maresquel;Templeuve;50.5223;3.17427;R;E10;5;2026-10-07 08:30:00;2.099
59242003;29, rue de Maresquel;Templeuve;50.5223;3.17427;R;SP98;6;2026-10-07 08:30:00;2.223
41300008;Autoroute A71, Sens Paris-Vierzon;Theillay;47.314;2.042;A;E10;5;2026-10-07 06:00:00;2.359
41300008;Autoroute A71, Sens Paris-Vierzon;Theillay;47.314;2.042;A;SP98;6;2026-10-07 06:00:00;2.459
91130007;RN7 RUE ALBERT REMY;Ris-Orangis;48.657;2.407;R;Gazole;1;2026-10-07 00:01:00;2.25
91130007;RN7 RUE ALBERT REMY;Ris-Orangis;48.657;2.407;R;E10;5;2026-10-07 00:01:00;1.99
5000017;46 AV. DE PROVENCE;GAP;44.54104;6.05755;R;GPLc;4;2026-10-07 00:01:00;0.999
21500005;65 rue de Dijon;Montbard;47.622214531559;4.3547334343017;R;Gazole;1;2026-10-07 09:21:58;2.309
21500005;65 rue de Dijon;Montbard;47.622214531559;4.3547334343017;R;SP95;2;2026-10-07 09:21:58;2.239
21500005;65 rue de Dijon;Montbard;47.622214531559;4.3547334343017;R;E10;5;2026-10-07 09:21:58;2.169
4100007;Route de Volx;MANOSQUE;43.839687317199996;5.8029165555499995;R;Gazole;1;2026-10-07 08:43:09;2.279
4100007;Route de Volx;MANOSQUE;43.839687317199996;5.8029165555499995;R;E10;5;2026-10-07 08:43:09;2.14
4100007;Route de Volx;MANOSQUE;43.839687317199996;5.8029165555499995;R;SP98;6;2026-10-07 08:43:09;2.251
94000011;ROUTE DE CHOISY RN 186;Créteil;48.78292;2.4467;R;Gazole;1;2026-10-07 00:01:00;2.25
94000011;ROUTE DE CHOISY RN 186;Créteil;48.78292;2.4467;R;E10;5;2026-10-07 00:01:00;1.99
67570001;RN 1420;ROTHAU;48.461;7.211;R;Gazole;1;2026-10-07 09:15:00;2.599
67570001;RN 1420;ROTHAU;48.461;7.211;R;E85;3;2026-10-07 09:15:00;0.899
67570001;RN 1420;ROTHAU;48.461;7.211;R;E10;5;2026-10-07 09:15:00;2.349
67570001;RN 1420;ROTHAU;48.461;7.211;R;SP98;6;2026-10-07 09:15:00;2.449
65100009;25 BOULEVARD DE LAPACCA;LOURDES;43.097;-0.038;R;E85;3;2026-10-07 00:01:00;0.929
65100009;25 BOULEVARD DE LAPACCA;LOURDES;43.097;-0.038;R;GPLc;4;2026-10-07 00:01:00;0.969
65100009;25 BOULEVARD DE LAPACCA;LOURDES;43.097;-0.038;R;E10;5;2026-10-07 00:01:00;1.99
14140001;Route de Lisieux;Livarot;49.008;0.151;R;Gazole;1;2026-10-07 10:43:07;2.379
14140001;Route de Lisieux;Livarot;49.008;0.151;R;E10;5;2026-10-07 10:43:07;2.169
29419001;Route du Leck;Landerneau;48.466;-4.256;R;Gazole;1;2026-10-07 10:00:00;2.321
29419001;Route du Leck;Landerneau;48.466;-4.256;R;SP95;2;2026-10-07 10:00:00;2.158
29419001;Route du Leck;Landerneau;48.466;-4.256;R;E85;3;2026-10-07 10:00:00;0.849
29419001;Route du Leck;Landerneau;48.466;-4.256;R;E10;5;2026-10-07 10:00:00;2.109
29419001;Route du Leck;Landerneau;48.466;-4.256;R;SP98;6;2026-10-07 10:00:00;2.219
35370003;ROUTE NATIONALE 157 - AIRE DE MONDEVERT;MONDEVERT;48.089;-1.096;R;Gazole;1;2026-10-07 00:01:00;2.25
35370003;ROUTE NATIONALE 157 - AIRE DE MONDEVERT;MONDEVERT;48.089;-1.096;R;E85;3;2026-10-07 00:01:00;0.999
35370003;ROUTE NATIONALE 157 - AIRE DE MONDEVERT;MONDEVERT;48.089;-1.096;R;GPLc;4;2026-10-07 00:01:00;1.079
35370003;ROUTE NATIONALE 157 - AIRE DE MONDEVERT;MONDEVERT;48.089;-1.096;R;E10;5;2026-10-07 00:01:00;1.99
35370003;ROUTE NATIONALE 157 - AIRE DE MONDEVERT;MONDEVERT;48.089;-1.096;R;SP98;6;2026-10-07 00:01:00;1.99
1250005;AUTOROUTE A40 - AIRE DE BOURG JASSERON;CEYZERIAT;46.203558237726995;5.2958828488323;A;Gazole;1;2026-10-07 00:01:00;2.25
1250005;AUTOROUTE A40 - AIRE DE BOURG JASSERON;CEYZERIAT;46.203558237726995;5.2958828488323;A;E85;3;2026-10-07 00:01:00;0.999
1250005;AUTOROUTE A40 - AIRE DE BOURG JASSERON;CEYZERIAT;46.203558237726995;5.2958828488323;A;GPLc;4;2026-10-07 00:01:00;1.099
1250005;AUTOROUTE A40 - AIRE DE BOURG JASSERON;CEYZERIAT;46.203558237726995;5.2958828488323;A;E10;5;2026-10-07 00:01:00;1.99
1250005;AUTOROUTE A40 - AIRE DE BOURG JASSERON;CEYZERIAT;46.203558237726995;5.2958828488323;A;SP98;6;2026-10-07 00:01:00;1.99
67151001;45 Rue du Printemps;ERSTEIN;48.429;7.659;R;Gazole;1;2026-10-07 09:41:00;2.465
67151001;45 Rue du Printemps;ERSTEIN;48.429;7.659;R;E85;3;2026-10-07 09:41:00;0.869
67151001;45 Rue du Printemps;ERSTEIN;48.429;7.659;R;GPLc;4;2026-10-07 09:41:00;0.998
67151001;45 Rue du Printemps;ERSTEIN;48.429;7.659;R;E10;5;2026-10-07 09:41:00;2.299
67151001;45 Rue du Printemps;ERSTEIN;48.429;7.659;R;SP98;6;2026-10-07 09:41:00;2.359
33000024;127 COURS DU MEDOC;BORDEAUX;44.861;-0.57;R;Gazole;1;2026-10-07 06:39:13;2.25
33000024;127 COURS DU MEDOC;BORDEAUX;44.861;-0.57;R;E10;5;2026-10-07 06:39:13;1.99
33000024;127 COURS DU MEDOC;BORDEAUX;44.861;-0.57;R;SP98;6;2026-10-07 06:39:13;1.99
59700008;1013 AVENUE DE LA REPUBLIQUE;Marcq-en-Barœul;50.66418;3.10016;R;Gazole;1;2026-10-07 00:01:00;2.25
59700008;1013 AVENUE DE LA REPUBLIQUE;Marcq-en-Barœul;50.66418;3.10016;R;E85;3;2026-10-07 00:01:00;0.874
59700008;1013 AVENUE DE LA REPUBLIQUE;Marcq-en-Barœul;50.66418;3.10016;R;E10;5;2026-10-07 00:01:00;1.99
54330001;6, Avenue Jacques Leclerc;VÉZELISE;48.487;6.094;R;SP95;2;2026-10-07 08:45:55;2.306
54330001;6, Avenue Jacques Leclerc;VÉZELISE;48.487;6.094;R;SP98;6;2026-10-07 08:45:55;2.365
13005013;ANGLE BD CHAVE ET SAKAKINI;Marseille;43.295;5.4;R;E10;5;2026-10-07 00:01:00;1.99
14130007;33 RUE AMIRAL HAMELIN;Pont-l'Évêque;49.288;0.189;R;Gazole;1;2026-10-07 07:01:22;2.25
14130007;33 RUE AMIRAL HAMELIN;Pont-l'Évêque;49.288;0.189;R;SP95;2;2026-10-07 07:01:22;1.99
14130007;33 RUE AMIRAL HAMELIN;Pont-l'Évêque;49.288;0.189;R;E85;3;2026-10-07 07:01:22;0.879
14130007;33 RUE AMIRAL HAMELIN;Pont-l'Évêque;49.288;0.189;R;E10;5;2026-10-07 07:01:22;1.99
56800005;2 Avenue de Chateaubriand;Ploërmel;47.923;-2.404;R;Gazole;1;2026-10-07 10:40:56;2.349
78840003;2 Rue Charles de Gaulle;FRENEUSE;49.039;1.592;R;Gazole;1;2026-10-07 10:45:55;2.369
78840003;2 Rue Charles de Gaulle;FRENEUSE;49.039;1.592;R;SP95;2;2026-10-07 10:45:56;2.269
78840003;2 Rue Charles de Gaulle;FRENEUSE;49.039;1.592;R;E10;5;2026-10-07 10:45:56;2.199
78840003;2 Rue Charles de Gaulle;FRENEUSE;49.039;1.592;R;SP98;6;2026-10-07 10:45:56;2.319
64140006;163 AVENUE JEAN MERMOZ;Lons;43.319;-0.379;R;Gazole;1;2026-10-07 08:41:27;2.299
64140006;163 AVENUE JEAN MERMOZ;Lons;43.319;-0.379;R;E10;5;2026-10-07 08:41:27;2.119
58000013;rue Bernard Palissy;NEVERS;46.987;3.17;R;Gazole;1;2026-10-07 08:54:09;2.339
58000013;rue Bernard Palissy;NEVERS;46.987;3.17;R;SP98;6;2026-10-07 08:54:10;2.239
56450002;LA CROIX DE BONNERVAUD - RN 165;THEIX;47.64;-2.68;R;Gazole;1;2026-10-07 00:01:00;2.479
56450002;LA CROIX DE BONNERVAUD - RN 165;THEIX;47.64;-2.68;R;E85;3;2026-10-07 00:01:00;1.015
56450002;LA CROIX DE BONNERVAUD - RN 165;THEIX;47.64;-2.68;R;GPLc;4;2026-10-07 00:01:00;1.029
56450002;LA CROIX DE BONNERVAUD - RN 165;THEIX;47.64;-2.68;R;E10;5;2026-10-07 00:01:00;2.299
56450002;LA CROIX DE BONNERVAUD - RN 165;THEIX;47.64;-2.68;R;SP98;6;2026-10-07 00:01:00;2.399
67202003;RN 4 - ROUTE DE SAVERNE;WOLFISHEIM;48.600997836937;7.6522720918629;R;E10;5;2026-10-07 00:01:00;1.99
22230003; Rue Chanoine le Texier;MERDRIGNAC;48.19538;-2.41743;R;Gazole;1;2026-10-07 10:24:48;2.327
22230003; Rue Chanoine le Texier;MERDRIGNAC;48.19538;-2.41743;R;E10;5;2026-10-07 10:24:48;2.158
31410002;AUT A 64  AIRE DE VOLVESTRE;CAPENS;43.336269537599996;1.24486306131;A;Gazole;1;2026-10-07 09:30:00;2.565
31410002;AUT A 64  AIRE DE VOLVESTRE;CAPENS;43.336269537599996;1.24486306131;A;GPLc;4;2026-10-07 09:30:00;1.108
31410002;AUT A 64  AIRE DE VOLVESTRE;CAPENS;43.336269537599996;1.24486306131;A;E10;5;2026-10-07 09:30:00;2.491
31410002;AUT A 64  AIRE DE VOLVESTRE;CAPENS;43.336269537599996;1.24486306131;A;SP98;6;2026-10-07 09:30:00;2.641
16120001;21 ZA DE L'ETANG;Châteauneuf-sur-Charente;45.589;-0.048;R;Gazole;1;2026-10-07 09:33:31;2.339
16120001;21 ZA DE L'ETANG;Châteauneuf-sur-Charente;45.589;-0.048;R;E10;5;2026-10-07 09:33:31;2.129
16120001;21 ZA DE L'ETANG;Châteauneuf-sur-Charente;45.589;-0.048;R;SP98;6;2026-10-07 09:33:31;2.219
77140011;10 AVENUE DU GENERAL DE GAULLE;NEMOURS;48.26687;2.70651;R;E85;3;2026-10-07 00:01:00;0.903
77140011;10 AVENUE DU GENERAL DE GAULLE;NEMOURS;48.26687;2.70651;R;GPLc;4;2026-10-07 00:01:00;0.969
38800003;96 COURS ST ANDRE;Pont-de-claix;45.138;5.702;R;E85;3;2026-10-07 00:01:00;0.905
38800003;96 COURS ST ANDRE;Pont-de-claix;45.138;5.702;R;GPLc;4;2026-10-07 00:01:00;1.01
38800003;96 COURS ST ANDRE;Pont-de-claix;45.138;5.702;R;E10;5;2026-10-07 00:01:00;1.99
6600023;1945 ROUTE DE GRASSE;ANTIBES;43.598;7.088;R;Gazole;1;2026-10-07 00:01:00;2.25
6600023;1945 ROUTE DE GRASSE;ANTIBES;43.598;7.088;R;E10;5;2026-10-07 00:01:00;1.99
49000015;55 Boulevard Jacques Millot;ANGERS;47.455;-0.534;R;E10;5;2026-10-07 08:49:54;2.128
29620001;33 Rue des Quatre Vents;LANMEUR;48.642;-3.72;R;Gazole;1;2026-10-07 09:09:59;2.329
34570001;AVENUE GENERAL GROLLIER;Pignan;43.585;3.779;R;Gazole;1;2026-10-07 10:48:18;2.25
34570001;AVENUE GENERAL GROLLIER;Pignan;43.585;3.779;R;SP98;6;2026-10-07 10:48:18;1.99
76360001;Plateau du Mesnil-Roux, Zone la Carbonnière;BARENTIN;49.534896206291;0.96409769058218;R;Gazole;1;2026-10-07 08:26:00;2.336
76360001;Plateau du Mesnil-Roux, Zone la Carbonnière;BARENTIN;49.534896206291;0.96409769058218;R;GPLc;4;2026-10-07 08:26:00;0.92
76360001;Plateau du Mesnil-Roux, Zone la Carbonnière;BARENTIN;49.534896206291;0.96409769058218;R;SP98;6;2026-10-07 08:26:00;2.31
26503001;Les Chabanneries;Bourg-lès-Valence;44.959;4.883;R;Gazole;1;2026-10-07 09:41:00;2.29
26503001;Les Chabanneries;Bourg-lès-Valence;44.959;4.883;R;SP95;2;2026-10-07 09:41:00;2.207
26503001;Les Chabanneries;Bourg-lès-Valence;44.959;4.883;R;GPLc;4;2026-10-07 09:41:00;1.029
26503001;Les Chabanneries;Bourg-lès-Valence;44.959;4.883;R;E10;5;2026-10-07 09:41:00;2.173
26503001;Les Chabanneries;Bourg-lès-Valence;44.959;4.883;R;SP98;6;2026-10-07 09:41:00;2.229
38240003;1 Boulevard des Alpes;MEYLAN;45.203;5.762;R;Gazole;1;2026-10-07 08:26:00;2.305
38240003;1 Boulevard des Alpes;MEYLAN;45.203;5.762;R;SP95;2;2026-10-07 08:26:00;2.221
38240003;1 Boulevard des Alpes;MEYLAN;45.203;5.762;R;E85;3;2026-10-07 08:26:00;0.909
38240003;1 Boulevard des Alpes;MEYLAN;45.203;5.762;R;E10;5;2026-10-07 08:26:00;2.17
38240003;1 Boulevard des Alpes;MEYLAN;45.203;5.762;R;SP98;6;2026-10-07 08:26:00;2.288
62700008;864 RUE DE LA REPUBLIQUE - RN 41;Bruay-la-Buissière;50.477;2.534;R;Gazole;1;2026-10-07 00:01:00;2.25
62700008;864 RUE DE LA REPUBLIQUE - RN 41;Bruay-la-Buissière;50.477;2.534;R;E85;3;2026-10-07 00:01:00;0.868
62700008;864 RUE DE LA REPUBLIQUE - RN 41;Bruay-la-Buissière;50.477;2.534;R;GPLc;4;2026-10-07 00:01:00;0.989
62700008;864 RUE DE LA REPUBLIQUE - RN 41;Bruay-la-Buissière;50.477;2.534;R;E10;5;2026-10-07 00:01:00;1.99
62700008;864 RUE DE LA REPUBLIQUE - RN 41;Bruay-la-Buissière;50.477;2.534;R;SP98;6;2026-10-07 09:06:14;1.99
17600003;ZA Les Touzelleries;Saujon;45.666763810757;-0.94629032870432;R;Gazole;1;2026-10-07 10:15:00;2.259
44800008;BD CHARLES DE GAULLE - CD 17;Saint-Herblain;47.211;-1.619;R;Gazole;1;2026-10-07 00:01:00;2.25
44800008;BD CHARLES DE GAULLE - CD 17;Saint-Herblain;47.211;-1.619;R;GPLc;4;2026-10-07 00:01:00;0.929
53400001;Z.A. LA PEPINIERE;CRAON;47.843;-0.971;R;E10;5;2026-10-07 08:33:12;2.142
16300004;Avenue de l'Europe;BARBEZIEUX-SAINT-HILAIRE;45.46704;-0.16519;R;Gazole;1;2026-10-07 09:14:53;2.329
16300004;Avenue de l'Europe;BARBEZIEUX-SAINT-HILAIRE;45.46704;-0.16519;R;E10;5;2026-10-07 09:14:53;2.129
16300004;Avenue de l'Europe;BARBEZIEUX-SAINT-HILAIRE;45.46704;-0.16519;R;SP98;6;2026-10-07 09:14:53;2.239
77500009;119 AV DU GENDARME CASTERMANT;CHELLES;48.878;2.608;R;Gazole;1;2026-10-07 00:01:00;2.25
77500009;119 AV DU GENDARME CASTERMANT;CHELLES;48.878;2.608;R;E10;5;2026-10-07 00:01:00;1.99
74330004;ROUTE DES VIGNES;La Balme-de-Sillingy;45.974;6.033;R;Gazole;1;2026-10-07 09:41:00;2.39
74330004;ROUTE DES VIGNES;La Balme-de-Sillingy;45.974;6.033;R;SP95;2;2026-10-07 09:41:00;2.25
74330004;ROUTE DES VIGNES;La Balme-de-Sillingy;45.974;6.033;R;E85;3;2026-10-07 09:41:00;0.85
74330004;ROUTE DES VIGNES;La Balme-de-Sillingy;45.974;6.033;R;E10;5;2026-10-07 09:41:00;2.204
43600002; Lotissement la Chaud;SAINTE-SIGOLèNE;45.24806;4.24106;R;Gazole;1;2026-10-07 06:40:17;2.379
70700003;4 Place de Trano;BUCEY-LèS-GY;47.424;5.839;R;Gazole;1;2026-10-07 09:15:25;2.379
70700003;4 Place de Trano;BUCEY-LèS-GY;47.424;5.839;R;SP95;2;2026-10-07 09:15:25;2.249
70700003;4 Place de Trano;BUCEY-LèS-GY;47.424;5.839;R;SP98;6;2026-10-07 09:15:25;2.299
44470005;Le souchais - route de Sucé;Carquefou;47.3;-1.498;R;Gazole;1;2026-10-07 09:00:00;2.269
44470005;Le souchais - route de Sucé;Carquefou;47.3;-1.498;R;E85;3;2026-10-07 09:00:00;0.839
44470005;Le souchais - route de Sucé;Carquefou;47.3;-1.498;R;E10;5;2026-10-07 09:00:00;2.125
44470005;Le souchais - route de Sucé;Carquefou;47.3;-1.498;R;SP98;6;2026-10-07 09:00:00;2.209
33910001;32 Route de Lussac;Saint-Denis-de-Pile;44.99257;-0.20126;R;Gazole;1;2026-10-07 09:01:27;2.272
33910001;32 Route de Lussac;Saint-Denis-de-Pile;44.99257;-0.20126;R;E10;5;2026-10-07 09:01:27;2.115
33910001;32 Route de Lussac;Saint-Denis-de-Pile;44.99257;-0.20126;R;SP98;6;2026-10-07 09:01:28;2.238
72000015;Avenue Georges Duhamel;Le Mans;48.02762387;0.18186484;R;Gazole;1;2026-10-07 07:23:55;2.319
72000015;Avenue Georges Duhamel;Le Mans;48.02762387;0.18186484;R;E10;5;2026-10-07 07:23:56;2.149
72000015;Avenue Georges Duhamel;Le Mans;48.02762387;0.18186484;R;SP98;6;2026-10-07 07:23:56;2.259
54182001;RD 570;HEILLECOURT;48.641;6.183;R;Gazole;1;2026-10-07 10:37:52;2.414
54182001;RD 570;HEILLECOURT;48.641;6.183;R;E85;3;2026-10-07 10:37:52;0.864
54182001;RD 570;HEILLECOURT;48.641;6.183;R;GPLc;4;2026-10-07 10:37:52;0.985
54182001;RD 570;HEILLECOURT;48.641;6.183;R;E10;5;2026-10-07 10:37:52;2.204
54182001;RD 570;HEILLECOURT;48.641;6.183;R;SP98;6;2026-10-07 10:37:52;2.334
47310006;AUTOROUTE A62 - AIRE AGEN PORTE D'AQUITAINE NORD;LAPLUME;44.1991844185;0.5090393686570001;A;Gazole;1;2026-10-07 00:01:00;2.25
47310006;AUTOROUTE A62 - AIRE AGEN PORTE D'AQUITAINE NORD;LAPLUME;44.1991844185;0.5090393686570001;A;E10;5;2026-10-07 00:01:00;1.99
47310006;AUTOROUTE A62 - AIRE AGEN PORTE D'AQUITAINE NORD;LAPLUME;44.1991844185;0.5090393686570001;A;SP98;6;2026-10-07 00:01:00;1.99
77740002;62 ROUTE DE PARIS / RN 34;Saint-Germain-sur-Morin;48.884;2.841;R;Gazole;1;2026-10-07 00:01:00;2.25
77740002;62 ROUTE DE PARIS / RN 34;Saint-Germain-sur-Morin;48.884;2.841;R;E85;3;2026-10-07 00:01:00;0.896
77740002;62 ROUTE DE PARIS / RN 34;Saint-Germain-sur-Morin;48.884;2.841;R;GPLc;4;2026-10-07 00:01:00;1.019
35800004;20, BOULEVARD DE LA LIBERATION;DINARD;48.623;-2.058;R;Gazole;1;2026-10-07 00:01:00;2.25
35800004;20, BOULEVARD DE LA LIBERATION;DINARD;48.623;-2.058;R;E85;3;2026-10-07 00:01:00;0.893
74330003;1930 Route de Bellegarde;SILLINGY;45.949;6.046;R;Gazole;1;2026-10-07 00:01:00;2.359
74330003;1930 Route de Bellegarde;SILLINGY;45.949;6.046;R;E10;5;2026-10-07 01:01:00;2.229
64400003;Avenue Alexandre Fleming;OLORON-SAINTE-MARIE;43.1973594487;-0.617139056977;R;E10;5;2026-10-07 08:33:08;2.125
62230004;BOULEVARD MONTESQUIEU;OUTREAU;50.711;1.601;R;Gazole;1;2026-10-07 00:01:00;2.25
62230004;BOULEVARD MONTESQUIEU;OUTREAU;50.711;1.601;R;E10;5;2026-10-07 00:01:00;1.99
93320002;262 AVENUE ARISTIDE BRIAND;Les Pavillons-sous-Bois;48.91;2.51;R;Gazole;1;2026-10-07 00:01:00;2.25
93320002;262 AVENUE ARISTIDE BRIAND;Les Pavillons-sous-Bois;48.91;2.51;R;E10;5;2026-10-07 00:01:00;1.99
33500001;ROUTE DE CASTILLON;LIBOURNE;44.901;-0.218;R;Gazole;1;2026-10-07 08:26:00;2.343
33500001;ROUTE DE CASTILLON;LIBOURNE;44.901;-0.218;R;SP95;2;2026-10-07 08:26:00;2.216
33500001;ROUTE DE CASTILLON;LIBOURNE;44.901;-0.218;R;E85;3;2026-10-07 08:26:00;0.9
33500001;ROUTE DE CASTILLON;LIBOURNE;44.901;-0.218;R;E10;5;2026-10-07 08:26:00;2.174
33500001;ROUTE DE CASTILLON;LIBOURNE;44.901;-0.218;R;SP98;6;2026-10-07 08:26:00;2.278
31110002;Les Trêtes Moustajon;Moustajon;42.808168214285004;0.5983865361317801;R;Gazole;1;2026-10-07 10:43:19;2.328
31110002;Les Trêtes Moustajon;Moustajon;42.808168214285004;0.5983865361317801;R;E10;5;2026-10-07 10:43:19;2.167
31110002;Les Trêtes Moustajon;Moustajon;42.808168214285004;0.5983865361317801;R;SP98;6;2026-10-07 10:43:19;2.303
62400004;612 Rue d'Aire;Béthune;50.539;2.631;R;SP98;6;2026-10-07 10:17:21;1.99
13110004;45 Avenue Maurice Thorez;PORT-DE-BOUC;43.406;4.981;R;Gazole;1;2026-10-07 08:08:42;2.42
13110004;45 Avenue Maurice Thorez;PORT-DE-BOUC;43.406;4.981;R;E10;5;2026-10-07 08:08:42;2.25
13110004;45 Avenue Maurice Thorez;PORT-DE-BOUC;43.406;4.981;R;SP98;6;2026-10-07 08:08:42;2.34
47110002;Route de Bordeaux;LE TEMPLE-SUR-LOT;44.381;0.532;R;SP98;6;2026-10-07 10:19:44;1.99
77140006;1 rue JM JACQUARD;NEMOURS;48.269;2.701;R;Gazole;1;2026-10-07 08:02:00;2.349
77140006;1 rue JM JACQUARD;NEMOURS;48.269;2.701;R;E10;5;2026-10-07 08:02:00;2.13
77140006;1 rue JM JACQUARD;NEMOURS;48.269;2.701;R;SP98;6;2026-10-07 08:02:00;2.277
66600002;2 RUE JEANNE BARRET-MASGARRIGUE SUD;RIVESALTES;42.78;2.899;R;Gazole;1;2026-10-07 00:01:00;2.25
66600002;2 RUE JEANNE BARRET-MASGARRIGUE SUD;RIVESALTES;42.78;2.899;R;E10;5;2026-10-07 00:01:00;1.99
85320002;2, rue des Acacias;Mareuil-sur-Lay-Dissais;46.53821;-1.23044;R;Gazole;1;2026-10-07 07:51:10;2.329
85320002;2, rue des Acacias;Mareuil-sur-Lay-Dissais;46.53821;-1.23044;R;SP95;2;2026-10-07 07:51:10;2.219
85320002;2, rue des Acacias;Mareuil-sur-Lay-Dissais;46.53821;-1.23044;R;E10;5;2026-10-07 07:51:10;2.139
69480005;Route de Villefranche;ANSE;45.956;4.715;R;Gazole;1;2026-10-07 08:55:10;2.339
69480005;Route de Villefranche;ANSE;45.956;4.715;R;E10;5;2026-10-07 08:55:11;2.179
69480005;Route de Villefranche;ANSE;45.956;4.715;R;SP98;6;2026-10-07 08:55:11;2.289
10000019;17, BLD GEORGES POMPIDOU;TROYES;48.288;4.08;R;Gazole;1;2026-10-07 00:01:00;2.25
10000019;17, BLD GEORGES POMPIDOU;TROYES;48.288;4.08;R;E85;3;2026-10-07 00:01:00;0.888
10000019;17, BLD GEORGES POMPIDOU;TROYES;48.288;4.08;R;E10;5;2026-10-07 00:01:00;1.99
10000019;17, BLD GEORGES POMPIDOU;TROYES;48.288;4.08;R;SP98;6;2026-10-07 00:01:00;1.99
38760004;ZAC DU CHAMP ST ANGE;Varces-Allières-et-Risset;45.098;5.683;R;Gazole;1;2026-10-07 06:00:00;2.449
38760004;ZAC DU CHAMP ST ANGE;Varces-Allières-et-Risset;45.098;5.683;R;E10;5;2026-10-07 06:00:00;2.269
38760004;ZAC DU CHAMP ST ANGE;Varces-Allières-et-Risset;45.098;5.683;R;SP98;6;2026-10-07 06:00:00;2.369
46130001;AVENUE DE LA REPUBLIQUE;Biars-sur-Cère;44.909;1.821;R;Gazole;1;2026-10-07 10:52:00;2.318
46130001;AVENUE DE LA REPUBLIQUE;Biars-sur-Cère;44.909;1.821;R;E85;3;2026-10-07 10:52:00;0.867
46130001;AVENUE DE LA REPUBLIQUE;Biars-sur-Cère;44.909;1.821;R;E10;5;2026-10-07 10:52:00;2.118
46130001;AVENUE DE LA REPUBLIQUE;Biars-sur-Cère;44.909;1.821;R;SP98;6;2026-10-07 10:52:00;2.247
76270001;Rue de la Grande Flandre;NEUFCHATEL-EN-BRAY;49.732;1.434;R;Gazole;1;2026-10-07 08:30:00;2.349
76270001;Rue de la Grande Flandre;NEUFCHATEL-EN-BRAY;49.732;1.434;R;E85;3;2026-10-07 08:30:00;0.869
17210006;RN10 Aire de Bedenac - Direction Angouleme / Bordeaux;Bedenac;45.173121499096;-0.33316234673913997;R;Gazole;1;2026-10-07 08:56:54;2.419
17210006;RN10 Aire de Bedenac - Direction Angouleme / Bordeaux;Bedenac;45.173121499096;-0.33316234673913997;R;E85;3;2026-10-07 08:56:54;0.955
17210006;RN10 Aire de Bedenac - Direction Angouleme / Bordeaux;Bedenac;45.173121499096;-0.33316234673913997;R;GPLc;4;2026-10-07 08:56:54;1.085
17210006;RN10 Aire de Bedenac - Direction Angouleme / Bordeaux;Bedenac;45.173121499096;-0.33316234673913997;R;E10;5;2026-10-07 08:56:54;2.319
17210006;RN10 Aire de Bedenac - Direction Angouleme / Bordeaux;Bedenac;45.173121499096;-0.33316234673913997;R;SP98;6;2026-10-07 08:56:54;2.399
83400013;CD 97 LE PALYVESTRE;HYERES;43.0846876404;6.14856278346;R;Gazole;1;2026-10-07 00:01:00;2.25
83400013;CD 97 LE PALYVESTRE;HYERES;43.0846876404;6.14856278346;R;E10;5;2026-10-07 00:01:00;1.99
83400013;CD 97 LE PALYVESTRE;HYERES;43.0846876404;6.14856278346;R;SP98;6;2026-10-07 00:01:00;1.99
83400011;Avenue Geoffroy Saint-Hilaire;HYèRES;43.1096;6.12885;R;SP95;2;2026-10-07 08:54:17;2.249
77820003;5 rue des Grands Champs;LE CHÂTELET-EN-BRIE;48.492;2.796;R;Gazole;1;2026-10-07 08:06:44;2.329
77820003;5 rue des Grands Champs;LE CHÂTELET-EN-BRIE;48.492;2.796;R;SP95;2;2026-10-07 08:06:44;2.189
77820003;5 rue des Grands Champs;LE CHÂTELET-EN-BRIE;48.492;2.796;R;E10;5;2026-10-07 08:06:44;2.149
77820003;5 rue des Grands Champs;LE CHÂTELET-EN-BRIE;48.492;2.796;R;SP98;6;2026-10-07 08:06:44;2.249
91640003;AUTOROUTE A10 - AIRE DE LIMOURS BRIIS SOUS FORGES;Briis-sous-Forges;48.635;2.148;A;Gazole;1;2026-10-07 00:01:00;2.25
91640003;AUTOROUTE A10 - AIRE DE LIMOURS BRIIS SOUS FORGES;Briis-sous-Forges;48.635;2.148;A;E85;3;2026-10-07 00:01:00;0.999
91640003;AUTOROUTE A10 - AIRE DE LIMOURS BRIIS SOUS FORGES;Briis-sous-Forges;48.635;2.148;A;E10;5;2026-10-07 00:01:00;1.99
38200016;80 CHEMIN DE MAUPAS;Villette-de-Vienne;45.584429922883;4.914457214061001;R;Gazole;1;2026-10-07 08:43:07;2.319
42430001;160 rue du pont de combre;Saint-Just-en-Chevalet;45.915;3.844;R;Gazole;1;2026-10-07 07:54:22;2.299
42430001;160 rue du pont de combre;Saint-Just-en-Chevalet;45.915;3.844;R;SP95;2;2026-10-07 07:54:22;2.199
42430001;160 rue du pont de combre;Saint-Just-en-Chevalet;45.915;3.844;R;E85;3;2026-10-07 07:54:22;0.909
74000002;134 avenue de geneve;ANNECY;45.919;6.124;R;Gazole;1;2026-10-07 00:46:00;2.385
74000002;134 avenue de geneve;ANNECY;45.919;6.124;R;SP95;2;2026-10-07 00:46:00;2.261
74000002;134 avenue de geneve;ANNECY;45.919;6.124;R;E85;3;2026-10-07 00:46:00;0.883
74000002;134 avenue de geneve;ANNECY;45.919;6.124;R;E10;5;2026-10-07 00:46:00;2.192
74000002;134 avenue de geneve;ANNECY;45.919;6.124;R;SP98;6;2026-10-07 00:46:00;2.316
28300008;RD 923 - ROUTE DU MANS;AMILLY;48.437;1.424;R;Gazole;1;2026-10-07 00:01:00;2.249
28300008;RD 923 - ROUTE DU MANS;AMILLY;48.437;1.424;R;E85;3;2026-10-07 00:01:00;0.895
28300008;RD 923 - ROUTE DU MANS;AMILLY;48.437;1.424;R;E10;5;2026-10-07 00:01:00;1.99
28300008;RD 923 - ROUTE DU MANS;AMILLY;48.437;1.424;R;SP98;6;2026-10-07 08:18:46;1.99
67370001;29 RUE DE LA GARE;TRUCHTERSHEIM;48.657;7.605;R;Gazole;1;2026-10-07 08:46:26;2.388
83210011;ZA des Plantades;SOLLIES PONT;43.202;6.047;R;Gazole;1;2026-10-07 10:51:00;2.344
83210011;ZA des Plantades;SOLLIES PONT;43.202;6.047;R;SP95;2;2026-10-07 10:51:00;2.223
83210011;ZA des Plantades;SOLLIES PONT;43.202;6.047;R;E85;3;2026-10-07 10:51:00;0.85
83210011;ZA des Plantades;SOLLIES PONT;43.202;6.047;R;E10;5;2026-10-07 10:51:00;2.168
95100032;Rue des Grives Zac Fosse Aux Loups;Argenteuil;48.945;2.207;R;Gazole;1;2026-10-07 00:01:00;2.25
87100007;86 Rue Abbe Pierre;LIMOGES;45.838;1.219;R;E10;5;2026-10-07 09:24:24;2.186
87100007;86 Rue Abbe Pierre;LIMOGES;45.838;1.219;R;SP98;6;2026-10-07 09:24:25;2.319
86190004;4 ROUTE DE POITIERS;VOUILLE;46.64619029816;0.17216845653458;R;Gazole;1;2026-10-07 09:20:41;2.25
86190004;4 ROUTE DE POITIERS;VOUILLE;46.64619029816;0.17216845653458;R;E10;5;2026-10-07 09:20:41;1.99
53170001;RUE DES TILLEULS;Meslay-du-Maine;47.954;-0.561;R;Gazole;1;2026-10-07 08:22:37;2.359
53170001;RUE DES TILLEULS;Meslay-du-Maine;47.954;-0.561;R;E85;3;2026-10-07 08:22:38;0.899
53170001;RUE DES TILLEULS;Meslay-du-Maine;47.954;-0.561;R;E10;5;2026-10-07 08:22:38;2.169
53170001;RUE DES TILLEULS;Meslay-du-Maine;47.954;-0.561;R;SP98;6;2026-10-07 08:22:38;2.259
93170002;44-48 AVENUE DE LA REPUBLIQUE;BAGNOLET;48.86205;2.4165;R;Gazole;1;2026-10-07 00:01:00;2.25
93170002;44-48 AVENUE DE LA REPUBLIQUE;BAGNOLET;48.86205;2.4165;R;E10;5;2026-10-07 00:01:00;1.99
16000004;186 Rue de Saintes;Angoulême;45.661;0.14;R;Gazole;1;2026-10-07 08:32:32;2.261
16000004;186 Rue de Saintes;Angoulême;45.661;0.14;R;E10;5;2026-10-07 08:32:32;2.113
64121003;14 Rue ALEXANDRO VOLTA;Montardon;43.354;-0.38;R;Gazole;1;2026-10-07 00:01:00;2.25
1340003;Route de Bourg, Prairie de Cezille;Jayat;46.349438786262006;5.1239042438613;R;Gazole;1;2026-10-07 07:11:16;2.289
1340003;Route de Bourg, Prairie de Cezille;Jayat;46.349438786262006;5.1239042438613;R;E10;5;2026-10-07 07:11:16;2.135
1340003;Route de Bourg, Prairie de Cezille;Jayat;46.349438786262006;5.1239042438613;R;SP98;6;2026-10-07 07:11:16;2.259
76600024;BOULEVARD LENINGRAD;LE HAVRE;49.49878;0.15925;R;GPLc;4;2026-10-07 11:06:21;0.963
13320012;341 AV DE LA CROIX D OR;Bouc-Bel-Air;43.463;5.407;R;Gazole;1;2026-10-07 00:01:00;2.25
69270004;46, AV.DES MARRONNIERS;Fontaines-sur-Saône;45.82109;4.86263;R;Gazole;1;2026-10-07 00:01:00;2.25
69270004;46, AV.DES MARRONNIERS;Fontaines-sur-Saône;45.82109;4.86263;R;E85;3;2026-10-07 00:01:00;0.905
69270004;46, AV.DES MARRONNIERS;Fontaines-sur-Saône;45.82109;4.86263;R;E10;5;2026-10-07 00:01:00;1.99
69270004;46, AV.DES MARRONNIERS;Fontaines-sur-Saône;45.82109;4.86263;R;SP98;6;2026-10-07 00:01:00;1.99
83000006;283 Rue Henri Sainte-Claire Deville;TOULON;43.12753;5.97764;R;Gazole;1;2026-10-07 10:08:23;2.269
83000006;283 Rue Henri Sainte-Claire Deville;TOULON;43.12753;5.97764;R;SP95;2;2026-10-07 10:08:23;2.229
83000006;283 Rue Henri Sainte-Claire Deville;TOULON;43.12753;5.97764;R;E10;5;2026-10-07 10:08:23;2.159
13200015;N°1 AV BACHAGA SAID BOUALEM;ARLES;43.671;4.622;R;Gazole;1;2026-10-07 00:01:00;2.25
13200015;N°1 AV BACHAGA SAID BOUALEM;ARLES;43.671;4.622;R;GPLc;4;2026-10-07 00:01:00;0.999
13200015;N°1 AV BACHAGA SAID BOUALEM;ARLES;43.671;4.622;R;E10;5;2026-10-07 00:01:00;1.99
13200015;N°1 AV BACHAGA SAID BOUALEM;ARLES;43.671;4.622;R;SP98;6;2026-10-07 00:01:00;1.99
56860003;ROUTE DE NANTES;Séné;47.651;-2.723;R;Gazole;1;2026-10-07 08:06:41;2.329
56860003;ROUTE DE NANTES;Séné;47.651;-2.723;R;E10;5;2026-10-07 08:06:41;2.119
56860003;ROUTE DE NANTES;Séné;47.651;-2.723;R;SP98;6;2026-10-07 08:06:41;2.229
94380003;5 AVENUE DES ROSES;BONNEUIL SUR MARNE;48.766693142122996;2.4901101735978;R;Gazole;1;2026-10-07 11:03:05;2.295
94380003;5 AVENUE DES ROSES;BONNEUIL SUR MARNE;48.766693142122996;2.4901101735978;R;SP95;2;2026-10-07 11:03:05;2.16
94380003;5 AVENUE DES ROSES;BONNEUIL SUR MARNE;48.766693142122996;2.4901101735978;R;E10;5;2026-10-07 11:03:05;2.13
91700005;RN 104 ZI DES CIROLIERS;FLEURY MEROGIS;48.624;2.37;R;Gazole;1;2026-10-07 09:39:28;2.25
91700005;RN 104 ZI DES CIROLIERS;FLEURY MEROGIS;48.624;2.37;R;E10;5;2026-10-07 09:38:54;1.99
91700005;RN 104 ZI DES CIROLIERS;FLEURY MEROGIS;48.624;2.37;R;SP98;6;2026-10-07 09:38:54;1.99
59270002;Avenue des Nations Unies;BAILLEUL;50.724;2.74;R;Gazole;1;2026-10-07 10:07:00;2.349
59270002;Avenue des Nations Unies;BAILLEUL;50.724;2.74;R;E85;3;2026-10-07 10:07:00;0.845
59270002;Avenue des Nations Unies;BAILLEUL;50.724;2.74;R;E10;5;2026-10-07 10:07:00;2.119
59270002;Avenue des Nations Unies;BAILLEUL;50.724;2.74;R;SP98;6;2026-10-07 10:07:00;2.2
69570005;AUTOROUTE A6 - AIRE DE BRUYÈRES PAISY;DARDILLY;45.808768531846006;4.7695929893495;A;Gazole;1;2026-10-07 00:01:00;2.25
69570005;AUTOROUTE A6 - AIRE DE BRUYÈRES PAISY;DARDILLY;45.808768531846006;4.7695929893495;A;GPLc;4;2026-10-07 00:01:00;1.059
69570005;AUTOROUTE A6 - AIRE DE BRUYÈRES PAISY;DARDILLY;45.808768531846006;4.7695929893495;A;E10;5;2026-10-07 00:01:00;1.99
69570005;AUTOROUTE A6 - AIRE DE BRUYÈRES PAISY;DARDILLY;45.808768531846006;4.7695929893495;A;SP98;6;2026-10-07 00:01:00;1.99
62280003;Route Nationale 42;SAINT-MARTIN-BOULOGNE;50.733;1.669;R;Gazole;1;2026-10-07 09:40:29;2.305
95450006;RN 14 LIEUDIT LA MARLIERE;SAGY;49.064610342954;1.9789464314269;R;Gazole;1;2026-10-07 00:01:00;2.25
95450006;RN 14 LIEUDIT LA MARLIERE;SAGY;49.064610342954;1.9789464314269;R;E85;3;2026-10-07 00:01:00;0.885
95450006;RN 14 LIEUDIT LA MARLIERE;SAGY;49.064610342954;1.9789464314269;R;E10;5;2026-10-07 00:01:00;1.99
95450006;RN 14 LIEUDIT LA MARLIERE;SAGY;49.064610342954;1.9789464314269;R;SP98;6;2026-10-07 00:01:00;1.99
6600022;2 AVENUE DE NICE;ANTIBES;43.589;7.12;R;Gazole;1;2026-10-07 10:38:03;2.25
6600022;2 AVENUE DE NICE;ANTIBES;43.589;7.12;R;E85;3;2026-10-07 10:38:03;0.914
6600022;2 AVENUE DE NICE;ANTIBES;43.589;7.12;R;E10;5;2026-10-07 10:38:03;1.99
6600022;2 AVENUE DE NICE;ANTIBES;43.589;7.12;R;SP98;6;2026-10-07 10:38:03;1.99
57280003;A 31 Sortie Maizières les Metz;HAUCONCOURT;49.214;6.17;R;Gazole;1;2026-10-07 08:36:15;2.299
57280003;A 31 Sortie Maizières les Metz;HAUCONCOURT;49.214;6.17;R;E10;5;2026-10-07 08:36:15;2.159
12850002;l'Estréniol - Pôle Comtal Sud;Onet-le-Château;44.394;2.603;R;Gazole;1;2026-10-07 10:51:00;2.329
12850002;l'Estréniol - Pôle Comtal Sud;Onet-le-Château;44.394;2.603;R;SP95;2;2026-10-07 10:51:00;2.286
12850002;l'Estréniol - Pôle Comtal Sud;Onet-le-Château;44.394;2.603;R;GPLc;4;2026-10-07 10:51:00;1.131
12850002;l'Estréniol - Pôle Comtal Sud;Onet-le-Château;44.394;2.603;R;E10;5;2026-10-07 10:51:00;2.199
33680001;RTE DE BORDEAUX;Lacanau;44.97654;-1.06739;R;Gazole;1;2026-10-07 10:33:40;2.25
33680001;RTE DE BORDEAUX;Lacanau;44.97654;-1.06739;R;E10;5;2026-10-07 10:33:40;1.99
87000028;26 RUE WAGNER;LIMOGES;45.818457256025;1.2492994846559;R;Gazole;1;2026-10-07 11:05:52;2.31
93350003;7/9 AV DU 8 MAI 1945;LE BOURGET;48.942;2.432;R;Gazole;1;2026-10-07 00:01:00;2.25
93350003;7/9 AV DU 8 MAI 1945;LE BOURGET;48.942;2.432;R;E85;3;2026-10-07 00:01:00;0.919
93350003;7/9 AV DU 8 MAI 1945;LE BOURGET;48.942;2.432;R;E10;5;2026-10-07 00:01:00;1.99
93350003;7/9 AV DU 8 MAI 1945;LE BOURGET;48.942;2.432;R;SP98;6;2026-10-07 00:01:00;1.99
4160004;LE BELVEDERE - RN 96;Château-Arnoux-Saint-Auban;44.088;6.009;R;Gazole;1;2026-10-07 00:01:00;2.25
4160004;LE BELVEDERE - RN 96;Château-Arnoux-Saint-Auban;44.088;6.009;R;E85;3;2026-10-07 00:01:00;0.917
4160004;LE BELVEDERE - RN 96;Château-Arnoux-Saint-Auban;44.088;6.009;R;GPLc;4;2026-10-07 00:01:00;1.009
4160004;LE BELVEDERE - RN 96;Château-Arnoux-Saint-Auban;44.088;6.009;R;E10;5;2026-10-07 00:01:00;1.99
4160004;LE BELVEDERE - RN 96;Château-Arnoux-Saint-Auban;44.088;6.009;R;SP98;6;2026-10-07 00:01:00;1.99
35600004;84 rue de Vannes;REDON;47.644;-2.092;R;Gazole;1;2026-10-07 11:08:59;2.25
35600004;84 rue de Vannes;REDON;47.644;-2.092;R;E10;5;2026-10-07 11:08:59;1.99
35600004;84 rue de Vannes;REDON;47.644;-2.092;R;SP98;6;2026-10-07 11:08:59;1.99
59223004;AVENUE ROBERT SCHUMANN - C I T;RONCQ;50.754;3.135;R;Gazole;1;2026-10-07 00:01:00;2.25
59223004;AVENUE ROBERT SCHUMANN - C I T;RONCQ;50.754;3.135;R;E10;5;2026-10-07 00:01:00;1.99
59223004;AVENUE ROBERT SCHUMANN - C I T;RONCQ;50.754;3.135;R;SP98;6;2026-10-07 00:01:00;1.99
36000009;PARKING CARREFOUR CENTRE VILLE;CHâTEAUROUX;46.805738479370994;1.6980774407263999;R;Gazole;1;2026-10-07 08:29:43;2.25
36000009;PARKING CARREFOUR CENTRE VILLE;CHâTEAUROUX;46.805738479370994;1.6980774407263999;R;E10;5;2026-10-07 08:29:43;1.99
36000009;PARKING CARREFOUR CENTRE VILLE;CHâTEAUROUX;46.805738479370994;1.6980774407263999;R;SP98;6;2026-10-07 08:29:43;1.99
78280004;VOIE E8 LES SAULES - Avenue du 8 Mai 1945;GUYANCOURT;48.785;2.06;R;Gazole;1;2026-10-07 00:01:00;2.25
78280004;VOIE E8 LES SAULES - Avenue du 8 Mai 1945;GUYANCOURT;48.785;2.06;R;E85;3;2026-10-07 00:01:00;0.892
78280004;VOIE E8 LES SAULES - Avenue du 8 Mai 1945;GUYANCOURT;48.785;2.06;R;E10;5;2026-10-07 00:01:00;1.99
63360002;FONTCHENILLE;GERZAT;45.818;3.154;R;Gazole;1;2026-10-07 06:02:11;2.25
63360002;FONTCHENILLE;GERZAT;45.818;3.154;R;E85;3;2026-10-07 06:02:11;0.892
63360002;FONTCHENILLE;GERZAT;45.818;3.154;R;E10;5;2026-10-07 06:02:12;1.99
85000012;208 RUE DU CLAIR BOCAGE;Mouilleron-le-Captif;46.712;-1.431;R;Gazole;1;2026-10-07 00:01:00;2.25
85000012;208 RUE DU CLAIR BOCAGE;Mouilleron-le-Captif;46.712;-1.431;R;E85;3;2026-10-07 00:01:00;0.893
85000012;208 RUE DU CLAIR BOCAGE;Mouilleron-le-Captif;46.712;-1.431;R;E10;5;2026-10-07 10:02:44;1.99
85000012;208 RUE DU CLAIR BOCAGE;Mouilleron-le-Captif;46.712;-1.431;R;SP98;6;2026-10-07 10:02:44;1.99
56100012;2, RUE BENOIT FRACHON;LORIENT;47.736;-3.37;R;Gazole;1;2026-10-07 00:01:00;2.25
56100012;2, RUE BENOIT FRACHON;LORIENT;47.736;-3.37;R;GPLc;4;2026-10-07 00:01:00;0.974
69380014;370 ROUTE DE LA TOUR DE SALVAGNY;LOZANNE;45.852253470368005;4.6830353476776;R;Gazole;1;2026-10-07 08:47:22;2.25
69380014;370 ROUTE DE LA TOUR DE SALVAGNY;LOZANNE;45.852253470368005;4.6830353476776;R;SP95;2;2026-10-07 08:47:22;1.99
24200006;Chemin des Sables;Sarlat-la-Canéda;44.873;1.23;R;Gazole;1;2026-10-07 10:54:00;2.349
24200006;Chemin des Sables;Sarlat-la-Canéda;44.873;1.23;R;E85;3;2026-10-07 10:54:00;0.869
24200006;Chemin des Sables;Sarlat-la-Canéda;44.873;1.23;R;GPLc;4;2026-10-07 10:54:00;1.096
24200006;Chemin des Sables;Sarlat-la-Canéda;44.873;1.23;R;E10;5;2026-10-07 10:54:00;2.148
24200006;Chemin des Sables;Sarlat-la-Canéda;44.873;1.23;R;SP98;6;2026-10-07 10:54:00;2.251
72300005;AUT A 11 - AIRE DE PARCE OUEST;Parcé-sur-Sarthe;47.807490284577;-0.16714885670557;A;Gazole;1;2026-10-07 09:30:00;2.607
72300005;AUT A 11 - AIRE DE PARCE OUEST;Parcé-sur-Sarthe;47.807490284577;-0.16714885670557;A;GPLc;4;2026-10-07 09:30:00;1.146
72300005;AUT A 11 - AIRE DE PARCE OUEST;Parcé-sur-Sarthe;47.807490284577;-0.16714885670557;A;E10;5;2026-10-07 09:30:00;2.57
72300005;AUT A 11 - AIRE DE PARCE OUEST;Parcé-sur-Sarthe;47.807490284577;-0.16714885670557;A;SP98;6;2026-10-07 09:30:00;2.72
34070002;CS 50003;PEROLS;43.571;3.942;R;Gazole;1;2026-10-07 09:00:00;2.302
34070002;CS 50003;PEROLS;43.571;3.942;R;GPLc;4;2026-10-07 09:00:00;1.0
34070002;CS 50003;PEROLS;43.571;3.942;R;E10;5;2026-10-07 09:00:00;2.152
34070002;CS 50003;PEROLS;43.571;3.942;R;SP98;6;2026-10-07 09:00:00;2.256
30100014;44 AV CARNOT;ALES;44.121;4.087;R;Gazole;1;2026-10-07 09:09:37;2.225
30100014;44 AV CARNOT;ALES;44.121;4.087;R;E10;5;2026-10-07 09:09:37;1.99
30100014;44 AV CARNOT;ALES;44.121;4.087;R;SP98;6;2026-10-07 09:09:37;1.99
91250010;7 AVENUE DU GENERAL LECLERC;Saint-Germain-lès-Corbeil;48.62613;2.49147;R;Gazole;1;2026-10-07 00:01:00;2.25
91250010;7 AVENUE DU GENERAL LECLERC;Saint-Germain-lès-Corbeil;48.62613;2.49147;R;E85;3;2026-10-07 00:01:00;0.885
91250010;7 AVENUE DU GENERAL LECLERC;Saint-Germain-lès-Corbeil;48.62613;2.49147;R;E10;5;2026-10-07 00:01:00;1.99
80590002;2 et 4 rue du Viaduc;GAUVILLE;49.781;1.76;R;Gazole;1;2026-10-07 08:22:44;2.312
80590002;2 et 4 rue du Viaduc;GAUVILLE;49.781;1.76;R;SP95;2;2026-10-07 08:22:44;2.218
80590002;2 et 4 rue du Viaduc;GAUVILLE;49.781;1.76;R;E10;5;2026-10-07 08:22:44;2.152
80590002;2 et 4 rue du Viaduc;GAUVILLE;49.781;1.76;R;SP98;6;2026-10-07 08:22:45;2.279
52300002;Avenue de Lorraine;JOINVILLE;48.445;5.15;R;Gazole;1;2026-10-07 08:46:38;2.349
17140001;Avenue du Fief Rose ;LAGORD;46.1739427831;-1.16766879889;R;Gazole;1;2026-10-07 08:32:16;2.288
10150002;ZAC de Creney;PONT-SAINTE-MARIE;48.328;4.113;R;Gazole;1;2026-10-07 09:42:17;2.299
10150002;ZAC de Creney;PONT-SAINTE-MARIE;48.328;4.113;R;SP95;2;2026-10-07 09:42:18;2.209
10150002;ZAC de Creney;PONT-SAINTE-MARIE;48.328;4.113;R;E10;5;2026-10-07 09:42:18;2.169
10150002;ZAC de Creney;PONT-SAINTE-MARIE;48.328;4.113;R;SP98;6;2026-10-07 09:42:18;2.269
22190001;Zac du Plateau;PLERIN;48.534;-2.76;R;Gazole;1;2026-10-07 09:59:00;2.319
22190001;Zac du Plateau;PLERIN;48.534;-2.76;R;E85;3;2026-10-07 09:59:00;0.869
22190001;Zac du Plateau;PLERIN;48.534;-2.76;R;E10;5;2026-10-07 09:59:00;2.129
22190001;Zac du Plateau;PLERIN;48.534;-2.76;R;SP98;6;2026-10-07 09:59:00;2.229
78390006;41 BIS RUE PAUL VAILLANT COUTURI;Bois-d'Arcy;48.802;2.024;R;Gazole;1;2026-10-07 00:01:00;2.25
78390006;41 BIS RUE PAUL VAILLANT COUTURI;Bois-d'Arcy;48.802;2.024;R;E10;5;2026-10-07 00:01:00;1.99
17440003;Rue Nicolas Gargot;AYTRé;46.1386;-1.13925;R;Gazole;1;2026-10-07 10:12:09;2.319
17440003;Rue Nicolas Gargot;AYTRé;46.1386;-1.13925;R;E10;5;2026-10-07 10:12:09;2.142
17440003;Rue Nicolas Gargot;AYTRé;46.1386;-1.13925;R;SP98;6;2026-10-07 10:12:09;2.245
51370002;La Croix MaurencienneZone Industrielle de St-Brice;SAINT-BRICE-COURCELLES;49.281;4.004;R;Gazole;1;2026-10-07 10:06:00;2.375
51370002;La Croix MaurencienneZone Industrielle de St-Brice;SAINT-BRICE-COURCELLES;49.281;4.004;R;E85;3;2026-10-07 10:06:00;0.869
51370002;La Croix MaurencienneZone Industrielle de St-Brice;SAINT-BRICE-COURCELLES;49.281;4.004;R;GPLc;4;2026-10-07 10:06:00;0.995
51370002;La Croix MaurencienneZone Industrielle de St-Brice;SAINT-BRICE-COURCELLES;49.281;4.004;R;E10;5;2026-10-07 10:06:00;2.169
51370002;La Croix MaurencienneZone Industrielle de St-Brice;SAINT-BRICE-COURCELLES;49.281;4.004;R;SP98;6;2026-10-07 10:06:00;2.239
26200004;Avenue des Catalins;MONTéLIMAR;44.567;4.759;R;Gazole;1;2026-10-07 10:52:00;2.348
26200004;Avenue des Catalins;MONTéLIMAR;44.567;4.759;R;SP95;2;2026-10-07 10:52:00;2.195
26200004;Avenue des Catalins;MONTéLIMAR;44.567;4.759;R;E85;3;2026-10-07 10:52:00;0.869
26200004;Avenue des Catalins;MONTéLIMAR;44.567;4.759;R;SP98;6;2026-10-07 10:52:00;2.242
10270007;AUTOROUTE A5 - AIRE TROYES-LE-PLESSIS;Fresnoy-le-Château;48.214155554748004;4.2409806284308;A;Gazole;1;2026-10-07 00:01:00;2.25
10270007;AUTOROUTE A5 - AIRE TROYES-LE-PLESSIS;Fresnoy-le-Château;48.214155554748004;4.2409806284308;A;E85;3;2026-10-07 00:01:00;0.999
10270007;AUTOROUTE A5 - AIRE TROYES-LE-PLESSIS;Fresnoy-le-Château;48.214155554748004;4.2409806284308;A;E10;5;2026-10-07 00:01:00;1.99
10270007;AUTOROUTE A5 - AIRE TROYES-LE-PLESSIS;Fresnoy-le-Château;48.214155554748004;4.2409806284308;A;SP98;6;2026-10-07 00:01:00;1.99
53102002;582, rue du Prieuré de Berne;Mayenne;48.298;-0.631;R;Gazole;1;2026-10-07 10:00:00;2.329
53102002;582, rue du Prieuré de Berne;Mayenne;48.298;-0.631;R;SP95;2;2026-10-07 10:00:00;2.179
53102002;582, rue du Prieuré de Berne;Mayenne;48.298;-0.631;R;E10;5;2026-10-07 10:00:00;2.139
55190003;ROUTE DÉPARTEMENTALE 36D;PAGNY SUR MEUSE;48.686;5.726;R;Gazole;1;2026-10-07 09:29:11;2.25
55190003;ROUTE DÉPARTEMENTALE 36D;PAGNY SUR MEUSE;48.686;5.726;R;GPLc;4;2026-10-07 09:29:11;0.999
55190003;ROUTE DÉPARTEMENTALE 36D;PAGNY SUR MEUSE;48.686;5.726;R;E10;5;2026-10-07 09:29:12;1.99
55190003;ROUTE DÉPARTEMENTALE 36D;PAGNY SUR MEUSE;48.686;5.726;R;SP98;6;2026-10-07 09:29:12;1.99
73200008;ZI du Chiriac;Albertville;45.655;6.364;R;Gazole;1;2026-10-07 07:30:54;2.335
73200008;ZI du Chiriac;Albertville;45.655;6.364;R;E10;5;2026-10-07 07:30:54;2.149
57260001;105 Impasse Jean Laurain;Dieuze;48.811;6.714;R;Gazole;1;2026-10-07 10:28:05;2.299
57260001;105 Impasse Jean Laurain;Dieuze;48.811;6.714;R;SP95;2;2026-10-07 10:28:06;2.216
57260001;105 Impasse Jean Laurain;Dieuze;48.811;6.714;R;E10;5;2026-10-07 10:28:06;2.151
57260001;105 Impasse Jean Laurain;Dieuze;48.811;6.714;R;SP98;6;2026-10-07 10:28:06;2.276
49400004;ZI EcoparcSaint Lambert des Levées;SAUMUR;47.277;-0.075;R;Gazole;1;2026-10-07 11:05:01;2.299
49400004;ZI EcoparcSaint Lambert des Levées;SAUMUR;47.277;-0.075;R;E85;3;2026-10-07 11:05:01;0.869
49400004;ZI EcoparcSaint Lambert des Levées;SAUMUR;47.277;-0.075;R;E10;5;2026-10-07 11:05:01;2.119
49400004;ZI EcoparcSaint Lambert des Levées;SAUMUR;47.277;-0.075;R;SP98;6;2026-10-07 11:05:01;2.239
38320006;ROCADE SUD;EYBENS;45.151835;5.739984000000001;R;Gazole;1;2026-10-07 10:03:44;2.25
38320006;ROCADE SUD;EYBENS;45.151835;5.739984000000001;R;E85;3;2026-10-07 10:03:44;0.923
38320006;ROCADE SUD;EYBENS;45.151835;5.739984000000001;R;GPLc;4;2026-10-07 10:03:44;1.019
38320006;ROCADE SUD;EYBENS;45.151835;5.739984000000001;R;E10;5;2026-10-07 10:03:45;1.99
38320006;ROCADE SUD;EYBENS;45.151835;5.739984000000001;R;SP98;6;2026-10-07 10:03:45;1.99
94430003;85 Route de Provins Cc Pincevent;Ormesson-sur-Marne;48.793;2.554;R;Gazole;1;2026-10-07 08:26:00;2.326
94430003;85 Route de Provins Cc Pincevent;Ormesson-sur-Marne;48.793;2.554;R;SP95;2;2026-10-07 08:26:00;2.205
94430003;85 Route de Provins Cc Pincevent;Ormesson-sur-Marne;48.793;2.554;R;E85;3;2026-10-07 08:26:00;0.931
94430003;85 Route de Provins Cc Pincevent;Ormesson-sur-Marne;48.793;2.554;R;E10;5;2026-10-07 08:26:00;2.156
94430003;85 Route de Provins Cc Pincevent;Ormesson-sur-Marne;48.793;2.554;R;SP98;6;2026-10-07 08:26:00;2.256
95240003;27, 29, 31, Boulevard Clemenceau;CORMEILLES-EN-PARISIS;48.971;2.192;R;Gazole;1;2026-10-07 07:22:52;2.25
95240003;27, 29, 31, Boulevard Clemenceau;CORMEILLES-EN-PARISIS;48.971;2.192;R;SP98;6;2026-10-07 07:22:52;1.99
91260002;Avenue Camille Desmoulins;JUVISY-SUR-ORGE;48.695;2.356;R;Gazole;1;2026-10-07 04:06:34;2.339
91260002;Avenue Camille Desmoulins;JUVISY-SUR-ORGE;48.695;2.356;R;E10;5;2026-10-07 04:06:34;2.199
57150006;Z. A.;Creutzwald;49.188;6.698;R;Gazole;1;2026-10-07 09:41:00;2.419
57150006;Z. A.;Creutzwald;49.188;6.698;R;E85;3;2026-10-07 09:41:00;0.855
57150006;Z. A.;Creutzwald;49.188;6.698;R;GPLc;4;2026-10-07 09:41:00;1.0
57150006;Z. A.;Creutzwald;49.188;6.698;R;E10;5;2026-10-07 09:41:00;2.159
57150006;Z. A.;Creutzwald;49.188;6.698;R;SP98;6;2026-10-07 09:41:00;2.268
1600002;324 Route de Lyon;TREVOUX;45.934724745;4.79062770497;R;Gazole;1;2026-10-07 08:16:10;2.329
1600002;324 Route de Lyon;TREVOUX;45.934724745;4.79062770497;R;E10;5;2026-10-07 08:16:10;2.164
1600002;324 Route de Lyon;TREVOUX;45.934724745;4.79062770497;R;SP98;6;2026-10-07 08:16:10;2.261
33700023;Rocade Périphérique exterieur aire du truc;MERIGNAC;44.850963730349;-0.6676995681272;A;Gazole;1;2026-10-07 00:01:00;2.25
33700023;Rocade Périphérique exterieur aire du truc;MERIGNAC;44.850963730349;-0.6676995681272;A;GPLc;4;2026-10-07 00:01:00;0.949
33700023;Rocade Périphérique exterieur aire du truc;MERIGNAC;44.850963730349;-0.6676995681272;A;E10;5;2026-10-07 00:01:00;1.99
33700023;Rocade Périphérique exterieur aire du truc;MERIGNAC;44.850963730349;-0.6676995681272;A;SP98;6;2026-10-07 00:01:00;1.99
60220006;2 RUE ALAVOINE;Formerie;49.652;1.728;R;E85;3;2026-10-07 08:00:49;1.06
76750001;Route de la Gare;BUCHY;49.598;1.342;R;Gazole;1;2026-10-07 08:00:53;2.381
76750001;Route de la Gare;BUCHY;49.598;1.342;R;E10;5;2026-10-07 08:00:53;2.209
76750001;Route de la Gare;BUCHY;49.598;1.342;R;SP98;6;2026-10-07 08:00:54;2.293
74360002;94 Chemin des Vorges;La Chapelle-d'Abondance;46.28;6.819;R;Gazole;1;2026-10-07 10:51:49;2.399
74360002;94 Chemin des Vorges;La Chapelle-d'Abondance;46.28;6.819;R;SP95;2;2026-10-07 10:51:49;2.275
74360002;94 Chemin des Vorges;La Chapelle-d'Abondance;46.28;6.819;R;E10;5;2026-10-07 10:51:49;2.209
35760002;Zone Industrielle de L'Etang;SAINT-GREGOIRE;48.14;-1.686;R;Gazole;1;2026-10-07 10:01:00;2.35
35760002;Zone Industrielle de L'Etang;SAINT-GREGOIRE;48.14;-1.686;R;E85;3;2026-10-07 10:01:00;0.793
35760002;Zone Industrielle de L'Etang;SAINT-GREGOIRE;48.14;-1.686;R;GPLc;4;2026-10-07 10:01:00;0.954
35760002;Zone Industrielle de L'Etang;SAINT-GREGOIRE;48.14;-1.686;R;E10;5;2026-10-07 10:01:00;2.146
35760002;Zone Industrielle de L'Etang;SAINT-GREGOIRE;48.14;-1.686;R;SP98;6;2026-10-07 10:01:00;2.24
81100010;ROUTE DE MAZAMET - ZONE DU SIALA;CASTRES;43.59;2.27;R;Gazole;1;2026-10-07 10:54:00;2.32
81100010;ROUTE DE MAZAMET - ZONE DU SIALA;CASTRES;43.59;2.27;R;E85;3;2026-10-07 10:54:00;0.879
81100010;ROUTE DE MAZAMET - ZONE DU SIALA;CASTRES;43.59;2.27;R;GPLc;4;2026-10-07 10:54:00;1.106
81100010;ROUTE DE MAZAMET - ZONE DU SIALA;CASTRES;43.59;2.27;R;E10;5;2026-10-07 10:54:00;2.169
81100010;ROUTE DE MAZAMET - ZONE DU SIALA;CASTRES;43.59;2.27;R;SP98;6;2026-10-07 10:54:00;2.255
72230002;Avenue de Bönen;MULSANNE;47.914;0.244;R;Gazole;1;2026-10-07 08:29:14;2.349
72230002;Avenue de Bönen;MULSANNE;47.914;0.244;R;E10;5;2026-10-07 08:29:14;2.169
72230002;Avenue de Bönen;MULSANNE;47.914;0.244;R;SP98;6;2026-10-07 08:29:15;2.266
41200001;ZAC DE PLAISANCE;ROMORANTIN-LANTHENAY;47.36;1.761;R;Gazole;1;2026-10-07 09:49:40;2.313
41200001;ZAC DE PLAISANCE;ROMORANTIN-LANTHENAY;47.36;1.761;R;SP98;6;2026-10-07 09:32:05;2.27
59380005;FAUBOURG DE CASSEL RD 916;QUAEDYPRE;50.96273;2.4329;R;Gazole;1;2026-10-07 00:01:00;2.25
59380005;FAUBOURG DE CASSEL RD 916;QUAEDYPRE;50.96273;2.4329;R;E85;3;2026-10-07 00:01:00;0.872
59380005;FAUBOURG DE CASSEL RD 916;QUAEDYPRE;50.96273;2.4329;R;E10;5;2026-10-07 00:01:00;1.99
59135001;cd 13Lieu dit LEBERGER;BELLAING;50.365;3.435;R;Gazole;1;2026-10-07 10:07:00;2.352
59135001;cd 13Lieu dit LEBERGER;BELLAING;50.365;3.435;R;E85;3;2026-10-07 10:07:00;0.847
59135001;cd 13Lieu dit LEBERGER;BELLAING;50.365;3.435;R;E10;5;2026-10-07 10:07:00;2.119
59135001;cd 13Lieu dit LEBERGER;BELLAING;50.365;3.435;R;SP98;6;2026-10-07 10:07:00;2.227
63100007;2 Rue Georges Besse;CLERMONT-FERRAND;45.78;3.136;R;Gazole;1;2026-10-07 10:00:09;2.308
63100007;2 Rue Georges Besse;CLERMONT-FERRAND;45.78;3.136;R;SP95;2;2026-10-07 09:55:34;2.23
63100007;2 Rue Georges Besse;CLERMONT-FERRAND;45.78;3.136;R;E10;5;2026-10-07 09:55:35;2.138
63100007;2 Rue Georges Besse;CLERMONT-FERRAND;45.78;3.136;R;SP98;6;2026-10-07 09:55:35;2.25
12400003;Route de Saint-Affrique;Vabres-l'Abbaye;43.954;2.85;R;Gazole;1;2026-10-07 11:03:58;2.324
12400003;Route de Saint-Affrique;Vabres-l'Abbaye;43.954;2.85;R;SP95;2;2026-10-07 11:03:59;2.219
12400003;Route de Saint-Affrique;Vabres-l'Abbaye;43.954;2.85;R;E85;3;2026-10-07 11:03:59;0.869
12400003;Route de Saint-Affrique;Vabres-l'Abbaye;43.954;2.85;R;E10;5;2026-10-07 11:03:59;2.185
93380010;185 BD JEAN MERMOZ;Pierrefitte-sur-Seine;48.973;2.366;R;Gazole;1;2026-10-07 00:01:00;2.25
93380010;185 BD JEAN MERMOZ;Pierrefitte-sur-Seine;48.973;2.366;R;GPLc;4;2026-10-07 00:01:00;0.999
93380010;185 BD JEAN MERMOZ;Pierrefitte-sur-Seine;48.973;2.366;R;E10;5;2026-10-07 00:01:00;1.99
72016001;Route de Bonnetable;LE MANS;48.022;0.228;R;Gazole;1;2026-10-07 10:00:00;2.336
72016001;Route de Bonnetable;LE MANS;48.022;0.228;R;E10;5;2026-10-07 10:00:00;2.149
72016001;Route de Bonnetable;LE MANS;48.022;0.228;R;SP98;6;2026-10-07 10:00:00;2.259
71500004;92 Rue des Bordes;LOUHANS;46.622;5.227;R;Gazole;1;2026-10-07 08:30:00;2.319
71500004;92 Rue des Bordes;LOUHANS;46.622;5.227;R;E10;5;2026-10-07 08:30:00;2.189
23000001;46 Avenue d'Auvergne;Guéret;46.168;1.888;R;SP95;2;2026-10-07 11:04:48;2.235
23000001;46 Avenue d'Auvergne;Guéret;46.168;1.888;R;SP98;6;2026-10-07 11:04:48;2.249
60400005;70 avenue Jean Jaurès;NOYON;49.575;2.99;R;Gazole;1;2026-10-07 00:01:00;2.25
60400005;70 avenue Jean Jaurès;NOYON;49.575;2.99;R;E85;3;2026-10-07 00:01:00;0.899
60400005;70 avenue Jean Jaurès;NOYON;49.575;2.99;R;E10;5;2026-10-07 00:01:00;1.99
60400005;70 avenue Jean Jaurès;NOYON;49.575;2.99;R;SP98;6;2026-10-07 00:01:00;1.99
45420002;ZI LA CHAMPAGNE;BONNY-SUR-LOIRE;47.57234;2.829798;R;Gazole;1;2026-10-07 08:08:26;2.299
64100009;Rond-Point Grand-Basque;BAYONNE;43.491699413999996;-1.45279168155;R;SP98;6;2026-10-07 08:42:04;2.299
83500008;Rond-Point du 8 Mai 1945;LA SEYNE-SUR-MER;43.108;5.877;R;Gazole;1;2026-10-07 10:35:54;2.336
83500008;Rond-Point du 8 Mai 1945;LA SEYNE-SUR-MER;43.108;5.877;R;E10;5;2026-10-07 10:35:54;2.234
83500008;Rond-Point du 8 Mai 1945;LA SEYNE-SUR-MER;43.108;5.877;R;SP98;6;2026-10-07 10:35:54;2.339
3500003;Quartier Tivoli;SAINT-POURCAIN-SUR-SIOULE;46.307;3.294;R;Gazole;1;2026-10-07 06:59:55;2.25
3500003;Quartier Tivoli;SAINT-POURCAIN-SUR-SIOULE;46.307;3.294;R;E10;5;2026-10-07 06:59:55;1.99
3500003;Quartier Tivoli;SAINT-POURCAIN-SUR-SIOULE;46.307;3.294;R;SP98;6;2026-10-07 06:59:55;1.99
78120013;1 RUE AUGUSTE MOUTIE;RAMBOUILLET;48.644;1.84;R;Gazole;1;2026-10-07 00:01:00;2.25
78120013;1 RUE AUGUSTE MOUTIE;RAMBOUILLET;48.644;1.84;R;E10;5;2026-10-07 00:01:00;1.99
76530004;RN 138 - LA MAISON BRULEE;MOULINEAUX;49.343;0.939;R;Gazole;1;2026-10-07 00:01:00;2.25
59000016;112 RUE DE LA BASSEE;LILLE;50.626;3.035;R;Gazole;1;2026-10-07 00:01:00;2.25
59000016;112 RUE DE LA BASSEE;LILLE;50.626;3.035;R;E10;5;2026-10-07 00:01:00;1.99
67205001;256 route de Mittelhausbergen;Oberhausbergen;48.604;7.706;R;Gazole;1;2026-10-07 09:59:32;2.459
67205001;256 route de Mittelhausbergen;Oberhausbergen;48.604;7.706;R;E85;3;2026-10-07 09:59:32;0.869
67205001;256 route de Mittelhausbergen;Oberhausbergen;48.604;7.706;R;E10;5;2026-10-07 09:59:32;2.299
67205001;256 route de Mittelhausbergen;Oberhausbergen;48.604;7.706;R;SP98;6;2026-10-07 09:59:32;2.459
67700001;3 Rue Sainte-Marie;SAVERNE;48.736;7.364;R;Gazole;1;2026-10-07 10:55:18;2.376
67700001;3 Rue Sainte-Marie;SAVERNE;48.736;7.364;R;E10;5;2026-10-07 10:55:18;2.199
67700001;3 Rue Sainte-Marie;SAVERNE;48.736;7.364;R;SP98;6;2026-10-07 10:55:18;2.299
78120012;RN 10 LIEU DIT L'ABBE;SONCHAMP;48.568;1.833;R;Gazole;1;2026-10-07 00:01:00;2.25
78120012;RN 10 LIEU DIT L'ABBE;SONCHAMP;48.568;1.833;R;E85;3;2026-10-07 00:01:00;0.894
78120012;RN 10 LIEU DIT L'ABBE;SONCHAMP;48.568;1.833;R;E10;5;2026-10-07 00:01:00;1.99
78120012;RN 10 LIEU DIT L'ABBE;SONCHAMP;48.568;1.833;R;SP98;6;2026-10-07 11:02:36;1.99
24750002;Route de Limoges;TRéLISSAC;45.2;0.785;R;Gazole;1;2026-10-07 10:51:00;2.319
24750002;Route de Limoges;TRéLISSAC;45.2;0.785;R;SP95;2;2026-10-07 10:51:00;2.195
24750002;Route de Limoges;TRéLISSAC;45.2;0.785;R;E85;3;2026-10-07 10:51:00;0.866
24750002;Route de Limoges;TRéLISSAC;45.2;0.785;R;E10;5;2026-10-07 10:51:00;2.115
24750002;Route de Limoges;TRéLISSAC;45.2;0.785;R;SP98;6;2026-10-07 10:51:00;2.222
34410002;Route de Valras;Sérignan;43.27112;3.2829;R;E85;3;2026-10-07 08:08:33;0.869
1170003;Route de Divonne les Bains;Gex;46.33755;6.07534;R;Gazole;1;2026-10-07 07:47:00;2.273
1170003;Route de Divonne les Bains;Gex;46.33755;6.07534;R;E10;5;2026-10-07 07:47:00;2.126
1170003;Route de Divonne les Bains;Gex;46.33755;6.07534;R;SP98;6;2026-10-07 07:47:00;2.254
89000008;14 Avenue Jean Jaurès;Auxerre;47.797;3.579;R;Gazole;1;2026-10-07 10:09:00;2.373
89000008;14 Avenue Jean Jaurès;Auxerre;47.797;3.579;R;E85;3;2026-10-07 10:09:00;0.882
89000008;14 Avenue Jean Jaurès;Auxerre;47.797;3.579;R;E10;5;2026-10-07 10:09:00;2.173
89000008;14 Avenue Jean Jaurès;Auxerre;47.797;3.579;R;SP98;6;2026-10-07 10:09:00;2.272
14000020;83 BOULEVARD YVES GUILLOU;CAEN;49.173;-0.39;R;Gazole;1;2026-10-07 07:40:50;2.25
14000020;83 BOULEVARD YVES GUILLOU;CAEN;49.173;-0.39;R;E85;3;2026-10-07 07:40:50;0.883
14000020;83 BOULEVARD YVES GUILLOU;CAEN;49.173;-0.39;R;E10;5;2026-10-07 07:40:50;1.99
35650002;avenue des acquêts;Le Rheu;48.092;-1.793;R;Gazole;1;2026-10-07 10:22:53;2.319
35650002;avenue des acquêts;Le Rheu;48.092;-1.793;R;E10;5;2026-10-07 10:22:53;2.119
83270001;QUARTIER LA BANETTE RN.559;Saint-Cyr-sur-Mer;43.181;5.69751;R;Gazole;1;2026-10-07 06:43:20;2.25
93400010;56-74 AVENUE MICHELET;Saint-Ouen;48.908;2.344;R;Gazole;1;2026-10-07 00:01:00;2.25
93400010;56-74 AVENUE MICHELET;Saint-Ouen;48.908;2.344;R;E10;5;2026-10-07 00:01:00;1.99
93400010;56-74 AVENUE MICHELET;Saint-Ouen;48.908;2.344;R;SP98;6;2026-10-07 00:01:00;1.99
62881001;Route de La Bassée;Vendin-le-Vieil;50.462;2.827;R;Gazole;1;2026-10-07 10:10:13;2.288
62881001;Route de La Bassée;Vendin-le-Vieil;50.462;2.827;R;E10;5;2026-10-07 10:10:13;2.105
72000021;ROUTE DE LAVAL;LE MANS;48.017;0.142;R;Gazole;1;2026-10-07 00:01:00;2.25
71600001;40, quai du commerce;PARAY-LE-MONIAL;46.446;4.12;R;Gazole;1;2026-10-07 07:14:11;2.25
71600001;40, quai du commerce;PARAY-LE-MONIAL;46.446;4.12;R;E10;5;2026-10-07 07:14:11;1.99
71600001;40, quai du commerce;PARAY-LE-MONIAL;46.446;4.12;R;SP98;6;2026-10-07 07:14:11;1.99
44240012;Rue d'Utrecht;La chapelle sur Erdre;47.285;-1.55;R;Gazole;1;2026-10-07 09:05:00;2.299
44240012;Rue d'Utrecht;La chapelle sur Erdre;47.285;-1.55;R;E85;3;2026-10-07 09:05:00;0.839
44240012;Rue d'Utrecht;La chapelle sur Erdre;47.285;-1.55;R;GPLc;4;2026-10-07 09:05:00;1.069
44240012;Rue d'Utrecht;La chapelle sur Erdre;47.285;-1.55;R;E10;5;2026-10-07 09:05:00;2.129
44240012;Rue d'Utrecht;La chapelle sur Erdre;47.285;-1.55;R;SP98;6;2026-10-07 09:05:00;2.229
5100008;AV. DU DAUPHINE;BRIANCON;44.903718328593996;6.6290858578086;R;GPLc;4;2026-10-07 00:01:00;1.059
13200016;99 AVENUE DE STALINGRAD;ARLES;43.691;4.638;R;Gazole;1;2026-10-07 00:01:00;2.239
13200016;99 AVENUE DE STALINGRAD;ARLES;43.691;4.638;R;E10;5;2026-10-07 00:01:00;1.99
13200016;99 AVENUE DE STALINGRAD;ARLES;43.691;4.638;R;SP98;6;2026-10-07 00:01:00;1.99
63200001;AVENUE DE CLERMONT;MENETROL;45.878;3.117;R;Gazole;1;2026-10-07 09:43:14;2.349
63200001;AVENUE DE CLERMONT;MENETROL;45.878;3.117;R;SP95;2;2026-10-07 09:43:14;2.254
63200001;AVENUE DE CLERMONT;MENETROL;45.878;3.117;R;E85;3;2026-10-07 09:43:14;0.901
63200001;AVENUE DE CLERMONT;MENETROL;45.878;3.117;R;E10;5;2026-10-07 09:43:14;2.214
63200001;AVENUE DE CLERMONT;MENETROL;45.878;3.117;R;SP98;6;2026-10-07 09:43:14;2.304
69800015;32 ROUTE DE LYON;Saint-Priest;45.701266767444;4.9188923985421;R;Gazole;1;2026-10-07 00:01:00;2.25
69800015;32 ROUTE DE LYON;Saint-Priest;45.701266767444;4.9188923985421;R;E10;5;2026-10-07 00:01:00;1.99
69800015;32 ROUTE DE LYON;Saint-Priest;45.701266767444;4.9188923985421;R;SP98;6;2026-10-07 00:01:00;1.99
57160001;44 AVENUE JEAN CLAUDE THEOBALD;MOULINS-LèS-METZ;49.083;6.11;R;Gazole;1;2026-10-07 10:41:17;2.386
57160001;44 AVENUE JEAN CLAUDE THEOBALD;MOULINS-LèS-METZ;49.083;6.11;R;E85;3;2026-10-07 10:41:17;0.891
57160001;44 AVENUE JEAN CLAUDE THEOBALD;MOULINS-LèS-METZ;49.083;6.11;R;GPLc;4;2026-10-07 10:41:17;0.985
57160001;44 AVENUE JEAN CLAUDE THEOBALD;MOULINS-LèS-METZ;49.083;6.11;R;E10;5;2026-10-07 10:41:17;2.192
57160001;44 AVENUE JEAN CLAUDE THEOBALD;MOULINS-LèS-METZ;49.083;6.11;R;SP98;6;2026-10-07 10:41:17;2.255
11110005;AUTOROUTE A9 - AIRE DE NARBONNE VINASSAN SUD;Salles-d'Aude;43.2148856472;3.0923671173400002;A;Gazole;1;2026-10-07 09:00:00;2.25
11110005;AUTOROUTE A9 - AIRE DE NARBONNE VINASSAN SUD;Salles-d'Aude;43.2148856472;3.0923671173400002;A;GPLc;4;2026-10-07 09:00:00;1.114
11110005;AUTOROUTE A9 - AIRE DE NARBONNE VINASSAN SUD;Salles-d'Aude;43.2148856472;3.0923671173400002;A;E10;5;2026-10-07 09:00:00;1.99
11110005;AUTOROUTE A9 - AIRE DE NARBONNE VINASSAN SUD;Salles-d'Aude;43.2148856472;3.0923671173400002;A;SP98;6;2026-10-07 09:00:00;1.99
29680003;Lieu dit Kerguennec;ROSCOFF;48.714;-3.985;R;Gazole;1;2026-10-07 09:59:00;2.379
29680003;Lieu dit Kerguennec;ROSCOFF;48.714;-3.985;R;E10;5;2026-10-07 09:59:00;2.17
29680003;Lieu dit Kerguennec;ROSCOFF;48.714;-3.985;R;SP98;6;2026-10-07 09:59:00;2.257
33310006;3 AV DE LA RESISTANCE;LORMONT;44.879;-0.518;R;Gazole;1;2026-10-07 00:00:00;2.399
33310006;3 AV DE LA RESISTANCE;LORMONT;44.879;-0.518;R;GPLc;4;2026-10-07 00:00:00;1.089
33310006;3 AV DE LA RESISTANCE;LORMONT;44.879;-0.518;R;E10;5;2026-10-07 00:00:00;2.299
33310006;3 AV DE LA RESISTANCE;LORMONT;44.879;-0.518;R;SP98;6;2026-10-07 00:00:00;2.389
56120001;11 rue du Porhoët;JOSSELIN;47.962;-2.546;R;Gazole;1;2026-10-07 10:00:00;2.359
56120001;11 rue du Porhoët;JOSSELIN;47.962;-2.546;R;SP95;2;2026-10-07 10:00:00;2.219
56120001;11 rue du Porhoët;JOSSELIN;47.962;-2.546;R;E10;5;2026-10-07 10:00:00;2.189
80480003;Route de Taisnil;SALEUX;49.86238;2.23121;R;Gazole;1;2026-10-07 09:56:00;2.275
80480003;Route de Taisnil;SALEUX;49.86238;2.23121;R;E10;5;2026-10-07 09:56:00;2.126
80480003;Route de Taisnil;SALEUX;49.86238;2.23121;R;SP98;6;2026-10-07 09:56:00;2.207
62110003;115 RUE PASTEUR;Hénin-Beaumont;50.41839;2.94714;R;Gazole;1;2026-10-07 06:56:34;2.25
62110003;115 RUE PASTEUR;Hénin-Beaumont;50.41839;2.94714;R;E10;5;2026-10-07 06:56:35;1.99
62110003;115 RUE PASTEUR;Hénin-Beaumont;50.41839;2.94714;R;SP98;6;2026-10-07 06:56:35;1.99
22120001;C. C. DE LA BAIE;Yffiniac;48.481;-2.67378;R;Gazole;1;2026-10-07 08:30:00;2.314
59320006;RN 41;Hallennes-lez-Haubourdin;50.6;2.938;R;Gazole;1;2026-10-07 00:01:00;2.25
59320006;RN 41;Hallennes-lez-Haubourdin;50.6;2.938;R;E85;3;2026-10-07 00:01:00;0.866
59320006;RN 41;Hallennes-lez-Haubourdin;50.6;2.938;R;GPLc;4;2026-10-07 00:01:00;0.999
77000011;RN 5 BIS RTE DE NANGIS (ANGLE);MELUN;48.541;2.678;R;Gazole;1;2026-10-07 00:01:00;2.25
77000011;RN 5 BIS RTE DE NANGIS (ANGLE);MELUN;48.541;2.678;R;GPLc;4;2026-10-07 00:01:00;1.044
44170001;15, Boulevard du Petit Versailles;NOZAY;47.57;-1.629;R;Gazole;1;2026-10-07 10:10:00;2.299
29000013;57 ROUTE DE BREST;QUIMPER;48.00023;-4.08988;R;Gazole;1;2026-10-07 00:01:00;2.25
29000013;57 ROUTE DE BREST;QUIMPER;48.00023;-4.08988;R;GPLc;4;2026-10-07 00:01:00;0.984
29000013;57 ROUTE DE BREST;QUIMPER;48.00023;-4.08988;R;E10;5;2026-10-07 00:01:00;1.99
29000013;57 ROUTE DE BREST;QUIMPER;48.00023;-4.08988;R;SP98;6;2026-10-07 00:01:00;1.99
59162001;Route de Thumeries;Ostricourt;50.46512;3.02745;R;Gazole;1;2026-10-07 08:18:41;2.339
59162001;Route de Thumeries;Ostricourt;50.46512;3.02745;R;SP95;2;2026-10-07 08:18:41;2.245
59162001;Route de Thumeries;Ostricourt;50.46512;3.02745;R;SP98;6;2026-10-07 08:18:41;2.309
44650001;Avenue des Visitandines;LEGE;46.8886;-1.59155;R;Gazole;1;2026-10-07 05:00:32;2.289
44650001;Avenue des Visitandines;LEGE;46.8886;-1.59155;R;SP98;6;2026-10-07 05:00:33;2.229
44370008;AUTOROUTE A11 - AIRE VARADES LA BÉDOIRE;VARADES;47.418;-1.018;A;Gazole;1;2026-10-07 00:01:00;2.25
44370008;AUTOROUTE A11 - AIRE VARADES LA BÉDOIRE;VARADES;47.418;-1.018;A;E10;5;2026-10-07 00:01:00;1.99
44370008;AUTOROUTE A11 - AIRE VARADES LA BÉDOIRE;VARADES;47.418;-1.018;A;SP98;6;2026-10-07 00:01:00;1.99
35000012;Rue Jules Vallès;Rennes;48.104;-1.713;R;Gazole;1;2026-10-07 09:59:00;2.32
35000012;Rue Jules Vallès;Rennes;48.104;-1.713;R;GPLc;4;2026-10-07 09:59:00;0.905
35000012;Rue Jules Vallès;Rennes;48.104;-1.713;R;E10;5;2026-10-07 09:59:00;2.134
35000012;Rue Jules Vallès;Rennes;48.104;-1.713;R;SP98;6;2026-10-07 09:59:00;2.22
56430001;RUE MADAME DE SEVIGNE;Mauron;48.07732;-2.29026;R;Gazole;1;2026-10-07 10:16:27;2.338
56430001;RUE MADAME DE SEVIGNE;Mauron;48.07732;-2.29026;R;SP95;2;2026-10-07 10:16:27;2.188
56430001;RUE MADAME DE SEVIGNE;Mauron;48.07732;-2.29026;R;SP98;6;2026-10-07 10:16:28;2.268
42240001;10 RUE DE PRESIDENT KENNEDY;UNIEUX;45.4;4.259;R;Gazole;1;2026-10-07 07:36:20;2.439
42240001;10 RUE DE PRESIDENT KENNEDY;UNIEUX;45.4;4.259;R;E10;5;2026-10-07 07:36:20;2.179
42240001;10 RUE DE PRESIDENT KENNEDY;UNIEUX;45.4;4.259;R;SP98;6;2026-10-07 07:36:20;2.299
38200018;16 BOULEVARD DES ALPES;VIENNE;45.527;4.903;R;Gazole;1;2026-10-07 00:01:00;2.25
38200018;16 BOULEVARD DES ALPES;VIENNE;45.527;4.903;R;E10;5;2026-10-07 00:01:00;1.99
78630009;AUTOROUTE A13 - AIRE DE MORAINVILLIERS NORD;MORAINVILLIERS;48.940636390951;1.9546125318413001;A;Gazole;1;2026-10-07 00:01:00;2.25
78630009;AUTOROUTE A13 - AIRE DE MORAINVILLIERS NORD;MORAINVILLIERS;48.940636390951;1.9546125318413001;A;E85;3;2026-10-07 00:01:00;0.999
78630009;AUTOROUTE A13 - AIRE DE MORAINVILLIERS NORD;MORAINVILLIERS;48.940636390951;1.9546125318413001;A;GPLc;4;2026-10-07 00:01:00;1.104
78630009;AUTOROUTE A13 - AIRE DE MORAINVILLIERS NORD;MORAINVILLIERS;48.940636390951;1.9546125318413001;A;E10;5;2026-10-07 00:01:00;1.99
42120002;52 Boulevard Charles de Gaulle;LE COTEAU;46.011;4.097;R;Gazole;1;2026-10-07 07:43:10;2.439
42120002;52 Boulevard Charles de Gaulle;LE COTEAU;46.011;4.097;R;SP95;2;2026-10-07 07:43:10;2.309
42120002;52 Boulevard Charles de Gaulle;LE COTEAU;46.011;4.097;R;E85;3;2026-10-07 07:43:10;0.919
42120002;52 Boulevard Charles de Gaulle;LE COTEAU;46.011;4.097;R;GPLc;4;2026-10-07 07:43:10;1.067
72230006;22 Avenue Nationale;ARNAGE;47.934;0.187;R;Gazole;1;2026-10-07 09:00:23;2.425
42160004;ZAC de Migalon;Andrézieux-Bouthéon;45.536;4.287;R;Gazole;1;2026-10-07 10:51:00;2.328
42160004;ZAC de Migalon;Andrézieux-Bouthéon;45.536;4.287;R;SP95;2;2026-10-07 10:51:00;2.248
42160004;ZAC de Migalon;Andrézieux-Bouthéon;45.536;4.287;R;E85;3;2026-10-07 10:51:00;0.879
42160004;ZAC de Migalon;Andrézieux-Bouthéon;45.536;4.287;R;GPLc;4;2026-10-07 10:51:00;0.993
42160004;ZAC de Migalon;Andrézieux-Bouthéon;45.536;4.287;R;E10;5;2026-10-07 10:51:00;2.167
87280003;Rue Henry Giffard;LIMOGES;45.870008956300005;1.2684087631599998;R;Gazole;1;2026-10-07 11:05:34;2.29
27200001;Boulevard Édouard Isambard;VERNON;49.094;1.472;R;Gazole;1;2026-10-07 09:31:04;2.303
27200001;Boulevard Édouard Isambard;VERNON;49.094;1.472;R;E85;3;2026-10-07 09:31:05;0.859
27200001;Boulevard Édouard Isambard;VERNON;49.094;1.472;R;E10;5;2026-10-07 09:31:05;2.135
27200001;Boulevard Édouard Isambard;VERNON;49.094;1.472;R;SP98;6;2026-10-07 09:31:05;2.274
14110003;RUE ST JACQUES;condé en normandie;48.855034234699005;-0.54190441915746;R;Gazole;1;2026-10-07 08:23:22;2.25
14110003;RUE ST JACQUES;condé en normandie;48.855034234699005;-0.54190441915746;R;E10;5;2026-10-07 08:23:22;1.99
14110003;RUE ST JACQUES;condé en normandie;48.855034234699005;-0.54190441915746;R;SP98;6;2026-10-07 08:23:22;1.99
79500002;Avenue Clément Pineau;SAINT-LéGER-DE-LA-MARTINIèRE;46.227;-0.127;R;Gazole;1;2026-10-07 09:36:37;2.299
79500002;Avenue Clément Pineau;SAINT-LéGER-DE-LA-MARTINIèRE;46.227;-0.127;R;E10;5;2026-10-07 09:36:38;2.129
79500002;Avenue Clément Pineau;SAINT-LéGER-DE-LA-MARTINIèRE;46.227;-0.127;R;SP98;6;2026-10-07 09:36:38;2.239
57500002;Rue du Général Mangin;Saint-Avold;49.108;6.719;R;E10;5;2026-10-07 10:34:58;2.159
57500002;Rue du Général Mangin;Saint-Avold;49.108;6.719;R;SP98;6;2026-10-07 10:34:59;2.268
78000020;71 RUE DES CHANTIERS;VERSAILLES;48.793;2.143;R;Gazole;1;2026-10-07 00:01:00;2.25
78000020;71 RUE DES CHANTIERS;VERSAILLES;48.793;2.143;R;E10;5;2026-10-07 00:01:00;1.99
78000020;71 RUE DES CHANTIERS;VERSAILLES;48.793;2.143;R;SP98;6;2026-10-07 00:01:00;1.99
34500030;ZAC de Montimaran - Bretelle Est Autoroute A9;Béziers;43.34;3.264;R;Gazole;1;2026-10-07 10:54:00;2.299
34500030;ZAC de Montimaran - Bretelle Est Autoroute A9;Béziers;43.34;3.264;R;GPLc;4;2026-10-07 10:54:00;1.11
34500030;ZAC de Montimaran - Bretelle Est Autoroute A9;Béziers;43.34;3.264;R;E10;5;2026-10-07 10:54:00;2.185
34200001;54 Bd Camille Blanc;Sète;43.41;3.669;R;E85;3;2026-10-07 05:39:52;0.922
65400005;27 AVENUE DES PYRENEES;Argelès-Gazost;43.006;-0.099;R;Gazole;1;2026-10-07 00:01:00;2.25
65400005;27 AVENUE DES PYRENEES;Argelès-Gazost;43.006;-0.099;R;E10;5;2026-10-07 00:01:00;1.99
65400005;27 AVENUE DES PYRENEES;Argelès-Gazost;43.006;-0.099;R;SP98;6;2026-10-07 00:01:00;1.99
37600001;ROUTE DE VAUZELLES;LOCHES;47.13;0.984;R;Gazole;1;2026-10-07 09:14:14;2.339
37600001;ROUTE DE VAUZELLES;LOCHES;47.13;0.984;R;E10;5;2026-10-07 09:14:14;2.165
31130008;43 AVENUE DES AEROSTIERS;BALMA;43.60917;1.49007;R;Gazole;1;2026-10-07 06:54:55;2.25
31130008;43 AVENUE DES AEROSTIERS;BALMA;43.60917;1.49007;R;GPLc;4;2026-10-07 06:54:55;1.014
31130008;43 AVENUE DES AEROSTIERS;BALMA;43.60917;1.49007;R;E10;5;2026-10-07 06:54:55;1.99
31130008;43 AVENUE DES AEROSTIERS;BALMA;43.60917;1.49007;R;SP98;6;2026-10-07 06:54:55;1.99
91150012;RN 191 / AV COQUERIVE;ETAMPES;48.434;2.172;R;E85;3;2026-10-07 00:01:00;0.897
69410007;AV. DU GENERAL DE GAULLE - D 30;Champagne-au-Mont-d'Or;45.801;4.787;R;Gazole;1;2026-10-07 00:01:00;2.25
69410007;AV. DU GENERAL DE GAULLE - D 30;Champagne-au-Mont-d'Or;45.801;4.787;R;E85;3;2026-10-07 00:01:00;0.905
2100008;46 Avenue Faidherbe;Saint-Quentin;49.844;3.279;R;Gazole;1;2026-10-07 07:31:00;2.301
2100008;46 Avenue Faidherbe;Saint-Quentin;49.844;3.279;R;E10;5;2026-10-07 07:31:00;2.09
2100008;46 Avenue Faidherbe;Saint-Quentin;49.844;3.279;R;SP98;6;2026-10-07 07:31:00;2.229
37003001;RUE DES BORDIERS;TOURS;47.425;0.674;R;Gazole;1;2026-10-07 07:00:00;2.319
49130004;Rue des maisons rouges;LES PONTS-DE-Cé;47.437;-0.514;R;Gazole;1;2026-10-07 07:42:00;2.29
49130004;Rue des maisons rouges;LES PONTS-DE-Cé;47.437;-0.514;R;SP95;2;2026-10-07 07:42:00;2.2
49130004;Rue des maisons rouges;LES PONTS-DE-Cé;47.437;-0.514;R;E10;5;2026-10-07 07:42:01;2.14
91300019;190 AVENUE DU MARÉCHAL LECLERC;MASSY;48.739;2.302;R;Gazole;1;2026-10-07 00:01:00;2.25
91300019;190 AVENUE DU MARÉCHAL LECLERC;MASSY;48.739;2.302;R;GPLc;4;2026-10-07 00:01:00;0.999
91300019;190 AVENUE DU MARÉCHAL LECLERC;MASSY;48.739;2.302;R;E10;5;2026-10-07 00:01:00;1.99
59760005;1 AV DE PETITE SYNTHE;Grande-Synthe;51.014;2.307;R;Gazole;1;2026-10-07 00:01:00;2.25
59760005;1 AV DE PETITE SYNTHE;Grande-Synthe;51.014;2.307;R;E10;5;2026-10-07 00:01:00;1.99
6300016;27 AVENUE DENIS SEMERIA;NICE;43.715;7.287;R;Gazole;1;2026-10-07 06:00:00;2.25
6300016;27 AVENUE DENIS SEMERIA;NICE;43.715;7.287;R;E10;5;2026-10-07 06:00:00;1.99
6300016;27 AVENUE DENIS SEMERIA;NICE;43.715;7.287;R;SP98;6;2026-10-07 06:00:00;1.99
1000012;642 AVENUE DE TREVOUX;SAINT DENIS LES BOURG;46.201;5.2;R;Gazole;1;2026-10-07 00:01:00;2.25
1000012;642 AVENUE DE TREVOUX;SAINT DENIS LES BOURG;46.201;5.2;R;E85;3;2026-10-07 00:01:00;0.915
1000012;642 AVENUE DE TREVOUX;SAINT DENIS LES BOURG;46.201;5.2;R;E10;5;2026-10-07 00:01:00;1.99
1000012;642 AVENUE DE TREVOUX;SAINT DENIS LES BOURG;46.201;5.2;R;SP98;6;2026-10-07 00:01:00;1.99
47320003;Quai Gambetta;CLAIRAC;44.357;0.382;R;Gazole;1;2026-10-07 08:41:53;2.319
47320003;Quai Gambetta;CLAIRAC;44.357;0.382;R;E10;5;2026-10-07 08:41:53;2.159
47320003;Quai Gambetta;CLAIRAC;44.357;0.382;R;SP98;6;2026-10-07 08:41:53;2.269
49300018;134 Rue de la Girardière;CHOLET;47.042585385517;-0.9002721116539301;R;Gazole;1;2026-10-07 09:18:23;2.285
49300018;134 Rue de la Girardière;CHOLET;47.042585385517;-0.9002721116539301;R;E85;3;2026-10-07 09:18:23;0.85
49300018;134 Rue de la Girardière;CHOLET;47.042585385517;-0.9002721116539301;R;E10;5;2026-10-07 09:18:23;2.105
13600015;RD 559 AVENUE PAUL ROVARCH;LA CIOTAT;43.189;5.633;R;Gazole;1;2026-10-07 00:01:00;2.25
13600015;RD 559 AVENUE PAUL ROVARCH;LA CIOTAT;43.189;5.633;R;E10;5;2026-10-07 00:01:00;1.99
13600015;RD 559 AVENUE PAUL ROVARCH;LA CIOTAT;43.189;5.633;R;SP98;6;2026-10-07 00:01:00;1.99
80300005;Zone Commerciale chemin croisé de bellevue;ALBERT;49.994;2.657;R;Gazole;1;2026-10-07 09:58:46;2.319
80300005;Zone Commerciale chemin croisé de bellevue;ALBERT;49.994;2.657;R;E10;5;2026-10-07 09:58:46;2.169
80300005;Zone Commerciale chemin croisé de bellevue;ALBERT;49.994;2.657;R;SP98;6;2026-10-07 09:58:46;2.289
16710001;183 rue de Saint Jean d'Angély;Saint-Yrieix-sur-Charente;45.67332836305899;0.12522459830092;R;Gazole;1;2026-10-07 09:08:20;2.361
16710001;183 rue de Saint Jean d'Angély;Saint-Yrieix-sur-Charente;45.67332836305899;0.12522459830092;R;SP98;6;2026-10-07 09:08:20;2.218
16800001;ave du general de gaulle;SOYAUX;45.639;0.219;R;Gazole;1;2026-10-07 00:46:00;2.261
16800001;ave du general de gaulle;SOYAUX;45.639;0.219;R;SP95;2;2026-10-07 00:46:00;2.213
16800001;ave du general de gaulle;SOYAUX;45.639;0.219;R;E85;3;2026-10-07 00:46:00;0.829
16800001;ave du general de gaulle;SOYAUX;45.639;0.219;R;GPLc;4;2026-10-07 00:46:00;0.986
16800001;ave du general de gaulle;SOYAUX;45.639;0.219;R;E10;5;2026-10-07 00:46:00;2.148
16800001;ave du general de gaulle;SOYAUX;45.639;0.219;R;SP98;6;2026-10-07 00:46:00;2.287
34290007;AIRE DE BEZIERS MONTBLANC NORD;MONTBLANC;43.369129317048;3.3910774626099;A;Gazole;1;2026-10-07 09:30:00;2.577
34290007;AIRE DE BEZIERS MONTBLANC NORD;MONTBLANC;43.369129317048;3.3910774626099;A;GPLc;4;2026-10-07 09:30:00;1.143
34290007;AIRE DE BEZIERS MONTBLANC NORD;MONTBLANC;43.369129317048;3.3910774626099;A;E10;5;2026-10-07 09:30:00;2.548
34290007;AIRE DE BEZIERS MONTBLANC NORD;MONTBLANC;43.369129317048;3.3910774626099;A;SP98;6;2026-10-07 09:30:00;2.698
74200018;27 Avenue de Genève;THONON LES BAINS;46.361;6.456;R;Gazole;1;2026-10-07 07:40:23;2.25
74200018;27 Avenue de Genève;THONON LES BAINS;46.361;6.456;R;E85;3;2026-10-07 07:40:23;0.903
75019016;234 RUE DE CRIMEE;PARIS;48.894;2.373;R;Gazole;1;2026-10-07 00:01:00;2.25
75019016;234 RUE DE CRIMEE;PARIS;48.894;2.373;R;E10;5;2026-10-07 00:01:00;1.99
51120004;ROUTE NATIONALE 4;Moeurs-verdey;48.72683;3.67583;R;Gazole;1;2026-10-07 00:01:00;2.25
51120004;ROUTE NATIONALE 4;Moeurs-verdey;48.72683;3.67583;R;E10;5;2026-10-07 00:01:00;1.99
51120004;ROUTE NATIONALE 4;Moeurs-verdey;48.72683;3.67583;R;SP98;6;2026-10-07 00:01:00;1.99
29140008;RN 165 - VOIE EXPRESS;Saint-Yvi;47.959;-3.958;R;Gazole;1;2026-10-07 00:01:00;2.25
29140008;RN 165 - VOIE EXPRESS;Saint-Yvi;47.959;-3.958;R;E85;3;2026-10-07 00:01:00;0.899
29140008;RN 165 - VOIE EXPRESS;Saint-Yvi;47.959;-3.958;R;E10;5;2026-10-07 00:01:00;1.99
29140008;RN 165 - VOIE EXPRESS;Saint-Yvi;47.959;-3.958;R;SP98;6;2026-10-07 00:01:00;1.99
44570001;ZAC DE LA FONTAINE AU BRUN - 31 Rue de la Héronnière;Trignac;47.301882584606;-2.212697736;R;Gazole;1;2026-10-07 10:31:41;2.335
44570001;ZAC DE LA FONTAINE AU BRUN - 31 Rue de la Héronnière;Trignac;47.301882584606;-2.212697736;R;GPLc;4;2026-10-07 10:31:42;0.938
44570001;ZAC DE LA FONTAINE AU BRUN - 31 Rue de la Héronnière;Trignac;47.301882584606;-2.212697736;R;E10;5;2026-10-07 10:31:42;2.151
44570001;ZAC DE LA FONTAINE AU BRUN - 31 Rue de la Héronnière;Trignac;47.301882584606;-2.212697736;R;SP98;6;2026-10-07 10:31:42;2.231
94220004;4 BIS AV DE LA LIBERTE;Charenton-le-Pont;48.82225;2.40285;R;Gazole;1;2026-10-07 00:01:00;2.25
94220004;4 BIS AV DE LA LIBERTE;Charenton-le-Pont;48.82225;2.40285;R;E10;5;2026-10-07 00:01:00;1.99
62300012;118 RUE RENE LANOY;LENS;50.435;2.841;R;Gazole;1;2026-10-07 10:30:40;2.25
62300012;118 RUE RENE LANOY;LENS;50.435;2.841;R;E85;3;2026-10-07 10:30:40;0.869
78480004;7 BD GEORGES CLEMENCEAU;Verneuil-sur-Seine;48.978;1.978;R;Gazole;1;2026-10-07 00:01:00;2.25
78480004;7 BD GEORGES CLEMENCEAU;Verneuil-sur-Seine;48.978;1.978;R;E85;3;2026-10-07 00:01:00;0.902
78480004;7 BD GEORGES CLEMENCEAU;Verneuil-sur-Seine;48.978;1.978;R;E10;5;2026-10-07 00:01:00;1.99
78480004;7 BD GEORGES CLEMENCEAU;Verneuil-sur-Seine;48.978;1.978;R;SP98;6;2026-10-07 00:01:00;1.99
66500001;Grande Rocade;Prades;42.625;2.428;R;Gazole;1;2026-10-07 07:33:31;2.309
66500001;Grande Rocade;Prades;42.625;2.428;R;E85;3;2026-10-07 07:33:31;0.858
66500001;Grande Rocade;Prades;42.625;2.428;R;SP98;6;2026-10-07 07:33:32;2.269
88100007;18 Rue d'Épinal;Saint-Dié-des-Vosges;48.288;6.928;R;Gazole;1;2026-10-07 08:24:07;2.25
88100007;18 Rue d'Épinal;Saint-Dié-des-Vosges;48.288;6.928;R;E10;5;2026-10-07 08:24:08;1.99
13127006;Rue Bel Air;VITROLLES;43.426;5.27;R;Gazole;1;2026-10-07 10:51:00;2.295
13127006;Rue Bel Air;VITROLLES;43.426;5.27;R;E85;3;2026-10-07 10:51:00;0.869
13127006;Rue Bel Air;VITROLLES;43.426;5.27;R;E10;5;2026-10-07 10:51:00;2.179
62217007;ROUTE DE CAMBRAI;Tilloy-lès-Mofflaines;50.282;2.807;R;Gazole;1;2026-10-07 06:10:35;2.25
62217007;ROUTE DE CAMBRAI;Tilloy-lès-Mofflaines;50.282;2.807;R;E10;5;2026-10-07 06:10:35;1.99
62217007;ROUTE DE CAMBRAI;Tilloy-lès-Mofflaines;50.282;2.807;R;SP98;6;2026-10-07 06:10:35;1.99
13016008;450 CHEMIN DU LITTORAL;MARSEILLE;43.349;5.343;R;Gazole;1;2026-10-07 00:01:00;2.25
13016008;450 CHEMIN DU LITTORAL;MARSEILLE;43.349;5.343;R;E85;3;2026-10-07 00:01:00;0.907
13016008;450 CHEMIN DU LITTORAL;MARSEILLE;43.349;5.343;R;GPLc;4;2026-10-07 00:01:00;0.999
13016008;450 CHEMIN DU LITTORAL;MARSEILLE;43.349;5.343;R;E10;5;2026-10-07 00:01:00;1.99
13016008;450 CHEMIN DU LITTORAL;MARSEILLE;43.349;5.343;R;SP98;6;2026-10-07 00:01:00;1.99
32110001;AVENUE DE PERIE;NOGARO;43.759;-0.033;R;Gazole;1;2026-10-07 10:24:38;2.379
32110001;AVENUE DE PERIE;NOGARO;43.759;-0.033;R;E10;5;2026-10-07 10:24:39;2.199
69130005;11, Avenue Guy de Collongue;Écully;45.780655647582996;4.7676834360596;R;Gazole;1;2026-10-07 08:15:41;2.25
69130005;11, Avenue Guy de Collongue;Écully;45.780655647582996;4.7676834360596;R;SP95;2;2026-10-07 08:15:42;1.99
45160006;3091 RUE MARCEL BELOT;OLIVET;47.841;1.914;R;Gazole;1;2026-10-07 00:01:00;2.25
45160006;3091 RUE MARCEL BELOT;OLIVET;47.841;1.914;R;GPLc;4;2026-10-07 00:01:00;0.929
67600001;38 Route de Colmar;Sélestat;48.24889;7.43635;R;Gazole;1;2026-10-07 10:41:19;2.509
67600001;38 Route de Colmar;Sélestat;48.24889;7.43635;R;E10;5;2026-10-07 10:41:19;2.297
67600001;38 Route de Colmar;Sélestat;48.24889;7.43635;R;SP98;6;2026-10-07 10:41:20;2.396
73330001;ZAE la Baronnie - 66 rue de l'Ecurée;Le Pont-de-Beauvoisin;45.53;5.69;R;Gazole;1;2026-10-07 06:57:19;2.339
10120006;114 ROUTE D'AUXERRE;SAINT ANDRE LES VERGERS;48.272924;4.055641;R;Gazole;1;2026-10-07 00:00:00;2.399
10120006;114 ROUTE D'AUXERRE;SAINT ANDRE LES VERGERS;48.272924;4.055641;R;E85;3;2026-10-07 00:00:00;0.929
10120006;114 ROUTE D'AUXERRE;SAINT ANDRE LES VERGERS;48.272924;4.055641;R;E10;5;2026-10-07 00:00:00;2.279
10120006;114 ROUTE D'AUXERRE;SAINT ANDRE LES VERGERS;48.272924;4.055641;R;SP98;6;2026-10-07 00:00:00;2.329
40120003;1070 Av. du Marsan;Sarbazan;44.023813382481;-0.33892597342881997;R;Gazole;1;2026-10-07 10:53:00;2.366
40120003;1070 Av. du Marsan;Sarbazan;44.023813382481;-0.33892597342881997;R;SP95;2;2026-10-07 10:53:00;2.283
40120003;1070 Av. du Marsan;Sarbazan;44.023813382481;-0.33892597342881997;R;E10;5;2026-10-07 10:53:00;2.157
29100007;4 RUE ETIENNE KERNOURS;DOUARNENEZ;48.081;-4.328;R;Gazole;1;2026-10-07 00:01:00;2.25
29100007;4 RUE ETIENNE KERNOURS;DOUARNENEZ;48.081;-4.328;R;E10;5;2026-10-07 00:01:00;1.99
29100007;4 RUE ETIENNE KERNOURS;DOUARNENEZ;48.081;-4.328;R;SP98;6;2026-10-07 00:01:00;1.99
95640002;Boulevard Gambetta;Marines;49.146725;1.974442;R;Gazole;1;2026-10-07 08:24:51;2.32
95640002;Boulevard Gambetta;Marines;49.146725;1.974442;R;E10;5;2026-10-07 08:24:52;2.182
95640002;Boulevard Gambetta;Marines;49.146725;1.974442;R;SP98;6;2026-10-07 08:24:52;2.282
59710007;81 RUE DE SECLIN;Avelin;50.540364491489;3.0737464096402;R;Gazole;1;2026-10-07 00:01:00;2.25
59710007;81 RUE DE SECLIN;Avelin;50.540364491489;3.0737464096402;R;E85;3;2026-10-07 00:01:00;0.869
59710007;81 RUE DE SECLIN;Avelin;50.540364491489;3.0737464096402;R;GPLc;4;2026-10-07 00:01:00;0.969
95150001;CENTRE COMMERCIAL LES PORTES DE TAVERNY;TAVERNY;49.0146669398;2.22190168155;R;Gazole;1;2026-10-07 09:49:58;2.355
34750001;93 rue des troenes;Villeneuve-lès-Maguelone;43.537;3.858;R;Gazole;1;2026-10-07 09:37:24;2.327
34750001;93 rue des troenes;Villeneuve-lès-Maguelone;43.537;3.858;R;E85;3;2026-10-07 09:37:25;0.869
34750001;93 rue des troenes;Villeneuve-lès-Maguelone;43.537;3.858;R;E10;5;2026-10-07 09:37:25;2.168
34750001;93 rue des troenes;Villeneuve-lès-Maguelone;43.537;3.858;R;SP98;6;2026-10-07 09:37:25;2.299
75012021;55 BLD DE PICPUS;PARIS;48.846;2.401;R;Gazole;1;2026-10-07 00:01:00;2.25
54500005;2 Rue Bernard Palissy;VANDOEUVRE-LèS-NANCY;48.654;6.177;R;Gazole;1;2026-10-07 08:43:24;2.414
54500005;2 Rue Bernard Palissy;VANDOEUVRE-LèS-NANCY;48.654;6.177;R;SP95;2;2026-10-07 08:43:24;2.299
54500005;2 Rue Bernard Palissy;VANDOEUVRE-LèS-NANCY;48.654;6.177;R;GPLc;4;2026-10-07 08:43:24;1.01
54500005;2 Rue Bernard Palissy;VANDOEUVRE-LèS-NANCY;48.654;6.177;R;E10;5;2026-10-07 08:43:24;2.211
54500005;2 Rue Bernard Palissy;VANDOEUVRE-LèS-NANCY;48.654;6.177;R;SP98;6;2026-10-07 08:43:24;2.334
40260009;1270 ROUTE DE DAX;CASTETS;43.869941219434004;-1.1338228489867999;R;Gazole;1;2026-10-07 00:01:00;2.25
40260009;1270 ROUTE DE DAX;CASTETS;43.869941219434004;-1.1338228489867999;R;E10;5;2026-10-07 00:01:00;1.99
78660004;RN 10 HAMEAU DE L'ABBE;Prunay-en-Yvelines;48.571;1.832;R;Gazole;1;2026-10-07 00:01:00;2.25
78660004;RN 10 HAMEAU DE L'ABBE;Prunay-en-Yvelines;48.571;1.832;R;E10;5;2026-10-07 00:01:00;1.99
78660004;RN 10 HAMEAU DE L'ABBE;Prunay-en-Yvelines;48.571;1.832;R;SP98;6;2026-10-07 00:01:00;1.99
18100011;70 RUE LEO MERIGOT;VIERZON;47.227125767400004;2.05324708161;R;Gazole;1;2026-10-07 00:01:00;2.25
18100011;70 RUE LEO MERIGOT;VIERZON;47.227125767400004;2.05324708161;R;E85;3;2026-10-07 00:01:00;0.896
18100011;70 RUE LEO MERIGOT;VIERZON;47.227125767400004;2.05324708161;R;GPLc;4;2026-10-07 00:01:00;0.999
18100011;70 RUE LEO MERIGOT;VIERZON;47.227125767400004;2.05324708161;R;E10;5;2026-10-07 00:01:00;1.99
18100011;70 RUE LEO MERIGOT;VIERZON;47.227125767400004;2.05324708161;R;SP98;6;2026-10-07 00:01:00;1.99
77144002;34 ROUTE DE PROVINS;MONTEVRAIN;48.853;2.761;R;Gazole;1;2026-10-07 07:23:40;2.25
77144002;34 ROUTE DE PROVINS;MONTEVRAIN;48.853;2.761;R;E10;5;2026-10-07 07:23:40;1.99
42400004;La Varizelle;Saint-Chamond;45.462;4.493;R;SP95;2;2026-10-07 09:40:00;2.259
42400004;La Varizelle;Saint-Chamond;45.462;4.493;R;E10;5;2026-10-07 09:40:00;2.217
42400004;La Varizelle;Saint-Chamond;45.462;4.493;R;SP98;6;2026-10-07 09:40:00;2.299
77170013;5 RUE DU GÉNÉRAL LECLERC;Brie-Comte-Robert;48.701;2.601;R;Gazole;1;2026-10-07 00:01:00;2.25
77170013;5 RUE DU GÉNÉRAL LECLERC;Brie-Comte-Robert;48.701;2.601;R;E85;3;2026-10-07 00:01:00;0.881
77170013;5 RUE DU GÉNÉRAL LECLERC;Brie-Comte-Robert;48.701;2.601;R;E10;5;2026-10-07 00:01:00;1.99
64500005;Avenue de Lahanchipia;Saint-Jean-de-Luz;43.401559341893;-1.6332701136;R;Gazole;1;2026-10-07 10:51:00;2.363
64500005;Avenue de Lahanchipia;Saint-Jean-de-Luz;43.401559341893;-1.6332701136;R;SP95;2;2026-10-07 10:51:00;2.21
64500005;Avenue de Lahanchipia;Saint-Jean-de-Luz;43.401559341893;-1.6332701136;R;E10;5;2026-10-07 10:51:00;2.155
64500005;Avenue de Lahanchipia;Saint-Jean-de-Luz;43.401559341893;-1.6332701136;R;SP98;6;2026-10-07 10:51:00;2.239
60360002;8 avenue du Général de Gaulle;Crèvecœur-le-Grand;49.604;2.085;R;Gazole;1;2026-10-07 10:10:00;2.302
60360002;8 avenue du Général de Gaulle;Crèvecœur-le-Grand;49.604;2.085;R;SP95;2;2026-10-07 10:10:00;2.194
60360002;8 avenue du Général de Gaulle;Crèvecœur-le-Grand;49.604;2.085;R;E10;5;2026-10-07 10:10:00;2.143
79000008;358 Route d'Aiffres;NIORT;46.304;-0.438;R;Gazole;1;2026-10-07 09:00:00;2.299
79000008;358 Route d'Aiffres;NIORT;46.304;-0.438;R;SP95;2;2026-10-07 09:00:00;2.179
79000008;358 Route d'Aiffres;NIORT;46.304;-0.438;R;E85;3;2026-10-07 09:00:00;0.869
79000008;358 Route d'Aiffres;NIORT;46.304;-0.438;R;E10;5;2026-10-07 09:00:00;2.119
79000008;358 Route d'Aiffres;NIORT;46.304;-0.438;R;SP98;6;2026-10-07 09:00:00;2.259
76133001;RUE ARISTIDE BRIAND;ÉPOUVILLE;49.562;0.221;R;Gazole;1;2026-10-07 08:40:55;2.377
76133001;RUE ARISTIDE BRIAND;ÉPOUVILLE;49.562;0.221;R;E10;5;2026-10-07 08:40:55;2.154
76133001;RUE ARISTIDE BRIAND;ÉPOUVILLE;49.562;0.221;R;SP98;6;2026-10-07 08:40:55;2.256
33600010;741 COURS DE LA LIBERATION;PESSAC;44.795279940609994;-0.6045088660429899;R;Gazole;1;2026-10-07 11:02:52;2.25
33600010;741 COURS DE LA LIBERATION;PESSAC;44.795279940609994;-0.6045088660429899;R;E10;5;2026-10-07 11:02:53;1.99
44570006;ROUTE DE ST NAZAIRE - Z.C. SAVIN;TRIGNAC;47.293;-2.209;R;Gazole;1;2026-10-07 09:06:04;2.25
44570006;ROUTE DE ST NAZAIRE - Z.C. SAVIN;TRIGNAC;47.293;-2.209;R;E85;3;2026-10-07 09:06:04;0.888
44570006;ROUTE DE ST NAZAIRE - Z.C. SAVIN;TRIGNAC;47.293;-2.209;R;E10;5;2026-10-07 09:06:04;1.99
35550004;47 rue de l'avenir;PIPRIAC;47.809;-1.937;R;Gazole;1;2026-10-07 05:29:04;2.299
35550004;47 rue de l'avenir;PIPRIAC;47.809;-1.937;R;E85;3;2026-10-07 05:29:04;0.859
35550004;47 rue de l'avenir;PIPRIAC;47.809;-1.937;R;E10;5;2026-10-07 05:29:04;2.139
35550004;47 rue de l'avenir;PIPRIAC;47.809;-1.937;R;SP98;6;2026-10-07 05:29:04;2.249
11200008;RN 113 - 2 AVENUE DU MARECHAL F;LEZIGNAN CORBIERES;43.2;2.75;R;Gazole;1;2026-10-07 00:01:00;2.25
6190008;175 AVENUE PASTEUR - RD 6007;Roquebrune-Cap-Martin;43.764;7.481;R;Gazole;1;2026-10-07 00:01:00;2.25
6190008;175 AVENUE PASTEUR - RD 6007;Roquebrune-Cap-Martin;43.764;7.481;R;E85;3;2026-10-07 00:01:00;0.918
13200020;12 AVENUE DE LA LIBERATION;ARLES;43.7;4.642;R;Gazole;1;2026-10-07 00:01:00;2.239
13200020;12 AVENUE DE LA LIBERATION;ARLES;43.7;4.642;R;E10;5;2026-10-07 00:01:00;1.99
13200020;12 AVENUE DE LA LIBERATION;ARLES;43.7;4.642;R;SP98;6;2026-10-07 00:01:00;1.99
25000023;2 RUE DE VESOUL;BESANCON;47.247;6.02;R;Gazole;1;2026-10-07 00:01:00;2.25
1150001;8 RUE DE L'INDUSTRIE;LAGNIEU;45.902;5.346;R;Gazole;1;2026-10-07 07:48:55;2.318
1150001;8 RUE DE L'INDUSTRIE;LAGNIEU;45.902;5.346;R;E10;5;2026-10-07 07:48:55;2.168
1150001;8 RUE DE L'INDUSTRIE;LAGNIEU;45.902;5.346;R;SP98;6;2026-10-07 07:48:55;2.284
76700006;3 RUE FREDERIC CHOPIN;HARFLEUR;49.511941098293;0.20041534246844;R;Gazole;1;2026-10-07 00:01:00;2.25
76700006;3 RUE FREDERIC CHOPIN;HARFLEUR;49.511941098293;0.20041534246844;R;E10;5;2026-10-07 00:01:00;1.99
76700006;3 RUE FREDERIC CHOPIN;HARFLEUR;49.511941098293;0.20041534246844;R;SP98;6;2026-10-07 00:01:00;1.99
14400010;ROUTE NATIONALE 13;VAUCELLES;49.285;-0.736;R;Gazole;1;2026-10-07 00:01:00;2.25
14400010;ROUTE NATIONALE 13;VAUCELLES;49.285;-0.736;R;E85;3;2026-10-07 00:01:00;0.901
14400010;ROUTE NATIONALE 13;VAUCELLES;49.285;-0.736;R;GPLc;4;2026-10-07 00:01:00;0.955
74100008;17 rue des Teppes;VETRAZ-MONTHOUX;46.184;6.276;R;SP98;6;2026-10-07 08:52:49;2.315
36300004;Rue Albert Chichery;Le Blanc;46.63843;1.0621;R;Gazole;1;2026-10-07 06:30:00;2.344
36300004;Rue Albert Chichery;Le Blanc;46.63843;1.0621;R;E10;5;2026-10-07 06:30:00;2.174
36300004;Rue Albert Chichery;Le Blanc;46.63843;1.0621;R;SP98;6;2026-10-07 06:30:00;2.264
60500011;ZONE ARTISANALE RN 16;Chantilly;49.2047622946;2.4618766547599997;R;Gazole;1;2026-10-07 00:01:00;2.25
60500011;ZONE ARTISANALE RN 16;Chantilly;49.2047622946;2.4618766547599997;R;E10;5;2026-10-07 07:37:36;1.99
33190004;25 Rue Frimont-Ouest;La Réole;44.58387;-0.06804;R;Gazole;1;2026-10-07 05:40:34;2.349
33190004;25 Rue Frimont-Ouest;La Réole;44.58387;-0.06804;R;E85;3;2026-10-07 05:40:35;0.869
33190004;25 Rue Frimont-Ouest;La Réole;44.58387;-0.06804;R;GPLc;4;2026-10-07 05:40:35;1.059
33190004;25 Rue Frimont-Ouest;La Réole;44.58387;-0.06804;R;E10;5;2026-10-07 05:40:35;2.179
33190004;25 Rue Frimont-Ouest;La Réole;44.58387;-0.06804;R;SP98;6;2026-10-07 05:40:35;2.289
3400001;28, route de Lyon;YZEURE;46.558;3.335;R;GPLc;4;2026-10-07 08:39:45;1.099
33402001;Rue Pacaris BP 109;Talence;44.79956;-0.58415;R;SP95;2;2026-10-07 09:00:28;2.187
33402001;Rue Pacaris BP 109;Talence;44.79956;-0.58415;R;E10;5;2026-10-07 09:00:29;2.123
69290002;Avenue Benoît Launay;Grézieu-la-Varenne;45.741;4.692;R;Gazole;1;2026-10-07 08:30:00;2.367
69290002;Avenue Benoît Launay;Grézieu-la-Varenne;45.741;4.692;R;SP95;2;2026-10-07 08:30:00;2.228
69290002;Avenue Benoît Launay;Grézieu-la-Varenne;45.741;4.692;R;E10;5;2026-10-07 08:30:00;2.176
69290002;Avenue Benoît Launay;Grézieu-la-Varenne;45.741;4.692;R;SP98;6;2026-10-07 08:57:04;2.263
50250003;3,ROUTE DES MARAIS - ST SYMPHORIEN LE VALOIS;La Haye-du-Puits;49.297;-1.544;R;Gazole;1;2026-10-07 09:53:46;2.25
50250003;3,ROUTE DES MARAIS - ST SYMPHORIEN LE VALOIS;La Haye-du-Puits;49.297;-1.544;R;E10;5;2026-10-07 09:53:46;1.99
50250003;3,ROUTE DES MARAIS - ST SYMPHORIEN LE VALOIS;La Haye-du-Puits;49.297;-1.544;R;SP98;6;2026-10-07 09:53:46;1.99
25250002;Avenue Foch;L'ISLE-SUR-LE-DOUBS;47.446720633199995;6.57943380782;R;Gazole;1;2026-10-07 09:33:43;2.316
74150003;Avenue Roosevelt;Rumilly;45.871;5.938;R;Gazole;1;2026-10-07 11:07:19;2.33
74150003;Avenue Roosevelt;Rumilly;45.871;5.938;R;E10;5;2026-10-07 11:07:19;2.179
74150003;Avenue Roosevelt;Rumilly;45.871;5.938;R;SP98;6;2026-10-07 11:07:19;2.279
95370008;177 BD VICTOR BORDIER;Montigny-lès-Cormeilles;48.99694;2.18922;R;Gazole;1;2026-10-07 00:01:00;2.25
95370008;177 BD VICTOR BORDIER;Montigny-lès-Cormeilles;48.99694;2.18922;R;GPLc;4;2026-10-07 00:01:00;1.009
95370008;177 BD VICTOR BORDIER;Montigny-lès-Cormeilles;48.99694;2.18922;R;E10;5;2026-10-07 00:01:00;1.99
78630008;AUTOROUTE A13 - AIRE DE MORAINVILLIERS SUD;MORAINVILLIERS;48.94070118;1.95295914;A;Gazole;1;2026-10-07 00:01:00;2.25
78630008;AUTOROUTE A13 - AIRE DE MORAINVILLIERS SUD;MORAINVILLIERS;48.94070118;1.95295914;A;E85;3;2026-10-07 00:01:00;0.999
78630008;AUTOROUTE A13 - AIRE DE MORAINVILLIERS SUD;MORAINVILLIERS;48.94070118;1.95295914;A;E10;5;2026-10-07 00:01:00;1.99
78630008;AUTOROUTE A13 - AIRE DE MORAINVILLIERS SUD;MORAINVILLIERS;48.94070118;1.95295914;A;SP98;6;2026-10-07 00:01:00;1.99
38200004;Chemin des Lones;Vienne;45.542206358718;4.85130178351;R;Gazole;1;2026-10-07 10:30:25;2.319
38200004;Chemin des Lones;Vienne;45.542206358718;4.85130178351;R;SP95;2;2026-10-07 10:30:26;2.229
38200004;Chemin des Lones;Vienne;45.542206358718;4.85130178351;R;E10;5;2026-10-07 10:30:26;2.169
3110001;19 Route de Saint-Pourçain;CHARMEIL;46.155;3.394;R;Gazole;1;2026-10-07 06:53:11;2.25
28000001;AVENUE MARCEL PROUST;CHARTRES;48.451;1.516;R;Gazole;1;2026-10-07 10:19:47;2.266
28000001;AVENUE MARCEL PROUST;CHARTRES;48.451;1.516;R;SP95;2;2026-10-07 10:19:47;2.206
28000001;AVENUE MARCEL PROUST;CHARTRES;48.451;1.516;R;E85;3;2026-10-07 10:19:47;0.859
28000001;AVENUE MARCEL PROUST;CHARTRES;48.451;1.516;R;GPLc;4;2026-10-07 10:19:47;0.924
28000001;AVENUE MARCEL PROUST;CHARTRES;48.451;1.516;R;E10;5;2026-10-07 10:19:47;2.145
28000001;AVENUE MARCEL PROUST;CHARTRES;48.451;1.516;R;SP98;6;2026-10-07 10:19:48;2.261
22104001;La Coulebart;DINAN;48.445;-2.069;R;Gazole;1;2026-10-07 10:00:00;2.35
22104001;La Coulebart;DINAN;48.445;-2.069;R;SP95;2;2026-10-07 10:00:00;2.164
22104001;La Coulebart;DINAN;48.445;-2.069;R;SP98;6;2026-10-07 10:00:00;2.238
64103001;90 avenue Henri de Navarre;BAYONNE;43.505;-1.444;R;Gazole;1;2026-10-07 10:51:00;2.384
64103001;90 avenue Henri de Navarre;BAYONNE;43.505;-1.444;R;SP95;2;2026-10-07 10:51:00;2.265
64103001;90 avenue Henri de Navarre;BAYONNE;43.505;-1.444;R;E10;5;2026-10-07 10:51:00;2.189
64103001;90 avenue Henri de Navarre;BAYONNE;43.505;-1.444;R;SP98;6;2026-10-07 10:51:00;2.279
76600001;35, rue de la Vallée;LE HAVRE;49.495;0.155;R;Gazole;1;2026-10-07 08:23:12;2.381
76600001;35, rue de la Vallée;LE HAVRE;49.495;0.155;R;E10;5;2026-10-07 08:23:12;2.184
76600001;35, rue de la Vallée;LE HAVRE;49.495;0.155;R;SP98;6;2026-10-07 08:23:12;2.289
14310003;RUE GEORGES CLEMENCEAU;VILLERS-BOCAGE;49.08;-0.648;R;Gazole;1;2026-10-07 08:45:45;2.309
14310003;RUE GEORGES CLEMENCEAU;VILLERS-BOCAGE;49.08;-0.648;R;SP95;2;2026-10-07 08:45:45;2.179
14310003;RUE GEORGES CLEMENCEAU;VILLERS-BOCAGE;49.08;-0.648;R;E10;5;2026-10-07 08:45:45;2.169
17690001;Route de Rochefort;ANGOULINS;46.111;-1.103;R;Gazole;1;2026-10-07 00:46:00;2.288
17690001;Route de Rochefort;ANGOULINS;46.111;-1.103;R;SP95;2;2026-10-07 00:46:00;2.184
17690001;Route de Rochefort;ANGOULINS;46.111;-1.103;R;E85;3;2026-10-07 00:46:00;0.813
17690001;Route de Rochefort;ANGOULINS;46.111;-1.103;R;GPLc;4;2026-10-07 00:46:00;0.999
17690001;Route de Rochefort;ANGOULINS;46.111;-1.103;R;E10;5;2026-10-07 00:46:00;2.118
17690001;Route de Rochefort;ANGOULINS;46.111;-1.103;R;SP98;6;2026-10-07 00:46:00;2.258
21700001;12 RUE ARNOULT;NUITS-SAINT-GEORGES;47.133;4.967;R;Gazole;1;2026-10-07 09:30:49;2.389
21240004;88 BOULEVARD DE TROYES;TALANT;47.341;5.005;R;Gazole;1;2026-10-07 00:01:00;2.25
21240004;88 BOULEVARD DE TROYES;TALANT;47.341;5.005;R;GPLc;4;2026-10-07 00:01:00;0.969
21240004;88 BOULEVARD DE TROYES;TALANT;47.341;5.005;R;E10;5;2026-10-07 00:01:00;1.99
57130004;41 ROUTE DE METZ;Jouy-aux-Arches;49.07;6.086;R;E10;5;2026-10-07 00:01:00;1.99
91100016;RUE SIGMUND FREUD;CORBEIL ESSONNES;48.608;2.449;R;Gazole;1;2026-10-07 00:01:00;2.25
71100003;144 Avenue de Paris;CHALON-SUR-SAôNE;46.79804;4.84741;R;Gazole;1;2026-10-07 09:47:56;2.379
71100003;144 Avenue de Paris;CHALON-SUR-SAôNE;46.79804;4.84741;R;E85;3;2026-10-07 09:47:56;0.889
71100003;144 Avenue de Paris;CHALON-SUR-SAôNE;46.79804;4.84741;R;E10;5;2026-10-07 09:47:56;2.179
34110005;RN 108 14 AVENUE DES VIGNERONS;FRONTIGNAN;43.4457;3.75207;R;Gazole;1;2026-10-07 00:01:00;2.25
34110005;RN 108 14 AVENUE DES VIGNERONS;FRONTIGNAN;43.4457;3.75207;R;E10;5;2026-10-07 00:01:00;1.99
34110005;RN 108 14 AVENUE DES VIGNERONS;FRONTIGNAN;43.4457;3.75207;R;SP98;6;2026-10-07 00:01:00;1.99
37400006;1786 Boulevard saint denis hors;Amboise;47.393;0.982;R;Gazole;1;2026-10-07 08:09:55;2.25
37400006;1786 Boulevard saint denis hors;Amboise;47.393;0.982;R;E10;5;2026-10-07 08:09:55;1.99
34280005;ROUTE DEPARTEMENTALE 59 E CARNON;MAUGUIO;43.549;3.979;R;Gazole;1;2026-10-07 00:01:00;2.25
17210007;RN 10 DIRECTION PARIS;bedenac;45.170103998994;-0.33449343450863;R;Gazole;1;2026-10-07 09:41:23;2.439
17210007;RN 10 DIRECTION PARIS;bedenac;45.170103998994;-0.33449343450863;R;E10;5;2026-10-07 09:41:23;2.319
34830001;Lieu dit La Plaine CD 112;JACOU;43.66;3.904;R;Gazole;1;2026-10-07 07:42:21;2.399
34830001;Lieu dit La Plaine CD 112;JACOU;43.66;3.904;R;E85;3;2026-10-07 07:42:21;0.869
34830001;Lieu dit La Plaine CD 112;JACOU;43.66;3.904;R;E10;5;2026-10-07 07:42:21;2.219
34830001;Lieu dit La Plaine CD 112;JACOU;43.66;3.904;R;SP98;6;2026-10-07 07:42:21;2.349
62230003;Boulevard Industriel;OUTREAU;50.70189850960001;1.6083952491499998;R;Gazole;1;2026-10-07 08:46:36;2.289
62230003;Boulevard Industriel;OUTREAU;50.70189850960001;1.6083952491499998;R;E85;3;2026-10-07 08:46:36;0.849
76000009;186 Rue de Constantine;ROUEN;49.449;1.067;R;Gazole;1;2026-10-07 08:45:00;2.299
76000009;186 Rue de Constantine;ROUEN;49.449;1.067;R;E85;3;2026-10-07 08:45:00;0.869
76000009;186 Rue de Constantine;ROUEN;49.449;1.067;R;E10;5;2026-10-07 08:45:00;2.171
76000009;186 Rue de Constantine;ROUEN;49.449;1.067;R;SP98;6;2026-10-07 08:45:00;2.299
49124003;9 rue de Verdun;St Barthélemy d'Anjou;47.4773034;-0.4911358;R;Gazole;1;2026-10-07 10:32:08;2.309
49124003;9 rue de Verdun;St Barthélemy d'Anjou;47.4773034;-0.4911358;R;SP98;6;2026-10-07 10:32:36;2.249
63300005;22 Avenue du Général de Gaulle;Thiers;45.843;3.517;R;Gazole;1;2026-10-07 08:50:17;2.368
2310002;47 Rue Jules Lefèbvre;Fère-en-Tardenois;49.196;3.514;R;Gazole;1;2026-10-07 00:00:00;2.429
2310002;47 Rue Jules Lefèbvre;Fère-en-Tardenois;49.196;3.514;R;SP95;2;2026-10-07 00:00:00;2.339
2310002;47 Rue Jules Lefèbvre;Fère-en-Tardenois;49.196;3.514;R;SP98;6;2026-10-07 00:00:00;2.389
88230003;14, Rue du Général Ingold;Fraize;48.183292050384004;7.0040889058285;R;Gazole;1;2026-10-07 08:38:00;2.349
88230003;14, Rue du Général Ingold;Fraize;48.183292050384004;7.0040889058285;R;E10;5;2026-10-07 08:30:00;2.199
88230003;14, Rue du Général Ingold;Fraize;48.183292050384004;7.0040889058285;R;SP98;6;2026-10-07 08:29:00;2.249
59494009;AUTOROUTE A23 6 - AIRE DE PETITE FORÊT;Petite-Forêt;50.37;3.481;A;Gazole;1;2026-10-07 00:01:00;2.25
59494009;AUTOROUTE A23 6 - AIRE DE PETITE FORÊT;Petite-Forêt;50.37;3.481;A;E85;3;2026-10-07 00:01:00;0.866
59494009;AUTOROUTE A23 6 - AIRE DE PETITE FORÊT;Petite-Forêt;50.37;3.481;A;E10;5;2026-10-07 00:01:00;1.99
59494009;AUTOROUTE A23 6 - AIRE DE PETITE FORÊT;Petite-Forêt;50.37;3.481;A;SP98;6;2026-10-07 00:01:00;1.99
56670003;Lann Er Velin;RIANTEC;47.726;-3.322;R;Gazole;1;2026-10-07 07:00:00;2.322
56670003;Lann Er Velin;RIANTEC;47.726;-3.322;R;E10;5;2026-10-07 07:00:00;2.14
62990001;rue du 21 mai 1940;BEAURAINVILLE;50.425;1.901;R;Gazole;1;2026-10-07 09:44:57;2.359
62990001;rue du 21 mai 1940;BEAURAINVILLE;50.425;1.901;R;SP95;2;2026-10-07 09:44:57;2.243
62990001;rue du 21 mai 1940;BEAURAINVILLE;50.425;1.901;R;E85;3;2026-10-07 09:44:57;0.909
83380002;SAN PEIRE;LES ISSAMBRES;43.3407736485;6.69252480444;R;Gazole;1;2026-10-07 00:01:00;2.25
83380002;SAN PEIRE;LES ISSAMBRES;43.3407736485;6.69252480444;R;E10;5;2026-10-07 00:01:00;1.99
83380002;SAN PEIRE;LES ISSAMBRES;43.3407736485;6.69252480444;R;SP98;6;2026-10-07 00:01:00;1.99
95290001;BOULEVARD TILSIT;L'ISLE-ADAM;49.124;2.248;R;Gazole;1;2026-10-07 09:01:05;2.43
95290001;BOULEVARD TILSIT;L'ISLE-ADAM;49.124;2.248;R;E85;3;2026-10-07 09:01:05;0.859
95290001;BOULEVARD TILSIT;L'ISLE-ADAM;49.124;2.248;R;GPLc;4;2026-10-07 09:01:05;0.986
95290001;BOULEVARD TILSIT;L'ISLE-ADAM;49.124;2.248;R;E10;5;2026-10-07 09:01:05;2.21
95290001;BOULEVARD TILSIT;L'ISLE-ADAM;49.124;2.248;R;SP98;6;2026-10-07 09:01:05;2.29
74500002;Rue Charles le Borgne;FéCAMP;49.7555111909;0.374491663689;R;Gazole;1;2026-10-07 10:19:55;2.338
74500002;Rue Charles le Borgne;FéCAMP;49.7555111909;0.374491663689;R;SP95;2;2026-10-07 10:19:55;2.16
74500002;Rue Charles le Borgne;FéCAMP;49.7555111909;0.374491663689;R;SP98;6;2026-10-07 10:19:55;2.212
27400001;Le Becquet, Avenue des Peupliers;LOUVIERS;49.209;1.183;R;Gazole;1;2026-10-07 11:09:28;2.299
27400001;Le Becquet, Avenue des Peupliers;LOUVIERS;49.209;1.183;R;E10;5;2026-10-07 11:09:28;2.109
27400001;Le Becquet, Avenue des Peupliers;LOUVIERS;49.209;1.183;R;SP98;6;2026-10-07 11:09:28;2.219
39300006;39 Rue Clemenceau;Champagnole;46.746;5.92;R;Gazole;1;2026-10-07 09:41:00;2.375
39300006;39 Rue Clemenceau;Champagnole;46.746;5.92;R;SP95;2;2026-10-07 09:41:00;2.264
39300006;39 Rue Clemenceau;Champagnole;46.746;5.92;R;E10;5;2026-10-07 09:41:00;2.194
30900002;405 Chemin Bas de Montpellier;NîMES;43.81719;4.34044;R;Gazole;1;2026-10-07 08:38:21;2.348
30900002;405 Chemin Bas de Montpellier;NîMES;43.81719;4.34044;R;SP95;2;2026-10-07 08:38:21;2.256
30900002;405 Chemin Bas de Montpellier;NîMES;43.81719;4.34044;R;GPLc;4;2026-10-07 08:38:21;1.055
30900002;405 Chemin Bas de Montpellier;NîMES;43.81719;4.34044;R;E10;5;2026-10-07 08:38:21;2.159
94594002;103 Boulevard Circulaire E Fruileg;RUNGIS;48.765;2.357;R;Gazole;1;2026-10-07 00:01:00;2.25
94594002;103 Boulevard Circulaire E Fruileg;RUNGIS;48.765;2.357;R;E10;5;2026-10-07 00:01:00;1.99
94594002;103 Boulevard Circulaire E Fruileg;RUNGIS;48.765;2.357;R;SP98;6;2026-10-07 00:01:00;1.99
28500007;RN 12 (COTE SUD);Vert-en-Drouais;48.748;1.271;R;Gazole;1;2026-10-07 00:01:00;2.25
28500007;RN 12 (COTE SUD);Vert-en-Drouais;48.748;1.271;R;E85;3;2026-10-07 00:01:00;0.919
28500007;RN 12 (COTE SUD);Vert-en-Drouais;48.748;1.271;R;GPLc;4;2026-10-07 00:01:00;0.979
28500007;RN 12 (COTE SUD);Vert-en-Drouais;48.748;1.271;R;E10;5;2026-10-07 00:01:00;1.99
11110001;Avenue de Toulouse;COURSAN;43.23;3.051;R;Gazole;1;2026-10-07 09:30:16;2.365
11110001;Avenue de Toulouse;COURSAN;43.23;3.051;R;SP95;2;2026-10-07 09:30:16;2.27
11110001;Avenue de Toulouse;COURSAN;43.23;3.051;R;E85;3;2026-10-07 09:30:16;0.899
57402001;19 Route de Lunéville;SARREBOURG;48.732;7.046;R;Gazole;1;2026-10-07 09:40:00;2.446
57402001;19 Route de Lunéville;SARREBOURG;48.732;7.046;R;E85;3;2026-10-07 09:40:00;0.834
57402001;19 Route de Lunéville;SARREBOURG;48.732;7.046;R;E10;5;2026-10-07 09:40:00;2.306
57402001;19 Route de Lunéville;SARREBOURG;48.732;7.046;R;SP98;6;2026-10-07 09:40:00;2.4
25800002;12 GRANDE RUE;VALDAHON;47.148;6.335;R;Gazole;1;2026-10-07 08:16:25;2.365
25800002;12 GRANDE RUE;VALDAHON;47.148;6.335;R;E85;3;2026-10-07 08:16:25;0.855
25800002;12 GRANDE RUE;VALDAHON;47.148;6.335;R;E10;5;2026-10-07 08:16:25;2.217
25800002;12 GRANDE RUE;VALDAHON;47.148;6.335;R;SP98;6;2026-10-07 08:16:25;2.294
34311001;Avenue du pech de Valras;Béziers;43.338;3.239;R;Gazole;1;2026-10-07 10:51:00;2.299
34311001;Avenue du pech de Valras;Béziers;43.338;3.239;R;SP95;2;2026-10-07 10:51:00;2.199
34311001;Avenue du pech de Valras;Béziers;43.338;3.239;R;E10;5;2026-10-07 10:51:00;2.185
34311001;Avenue du pech de Valras;Béziers;43.338;3.239;R;SP98;6;2026-10-07 10:51:00;2.297
92000020;141 RUE PV COUTURIER;NANTERRE;48.88327;2.2039052;R;Gazole;1;2026-10-07 00:01:00;2.25
92000020;141 RUE PV COUTURIER;NANTERRE;48.88327;2.2039052;R;E10;5;2026-10-07 00:01:00;1.99
92000020;141 RUE PV COUTURIER;NANTERRE;48.88327;2.2039052;R;SP98;6;2026-10-07 00:01:00;1.99
69658001;zac du garet;VILLEFRANCHE-SUR-SAONE;45.997;4.734;R;Gazole;1;2026-10-07 08:58:48;2.439
69658001;zac du garet;VILLEFRANCHE-SUR-SAONE;45.997;4.734;R;GPLc;4;2026-10-07 08:58:48;1.017
69658001;zac du garet;VILLEFRANCHE-SUR-SAONE;45.997;4.734;R;E10;5;2026-10-07 08:58:48;2.217
69658001;zac du garet;VILLEFRANCHE-SUR-SAONE;45.997;4.734;R;SP98;6;2026-10-07 08:58:48;2.282
62170003;Route Nationale;ATTIN;50.483;1.758;R;Gazole;1;2026-10-07 10:09:00;2.329
62170003;Route Nationale;ATTIN;50.483;1.758;R;SP95;2;2026-10-07 10:09:00;2.197
62170003;Route Nationale;ATTIN;50.483;1.758;R;E85;3;2026-10-07 10:09:00;0.845
62170003;Route Nationale;ATTIN;50.483;1.758;R;E10;5;2026-10-07 10:09:00;2.144
27290001;LIEUDIT PONT JOLY CD47;Saint-Philbert-sur-Risle;49.29473;0.65939;R;Gazole;1;2026-10-07 08:30:00;2.349
27290001;LIEUDIT PONT JOLY CD47;Saint-Philbert-sur-Risle;49.29473;0.65939;R;E10;5;2026-10-07 08:30:00;2.129
14120002;8 Avenue Pierre Mendès France;Mondeville;49.172;-0.33;R;E10;5;2026-10-07 10:29:54;1.99
17138006;AIRE DE SERVICE - RN 11;PUILBOREAU;46.177;-1.103;R;Gazole;1;2026-10-07 00:01:00;2.229
17138006;AIRE DE SERVICE - RN 11;PUILBOREAU;46.177;-1.103;R;E85;3;2026-10-07 00:01:00;0.887
17138006;AIRE DE SERVICE - RN 11;PUILBOREAU;46.177;-1.103;R;GPLc;4;2026-10-07 00:01:00;0.991
17138006;AIRE DE SERVICE - RN 11;PUILBOREAU;46.177;-1.103;R;E10;5;2026-10-07 00:01:00;1.99
17138006;AIRE DE SERVICE - RN 11;PUILBOREAU;46.177;-1.103;R;SP98;6;2026-10-07 00:01:00;1.99
20222001;CAMPINCA;Brando;42.765;9.469;R;Gazole;1;2026-10-07 06:37:58;2.32
94500007;156 Rue Alexandre Fourny;Champigny-sur-Marne;48.82;2.531;R;Gazole;1;2026-10-07 05:00:00;2.326
94500007;156 Rue Alexandre Fourny;Champigny-sur-Marne;48.82;2.531;R;SP95;2;2026-10-07 05:00:00;2.185
94500007;156 Rue Alexandre Fourny;Champigny-sur-Marne;48.82;2.531;R;E10;5;2026-10-07 05:00:00;2.149
94500007;156 Rue Alexandre Fourny;Champigny-sur-Marne;48.82;2.531;R;SP98;6;2026-10-07 05:00:00;2.23
67960001;5, Allée des Forgerons;ENTZHEIM;48.539;7.649;R;Gazole;1;2026-10-07 10:12:17;2.449
91700006;70 ROUTE DE CORBEIL;Sainte-Geneviève-des-Bois;48.642180599999996;2.3286010999999998;R;Gazole;1;2026-10-07 00:01:00;2.25
11400008;129 AVENUE MONSEIGNEUR DELANGLE;Castelnaudary;43.315;1.96;R;Gazole;1;2026-10-07 09:21:22;2.379
17480003;Lieu dit la Beaucousière;Le Château-d'Oléron;45.879273256827;-1.2196129659261;R;Gazole;1;2026-10-07 09:37:04;2.28
17480003;Lieu dit la Beaucousière;Le Château-d'Oléron;45.879273256827;-1.2196129659261;R;SP95;2;2026-10-07 09:37:05;2.145
17480003;Lieu dit la Beaucousière;Le Château-d'Oléron;45.879273256827;-1.2196129659261;R;SP98;6;2026-10-07 09:37:05;2.195
28120002;48 avenue Marcel Proust;ILLIERS-COMBRAY;48.305;1.257;R;Gazole;1;2026-10-07 09:37:44;2.299
28120002;48 avenue Marcel Proust;ILLIERS-COMBRAY;48.305;1.257;R;SP98;6;2026-10-07 09:42:16;2.239
14500005;Route de conde sur Noireau;VIRE;48.842;-0.886;R;Gazole;1;2026-10-07 09:59:00;2.347
14500005;Route de conde sur Noireau;VIRE;48.842;-0.886;R;E85;3;2026-10-07 09:59:00;0.868
14500005;Route de conde sur Noireau;VIRE;48.842;-0.886;R;E10;5;2026-10-07 09:59:00;2.143
14500005;Route de conde sur Noireau;VIRE;48.842;-0.886;R;SP98;6;2026-10-07 09:59:00;2.246
38300008;Avenue Henri Barbusse;BOURGOIN-JALLIEU;45.594;5.269;R;Gazole;1;2026-10-07 09:41:00;2.34
38300008;Avenue Henri Barbusse;BOURGOIN-JALLIEU;45.594;5.269;R;SP95;2;2026-10-07 09:41:00;2.224
38300008;Avenue Henri Barbusse;BOURGOIN-JALLIEU;45.594;5.269;R;E85;3;2026-10-07 09:41:00;0.852
38300008;Avenue Henri Barbusse;BOURGOIN-JALLIEU;45.594;5.269;R;GPLc;4;2026-10-07 09:41:00;0.997
38300008;Avenue Henri Barbusse;BOURGOIN-JALLIEU;45.594;5.269;R;E10;5;2026-10-07 09:41:00;2.159
38300008;Avenue Henri Barbusse;BOURGOIN-JALLIEU;45.594;5.269;R;SP98;6;2026-10-07 09:41:00;2.284
64990001;RELAIS DES HIRONDELLES;SAINT-PIERRE-D'IRUBE;43.478;-1.457;R;Gazole;1;2026-10-07 08:48:30;2.25
64990001;RELAIS DES HIRONDELLES;SAINT-PIERRE-D'IRUBE;43.478;-1.457;R;E10;5;2026-10-07 08:48:30;1.99
64990001;RELAIS DES HIRONDELLES;SAINT-PIERRE-D'IRUBE;43.478;-1.457;R;SP98;6;2026-10-07 08:48:30;1.99
76120002;c cial du bois cany;Le Grand-Quevilly;49.418;1.046;R;Gazole;1;2026-10-07 01:00:00;2.289
76120002;c cial du bois cany;Le Grand-Quevilly;49.418;1.046;R;SP95;2;2026-10-07 01:00:00;2.169
76120002;c cial du bois cany;Le Grand-Quevilly;49.418;1.046;R;E85;3;2026-10-07 01:00:00;0.939
76120002;c cial du bois cany;Le Grand-Quevilly;49.418;1.046;R;E10;5;2026-10-07 01:00:00;2.139
76120002;c cial du bois cany;Le Grand-Quevilly;49.418;1.046;R;SP98;6;2026-10-07 01:00:00;2.199
27000008;BD. DE NORMANDIE;EVREUX;49.021;1.138;R;Gazole;1;2026-10-07 00:01:00;2.25
27000008;BD. DE NORMANDIE;EVREUX;49.021;1.138;R;E85;3;2026-10-07 00:01:00;0.895
27000008;BD. DE NORMANDIE;EVREUX;49.021;1.138;R;E10;5;2026-10-07 00:01:00;1.99
27000008;BD. DE NORMANDIE;EVREUX;49.021;1.138;R;SP98;6;2026-10-07 08:53:01;1.99
13100017;AVENUE HENRI MAURIAT;Aix-en-Provence;43.516;5.466;R;Gazole;1;2026-10-07 00:01:00;2.25
13100017;AVENUE HENRI MAURIAT;Aix-en-Provence;43.516;5.466;R;E85;3;2026-10-07 00:01:00;0.909
13100017;AVENUE HENRI MAURIAT;Aix-en-Provence;43.516;5.466;R;E10;5;2026-10-07 00:01:00;1.99
77260004;Avenue de Rebais;LA FERTé-SOUS-JOUARRE;48.9383414;3.1277923;R;Gazole;1;2026-10-07 08:48:27;2.288
77260004;Avenue de Rebais;LA FERTé-SOUS-JOUARRE;48.9383414;3.1277923;R;E85;3;2026-10-07 08:48:27;0.859
77260004;Avenue de Rebais;LA FERTé-SOUS-JOUARRE;48.9383414;3.1277923;R;E10;5;2026-10-07 08:48:27;2.127
77260004;Avenue de Rebais;LA FERTé-SOUS-JOUARRE;48.9383414;3.1277923;R;SP98;6;2026-10-07 08:48:27;2.297
76190001;97 Avenue René Coty;Sainte-Marie-des-Champs;49.624;0.779;R;E85;3;2026-10-07 08:04:35;0.873
17350006;A10 - AIRE DE FENIOUX OUEST;FENIOUX;45.894721569803;-0.60338845634462;A;Gazole;1;2026-10-07 00:01:00;2.664
17350006;A10 - AIRE DE FENIOUX OUEST;FENIOUX;45.894721569803;-0.60338845634462;A;E85;3;2026-10-07 00:01:00;1.094
17350006;A10 - AIRE DE FENIOUX OUEST;FENIOUX;45.894721569803;-0.60338845634462;A;GPLc;4;2026-10-07 00:01:00;1.149
17350006;A10 - AIRE DE FENIOUX OUEST;FENIOUX;45.894721569803;-0.60338845634462;A;E10;5;2026-10-07 00:01:00;2.444
17350006;A10 - AIRE DE FENIOUX OUEST;FENIOUX;45.894721569803;-0.60338845634462;A;SP98;6;2026-10-07 00:01:00;2.544
44190007;Route de Gorges;Clisson;47.095;-1.292;R;Gazole;1;2026-10-07 07:29:20;2.329
44190007;Route de Gorges;Clisson;47.095;-1.292;R;SP95;2;2026-10-07 07:29:20;2.229
44190007;Route de Gorges;Clisson;47.095;-1.292;R;SP98;6;2026-10-07 07:29:20;2.299
95570003;Route Nationale 1;MOISSELLES;49.041;2.342;R;Gazole;1;2026-10-07 10:06:00;2.354
95570003;Route Nationale 1;MOISSELLES;49.041;2.342;R;SP95;2;2026-10-07 10:06:00;2.198
95570003;Route Nationale 1;MOISSELLES;49.041;2.342;R;E85;3;2026-10-07 10:06:00;0.873
95570003;Route Nationale 1;MOISSELLES;49.041;2.342;R;E10;5;2026-10-07 10:06:00;2.168
95570003;Route Nationale 1;MOISSELLES;49.041;2.342;R;SP98;6;2026-10-07 10:06:00;2.234
92340002;18 BD MARECHAL JOFFRE;Bourg-la-Reine;48.786;2.317;R;Gazole;1;2026-10-07 00:01:00;2.25
92340002;18 BD MARECHAL JOFFRE;Bourg-la-Reine;48.786;2.317;R;E10;5;2026-10-07 00:01:00;1.99
93100015;86 RUE DE PARIS;MONTREUIL;48.857;2.43;R;Gazole;1;2026-10-07 00:01:00;2.25
93100015;86 RUE DE PARIS;MONTREUIL;48.857;2.43;R;E10;5;2026-10-07 00:01:00;1.99
69126001;369 Route Neuve;Brindas;45.729;4.703;R;Gazole;1;2026-10-07 10:55:06;2.378
69126001;369 Route Neuve;Brindas;45.729;4.703;R;SP95;2;2026-10-07 10:55:07;2.238
69126001;369 Route Neuve;Brindas;45.729;4.703;R;E10;5;2026-10-07 10:55:07;2.188
69126001;369 Route Neuve;Brindas;45.729;4.703;R;SP98;6;2026-10-07 10:55:07;2.298
11000005;13 Allée d'Iéna;Carcassonne;43.211;2.345;R;Gazole;1;2026-10-07 10:01:00;2.393
11000005;13 Allée d'Iéna;Carcassonne;43.211;2.345;R;E10;5;2026-10-07 10:01:00;2.202
11000005;13 Allée d'Iéna;Carcassonne;43.211;2.345;R;SP98;6;2026-10-07 10:01:00;2.282
50100007;RUE DE LA SALINE;Cherbourg-octeville;49.635;-1.615;R;Gazole;1;2026-10-07 00:01:00;2.25
50100007;RUE DE LA SALINE;Cherbourg-octeville;49.635;-1.615;R;E85;3;2026-10-07 00:01:00;0.913
50100007;RUE DE LA SALINE;Cherbourg-octeville;49.635;-1.615;R;E10;5;2026-10-07 00:01:00;1.99
69008007;131 RUE MARIUS BERLIET;LYON;45.737;4.869;R;Gazole;1;2026-10-07 00:01:00;2.25
69008007;131 RUE MARIUS BERLIET;LYON;45.737;4.869;R;E10;5;2026-10-07 00:01:00;1.99
69008007;131 RUE MARIUS BERLIET;LYON;45.737;4.869;R;SP98;6;2026-10-07 00:01:00;1.99
25390001;RUE DE LA VERDOLLE;ORCHAMPS-VENNES;47.129;6.522;R;Gazole;1;2026-10-07 06:56:47;2.357
25390001;RUE DE LA VERDOLLE;ORCHAMPS-VENNES;47.129;6.522;R;SP95;2;2026-10-07 06:56:47;2.208
25390001;RUE DE LA VERDOLLE;ORCHAMPS-VENNES;47.129;6.522;R;SP98;6;2026-10-07 06:56:47;2.343
80500003;Rue de Roye;MONTDIDIER;49.64844;2.58299;R;Gazole;1;2026-10-07 08:22:55;2.349
63110002;rue des Frères Lumière;BEAUMONT;45.745;3.09;R;SP98;6;2026-10-07 09:17:10;2.233
39220006;ROUTE DU GENIE;LES ROUSSES;46.486;6.055;R;Gazole;1;2026-10-07 10:40:07;2.379
38500001;Z.A DES BLANCHISSERIES;VOIRON;45.385;5.578;R;Gazole;1;2026-10-07 10:04:14;2.386
38500001;Z.A DES BLANCHISSERIES;VOIRON;45.385;5.578;R;SP95;2;2026-10-07 10:04:14;2.258
38500001;Z.A DES BLANCHISSERIES;VOIRON;45.385;5.578;R;SP98;6;2026-10-07 10:04:15;2.306
25370002;52, route de Lausanne;Les Hôpitaux-Neufs;46.77182;6.37855;R;Gazole;1;2026-10-07 07:48:41;2.299
63350002;Route de Clermont-Ferrand;MARINGUES;45.919;3.33;R;E10;5;2026-10-07 07:10:10;1.99
63350002;Route de Clermont-Ferrand;MARINGUES;45.919;3.33;R;SP98;6;2026-10-07 07:10:10;1.99
95480003;AUTOROUTE A15 - AIRE DE PIERRELAYE;PIERRELAYE;49.013;2.149;A;Gazole;1;2026-10-07 00:01:00;2.25
95480003;AUTOROUTE A15 - AIRE DE PIERRELAYE;PIERRELAYE;49.013;2.149;A;E10;5;2026-10-07 00:01:00;1.99
95480003;AUTOROUTE A15 - AIRE DE PIERRELAYE;PIERRELAYE;49.013;2.149;A;SP98;6;2026-10-07 00:01:00;1.99
44410001;7 AVENUE DE LA MONNERAYE;HERBIGNAC;47.45;-2.314;R;Gazole;1;2026-10-07 09:59:00;2.339
44410001;7 AVENUE DE LA MONNERAYE;HERBIGNAC;47.45;-2.314;R;E85;3;2026-10-07 09:59:00;0.869
44410001;7 AVENUE DE LA MONNERAYE;HERBIGNAC;47.45;-2.314;R;E10;5;2026-10-07 09:59:00;2.129
44410001;7 AVENUE DE LA MONNERAYE;HERBIGNAC;47.45;-2.314;R;SP98;6;2026-10-07 09:59:00;2.229
69200009;RTE DE CORBAS - RD 57;VENISSIEUX;45.69;4.891;R;Gazole;1;2026-10-07 00:01:00;2.25
38340012;RN 75 CRUE DE MOIRANS;VOREPPE;45.305;5.623;R;Gazole;1;2026-10-07 00:01:00;2.25
38340012;RN 75 CRUE DE MOIRANS;VOREPPE;45.305;5.623;R;E85;3;2026-10-07 00:01:00;0.902
38340012;RN 75 CRUE DE MOIRANS;VOREPPE;45.305;5.623;R;E10;5;2026-10-07 07:39:43;1.99
38340012;RN 75 CRUE DE MOIRANS;VOREPPE;45.305;5.623;R;SP98;6;2026-10-07 07:39:43;1.99
14800005;Route de Paris;TOUQUES;49.35023;0.09044;R;Gazole;1;2026-10-07 08:30:00;2.318
14800005;Route de Paris;TOUQUES;49.35023;0.09044;R;E85;3;2026-10-07 08:30:00;0.881
14800005;Route de Paris;TOUQUES;49.35023;0.09044;R;E10;5;2026-10-07 08:30:00;2.134
14800005;Route de Paris;TOUQUES;49.35023;0.09044;R;SP98;6;2026-10-07 08:30:00;2.227
83460002;Voie Jacques Prévert;Les Arcs;43.451;6.487;R;Gazole;1;2026-10-07 07:35:21;2.219
83460002;Voie Jacques Prévert;Les Arcs;43.451;6.487;R;SP95;2;2026-10-07 07:35:21;2.209
83460002;Voie Jacques Prévert;Les Arcs;43.451;6.487;R;E10;5;2026-10-07 07:35:21;2.169
83460002;Voie Jacques Prévert;Les Arcs;43.451;6.487;R;SP98;6;2026-10-07 07:35:21;2.219
72100012;146 AVENUE DU DR JEAN MAC;LE MANS;47.98;0.221;R;Gazole;1;2026-10-07 00:01:00;2.25
72100012;146 AVENUE DU DR JEAN MAC;LE MANS;47.98;0.221;R;GPLc;4;2026-10-07 00:01:00;0.944
72100012;146 AVENUE DU DR JEAN MAC;LE MANS;47.98;0.221;R;E10;5;2026-10-07 00:01:00;1.99
68320002;Route de Colmar;FORTSCHWIHR;48.096;7.44;R;Gazole;1;2026-10-07 09:37:13;2.379
68320002;Route de Colmar;FORTSCHWIHR;48.096;7.44;R;SP95;2;2026-10-07 09:37:13;2.199
68320002;Route de Colmar;FORTSCHWIHR;48.096;7.44;R;SP98;6;2026-10-07 09:37:13;2.269
1630004;ZA DU PRE MUNNY;PéRON;46.183;5.929;R;Gazole;1;2026-10-07 08:35:00;2.359
1630004;ZA DU PRE MUNNY;PéRON;46.183;5.929;R;E10;5;2026-10-07 08:35:00;2.185
1630004;ZA DU PRE MUNNY;PéRON;46.183;5.929;R;SP98;6;2026-10-07 08:35:00;2.269
1700003;RN 83;Miribel;45.871;4.912;R;Gazole;1;2026-10-07 07:31:00;2.394
1700003;RN 83;Miribel;45.871;4.912;R;E10;5;2026-10-07 07:31:00;2.218
1700003;RN 83;Miribel;45.871;4.912;R;SP98;6;2026-10-07 07:31:00;2.345
85500002;AVENUE DE LA MAINE;LES HERBIERS;46.875;-1.025;R;Gazole;1;2026-10-07 08:50:00;2.288
48100002;Boulevard Maréchal Foch;Marvejols;44.55129363138;3.2911064193346;R;Gazole;1;2026-10-07 09:52:25;2.409
53000010;BLD DES TRAPPISTINES;LAVAL;48.05963;-0.77497;R;GPLc;4;2026-10-07 00:01:00;0.964
31820001;CD 65 Route de Toulouse;Pibrac;43.60785;1.28404;R;SP95;2;2026-10-07 10:53:54;2.205
31820001;CD 65 Route de Toulouse;Pibrac;43.60785;1.28404;R;E10;5;2026-10-07 10:53:54;2.189
31820001;CD 65 Route de Toulouse;Pibrac;43.60785;1.28404;R;SP98;6;2026-10-07 10:53:55;2.279
59600006;4 Boulevard de l'europe;Maubeuge;50.282;3.97;R;Gazole;1;2026-10-07 00:01:00;2.25
59600006;4 Boulevard de l'europe;Maubeuge;50.282;3.97;R;E10;5;2026-10-07 00:01:00;1.99
42290001;2 RUE DU MOULIN GILLIER;SORBIERS;45.481;4.444;R;Gazole;1;2026-10-07 10:18:10;2.333
42290001;2 RUE DU MOULIN GILLIER;SORBIERS;45.481;4.444;R;SP95;2;2026-10-07 10:18:10;2.213
42290001;2 RUE DU MOULIN GILLIER;SORBIERS;45.481;4.444;R;E85;3;2026-10-07 10:18:10;0.869
42290001;2 RUE DU MOULIN GILLIER;SORBIERS;45.481;4.444;R;E10;5;2026-10-07 10:18:10;2.168
42290001;2 RUE DU MOULIN GILLIER;SORBIERS;45.481;4.444;R;SP98;6;2026-10-07 10:18:10;2.299
49400006;ZAC DU CHAMP BLANCHARD RUE DE L'AVENIR;DISTRE;47.231;-0.117;R;Gazole;1;2026-10-07 10:38:01;2.329
49400006;ZAC DU CHAMP BLANCHARD RUE DE L'AVENIR;DISTRE;47.231;-0.117;R;E10;5;2026-10-07 10:38:01;2.119
49400006;ZAC DU CHAMP BLANCHARD RUE DE L'AVENIR;DISTRE;47.231;-0.117;R;SP98;6;2026-10-07 10:38:01;2.239
58190002;Avenue de la Fringale;Tannay;47.367420631951;3.5863480369895;R;Gazole;1;2026-10-07 10:40:53;2.349
58190002;Avenue de la Fringale;Tannay;47.367420631951;3.5863480369895;R;SP95;2;2026-10-07 10:40:53;2.249
58190002;Avenue de la Fringale;Tannay;47.367420631951;3.5863480369895;R;SP98;6;2026-10-07 10:40:53;2.309
67840002;CHEMIN DEPARTEMENTAL 468;KILSTETT;48.677;7.849;R;Gazole;1;2026-10-07 10:31:22;2.25
67840002;CHEMIN DEPARTEMENTAL 468;KILSTETT;48.677;7.849;R;E10;5;2026-10-07 10:31:23;1.99
69009008;100 AVENUE BARTHELEMY BUYER;LYON;45.762;4.803;R;Gazole;1;2026-10-07 00:01:00;2.25
11000015;ROUTE DE LIMOUX RN 118;CARCASSONNE;43.197;2.323;R;GPLc;4;2026-10-07 06:38:50;1.039
49100003;BD HENRI DUNANT;ANGERS;47.483;-0.527;R;E85;3;2026-10-07 00:01:00;0.909
68000018;ANGLE AV CLEMENCEAU 34 RTE DE BALE;COLMAR;48.065;7.367;R;E85;3;2026-10-07 07:24:31;0.936
68000018;ANGLE AV CLEMENCEAU 34 RTE DE BALE;COLMAR;48.065;7.367;R;E10;5;2026-10-07 07:24:31;1.99
49140001;Lieu-dit L'Aurore;Corzé;47.571;-0.358;R;Gazole;1;2026-10-07 09:32:34;2.349
59554005;16 BIS, ROUTE DE BAPAUME;RAILLENCOURT STE OLLE;50.176;3.204;R;Gazole;1;2026-10-07 05:57:06;2.25
59554005;16 BIS, ROUTE DE BAPAUME;RAILLENCOURT STE OLLE;50.176;3.204;R;SP98;6;2026-10-07 05:57:06;1.99
76800009;63 AVENUE DES CANADIENS;Saint-Étienne-du-Rouvray;49.394;1.06;R;Gazole;1;2026-10-07 00:01:00;2.25
59400007;2, RUE DE CAUDRY;CAMBRAI;50.167;3.238;R;Gazole;1;2026-10-07 00:01:00;2.25
59400007;2, RUE DE CAUDRY;CAMBRAI;50.167;3.238;R;E85;3;2026-10-07 00:01:00;0.875
59400007;2, RUE DE CAUDRY;CAMBRAI;50.167;3.238;R;E10;5;2026-10-07 00:01:00;1.99
67380001;Rue d'Eckbolsheim;LINGOLSHEIM;48.563;7.69;R;Gazole;1;2026-10-07 10:11:52;2.429
67380001;Rue d'Eckbolsheim;LINGOLSHEIM;48.563;7.69;R;SP98;6;2026-10-07 10:11:52;2.389
80300006;164 AV DU GENERAL FAIDHERBE;ALBERT;50.008;2.666;R;Gazole;1;2026-10-07 10:16:30;2.25
80300006;164 AV DU GENERAL FAIDHERBE;ALBERT;50.008;2.666;R;E10;5;2026-10-07 10:16:30;1.99
80300006;164 AV DU GENERAL FAIDHERBE;ALBERT;50.008;2.666;R;SP98;6;2026-10-07 10:16:30;1.99
44470006;RN 23 ROUTE DE PARIS;CARQUEFOU;47.266;-1.488;R;Gazole;1;2026-10-07 10:41:41;2.25
44470006;RN 23 ROUTE DE PARIS;CARQUEFOU;47.266;-1.488;R;E85;3;2026-10-07 08:53:38;0.892
44470006;RN 23 ROUTE DE PARIS;CARQUEFOU;47.266;-1.488;R;GPLc;4;2026-10-07 08:53:38;0.929
78150012;90/94 RUE DE VERSAILLES;LE CHESNAY;48.823;2.128;R;Gazole;1;2026-10-07 00:01:00;2.25
71600008;le mont;Vitry-en-Charollais;46.464;4.086;R;Gazole;1;2026-10-07 08:00:36;2.339
57500001;Avenue du Général Patton;SAINT-AVOLD;49.116;6.708;R;Gazole;1;2026-10-07 09:01:43;2.25
57500001;Avenue du Général Patton;SAINT-AVOLD;49.116;6.708;R;E85;3;2026-10-07 09:01:43;0.937
57500001;Avenue du Général Patton;SAINT-AVOLD;49.116;6.708;R;E10;5;2026-10-07 09:01:44;1.99
24650001;16, Rue des Fleurs;Chancelade;45.2;0.668;R;Gazole;1;2026-10-07 10:00:36;2.319
24650001;16, Rue des Fleurs;Chancelade;45.2;0.668;R;E10;5;2026-10-07 10:00:36;2.119
24650001;16, Rue des Fleurs;Chancelade;45.2;0.668;R;SP98;6;2026-10-07 10:00:36;2.224
94310002;8 Place Gaston Viens;Orly;48.743;2.408;R;Gazole;1;2026-10-07 08:59:58;2.295
94310002;8 Place Gaston Viens;Orly;48.743;2.408;R;SP95;2;2026-10-07 08:59:58;2.16
94310002;8 Place Gaston Viens;Orly;48.743;2.408;R;E10;5;2026-10-07 08:59:58;2.13
77780003;RN 7;Bourron-Marlotte;48.328;2.687;R;Gazole;1;2026-10-07 06:31:35;2.25
77780003;RN 7;Bourron-Marlotte;48.328;2.687;R;E10;5;2026-10-07 06:31:35;1.99
11100009;40 Boulevard Frédéric Mistral;Narbonne;43.187;3.004;R;Gazole;1;2026-10-07 07:31:00;2.375
11100009;40 Boulevard Frédéric Mistral;Narbonne;43.187;3.004;R;E85;3;2026-10-07 07:31:00;1.062
11100009;40 Boulevard Frédéric Mistral;Narbonne;43.187;3.004;R;E10;5;2026-10-07 07:31:00;2.198
11100009;40 Boulevard Frédéric Mistral;Narbonne;43.187;3.004;R;SP98;6;2026-10-07 07:31:00;2.297
33390001;51 Pontet Sud Est;EYRANS;45.19;-0.619;R;Gazole;1;2026-10-07 06:54:56;2.25
88140003;Rue François de Neufchâteau;Contrexéville;48.188461950599;5.8833742557768;R;Gazole;1;2026-10-07 09:01:32;2.379
88130001;10 Rue René Didierjean;CHARMES;48.372797365699995;6.282220107190001;R;Gazole;1;2026-10-07 10:40:21;2.379
88130001;10 Rue René Didierjean;CHARMES;48.372797365699995;6.282220107190001;R;SP98;6;2026-10-07 10:40:22;2.339
71000022;AVENUE EDOUARD HERRIOT;MACON;46.3;4.829;R;Gazole;1;2026-10-07 00:01:00;2.25
71000022;AVENUE EDOUARD HERRIOT;MACON;46.3;4.829;R;E10;5;2026-10-07 00:01:00;1.99
71000022;AVENUE EDOUARD HERRIOT;MACON;46.3;4.829;R;SP98;6;2026-10-07 00:01:00;1.99
4204001;50 allée des Genêts BP 200;SISTERON;44.237;5.914;R;Gazole;1;2026-10-07 09:44:55;2.329
4204001;50 allée des Genêts BP 200;SISTERON;44.237;5.914;R;E85;3;2026-10-07 09:30:48;0.879
76120008;38, AVENUE DES CANADIENS;Le Grand-Quevilly;49.401;1.065;R;Gazole;1;2026-10-07 00:01:00;2.25
76120008;38, AVENUE DES CANADIENS;Le Grand-Quevilly;49.401;1.065;R;GPLc;4;2026-10-07 00:01:00;0.999
59300016;27 BD SALY;VALENCIENNES;50.35369;3.52025;R;Gazole;1;2026-10-07 00:01:00;2.25
59300016;27 BD SALY;VALENCIENNES;50.35369;3.52025;R;E85;3;2026-10-07 00:01:00;0.871
59300016;27 BD SALY;VALENCIENNES;50.35369;3.52025;R;E10;5;2026-10-07 00:01:00;1.99
16300005;Avenue de l'Europe;Barbezieux-Saint-Hilaire;45.466;-0.164;R;Gazole;1;2026-10-07 09:31:16;2.31
62250010;AUTOROUTE A16 - AIRE DE L'EPITRE;BEUVREQUEN;50.785;1.694;A;Gazole;1;2026-10-07 00:01:00;2.25
62250010;AUTOROUTE A16 - AIRE DE L'EPITRE;BEUVREQUEN;50.785;1.694;A;E85;3;2026-10-07 00:01:00;0.861
62250010;AUTOROUTE A16 - AIRE DE L'EPITRE;BEUVREQUEN;50.785;1.694;A;E10;5;2026-10-07 00:01:00;1.99
62250010;AUTOROUTE A16 - AIRE DE L'EPITRE;BEUVREQUEN;50.785;1.694;A;SP98;6;2026-10-07 00:01:00;1.99
59300015;9-12 RUE E. MACAREZ;VALENCIENNES;50.369;3.532;R;Gazole;1;2026-10-07 00:01:00;2.25
59300015;9-12 RUE E. MACAREZ;VALENCIENNES;50.369;3.532;R;E85;3;2026-10-07 00:01:00;0.865
59300015;9-12 RUE E. MACAREZ;VALENCIENNES;50.369;3.532;R;E10;5;2026-10-07 00:01:00;1.99
59300015;9-12 RUE E. MACAREZ;VALENCIENNES;50.369;3.532;R;SP98;6;2026-10-07 00:01:00;1.99
42390001;Chemin de Montravel;Villars;45.473;4.342;R;Gazole;1;2026-10-07 10:00:44;2.328
42390001;Chemin de Montravel;Villars;45.473;4.342;R;E85;3;2026-10-07 10:00:44;0.879
42390001;Chemin de Montravel;Villars;45.473;4.342;R;E10;5;2026-10-07 10:00:44;2.167
27930005;RN 154 Caër;Normanville;49.06757;1.17164;R;Gazole;1;2026-10-07 08:34:04;2.309
27930005;RN 154 Caër;Normanville;49.06757;1.17164;R;SP95;2;2026-10-07 08:34:05;2.163
27930005;RN 154 Caër;Normanville;49.06757;1.17164;R;E10;5;2026-10-07 08:34:05;2.149
27930005;RN 154 Caër;Normanville;49.06757;1.17164;R;SP98;6;2026-10-07 08:34:05;2.233
60150003;ZAC DU GROS GRELOT;THOUROTTE;49.479;2.868;R;Gazole;1;2026-10-07 08:28:47;2.359
60150003;ZAC DU GROS GRELOT;THOUROTTE;49.479;2.868;R;E85;3;2026-10-07 08:28:48;0.869
60150003;ZAC DU GROS GRELOT;THOUROTTE;49.479;2.868;R;GPLc;4;2026-10-07 08:28:48;0.999
60150003;ZAC DU GROS GRELOT;THOUROTTE;49.479;2.868;R;E10;5;2026-10-07 08:28:48;2.149
60150003;ZAC DU GROS GRELOT;THOUROTTE;49.479;2.868;R;SP98;6;2026-10-07 08:28:48;2.288
13500006;4 Avenue des Ormeaux;Martigues;43.411;5.026;R;Gazole;1;2026-10-07 11:07:21;2.339
13500006;4 Avenue des Ormeaux;Martigues;43.411;5.026;R;E10;5;2026-10-07 11:07:21;2.129
13500006;4 Avenue des Ormeaux;Martigues;43.411;5.026;R;SP98;6;2026-10-07 11:07:22;2.256
93000010;54 AVENUE LOUIS ARAGON;BOBIGNY;48.914;2.441;R;Gazole;1;2026-10-07 00:01:00;2.25
93000010;54 AVENUE LOUIS ARAGON;BOBIGNY;48.914;2.441;R;E10;5;2026-10-07 00:01:00;1.99
93000010;54 AVENUE LOUIS ARAGON;BOBIGNY;48.914;2.441;R;SP98;6;2026-10-07 00:01:00;1.99
27950001;RN 15;la chapelle de longueville;49.11;1.451;R;Gazole;1;2026-10-07 08:08:20;2.25
27950001;RN 15;la chapelle de longueville;49.11;1.451;R;E10;5;2026-10-07 08:08:20;1.99
27950001;RN 15;la chapelle de longueville;49.11;1.451;R;SP98;6;2026-10-07 08:08:20;1.99
37200004;32 ROUTE DE ST AVERTIN;TOURS;47.365;0.711;R;Gazole;1;2026-10-07 00:01:00;2.25
37200004;32 ROUTE DE ST AVERTIN;TOURS;47.365;0.711;R;E85;3;2026-10-07 00:01:00;0.895
37200004;32 ROUTE DE ST AVERTIN;TOURS;47.365;0.711;R;E10;5;2026-10-07 00:01:00;1.99
87100010;BOULEVARD DE BEL AIR;LIMOGES;45.8214654804;1.24194302558;R;E85;3;2026-10-07 00:01:00;0.912
69009007;111 RUE MARIETTON;LYON;45.774985870102;4.794280054244901;R;Gazole;1;2026-10-07 00:01:00;2.25
69009007;111 RUE MARIETTON;LYON;45.774985870102;4.794280054244901;R;E10;5;2026-10-07 00:01:00;1.99
69009007;111 RUE MARIETTON;LYON;45.774985870102;4.794280054244901;R;SP98;6;2026-10-07 00:01:00;1.99
30400005;97 AVENUE GÉNÉRAL LECLERC;Villeneuve-lès-Avignon;43.958;4.778;R;Gazole;1;2026-10-07 00:01:00;2.25
11100008;Avenue de la Croix Sud - PL uniquement;Narbonne;43.163;2.989;R;Gazole;1;2026-10-07 07:31:00;2.354
31470005;95 Avenue du Languedoc;SAINT-LYS;43.51195;1.18972;R;Gazole;1;2026-10-07 09:21:51;2.319
31470005;95 Avenue du Languedoc;SAINT-LYS;43.51195;1.18972;R;E10;5;2026-10-07 09:21:52;2.169
31470005;95 Avenue du Languedoc;SAINT-LYS;43.51195;1.18972;R;SP98;6;2026-10-07 09:21:52;2.289
33610008;A63 Sens Bordeaux Bayonne;Cestas;44.746;-0.703;A;Gazole;1;2026-10-07 09:30:00;2.549
33610008;A63 Sens Bordeaux Bayonne;Cestas;44.746;-0.703;A;E10;5;2026-10-07 09:30:00;2.487
33610008;A63 Sens Bordeaux Bayonne;Cestas;44.746;-0.703;A;SP98;6;2026-10-07 09:30:00;2.637
47300003;Route de Fumel;Villeneuve-sur-Lot;44.408;0.735;R;Gazole;1;2026-10-07 10:53:00;2.349
47300003;Route de Fumel;Villeneuve-sur-Lot;44.408;0.735;R;SP95;2;2026-10-07 10:53:00;2.209
47300003;Route de Fumel;Villeneuve-sur-Lot;44.408;0.735;R;E10;5;2026-10-07 10:53:00;2.168
47300003;Route de Fumel;Villeneuve-sur-Lot;44.408;0.735;R;SP98;6;2026-10-07 10:53:00;2.258
44100006;57 A 61, BD DU TERTRE;NANTES;47.216;-1.606;R;Gazole;1;2026-10-07 00:01:00;2.25
13127010;1 ZAC ANJOLY AV. D'ITALIE;VITROLLES;43.42063;5.26826;R;Gazole;1;2026-10-07 00:01:00;2.25
13127010;1 ZAC ANJOLY AV. D'ITALIE;VITROLLES;43.42063;5.26826;R;GPLc;4;2026-10-07 00:01:00;0.995
13127010;1 ZAC ANJOLY AV. D'ITALIE;VITROLLES;43.42063;5.26826;R;E10;5;2026-10-07 00:01:00;1.99
13127010;1 ZAC ANJOLY AV. D'ITALIE;VITROLLES;43.42063;5.26826;R;SP98;6;2026-10-07 00:01:00;1.99
13700005;Chemin Saint Pierre;Marignane;43.412;5.207;R;Gazole;1;2026-10-07 08:30:00;2.249
91540004;Rue Jean Cocteau;Mennecy;48.566388654797;2.4507039061738;R;Gazole;1;2026-10-07 09:25:12;2.315
91540004;Rue Jean Cocteau;Mennecy;48.566388654797;2.4507039061738;R;E10;5;2026-10-07 09:25:12;2.159
91540004;Rue Jean Cocteau;Mennecy;48.566388654797;2.4507039061738;R;SP98;6;2026-10-07 09:25:12;2.279
18103001;1 Rue du Mouton;Vierzon;47.231;2.088;R;Gazole;1;2026-10-07 08:31:47;2.349
44119005;ROUTE NATIONALE 137 - AIRE DE LAMBRECY EST (sens Nantes => Rennes);TREILLIERES;47.336;-1.652;R;Gazole;1;2026-10-07 00:01:00;2.25
44119005;ROUTE NATIONALE 137 - AIRE DE LAMBRECY EST (sens Nantes => Rennes);TREILLIERES;47.336;-1.652;R;E85;3;2026-10-07 00:01:00;0.999
44119005;ROUTE NATIONALE 137 - AIRE DE LAMBRECY EST (sens Nantes => Rennes);TREILLIERES;47.336;-1.652;R;GPLc;4;2026-10-07 00:01:00;1.068
44119005;ROUTE NATIONALE 137 - AIRE DE LAMBRECY EST (sens Nantes => Rennes);TREILLIERES;47.336;-1.652;R;E10;5;2026-10-07 00:01:00;1.99
28170001;route du mans;THIMERT-GâTELLES;48.577;1.239;R;Gazole;1;2026-10-07 08:53:43;2.349
28170001;route du mans;THIMERT-GâTELLES;48.577;1.239;R;E10;5;2026-10-07 08:53:43;2.171
28170001;route du mans;THIMERT-GâTELLES;48.577;1.239;R;SP98;6;2026-10-07 08:53:44;2.27
79800011;AUTOROUTE A10 - AIRE DE ROUILLÉ PAMPROUX NORD;PAMPROUX;46.452808096855;-0.017796282903112998;A;Gazole;1;2026-10-07 00:01:00;2.25
79800011;AUTOROUTE A10 - AIRE DE ROUILLÉ PAMPROUX NORD;PAMPROUX;46.452808096855;-0.017796282903112998;A;E85;3;2026-10-07 00:01:00;0.999
79800011;AUTOROUTE A10 - AIRE DE ROUILLÉ PAMPROUX NORD;PAMPROUX;46.452808096855;-0.017796282903112998;A;GPLc;4;2026-10-07 00:01:00;1.088
79800011;AUTOROUTE A10 - AIRE DE ROUILLÉ PAMPROUX NORD;PAMPROUX;46.452808096855;-0.017796282903112998;A;E10;5;2026-10-07 00:01:00;1.99
79800011;AUTOROUTE A10 - AIRE DE ROUILLÉ PAMPROUX NORD;PAMPROUX;46.452808096855;-0.017796282903112998;A;SP98;6;2026-10-07 00:01:00;1.99
49160004;AUT A 85  AIRE LES COSSONIERES;Longué-Jumelles;47.418922120054;-0.13178209154551;A;Gazole;1;2026-10-07 09:30:00;2.615
49160004;AUT A 85  AIRE LES COSSONIERES;Longué-Jumelles;47.418922120054;-0.13178209154551;A;E10;5;2026-10-07 09:30:00;2.57
49160004;AUT A 85  AIRE LES COSSONIERES;Longué-Jumelles;47.418922120054;-0.13178209154551;A;SP98;6;2026-10-07 09:30:00;2.72
65100001;Rue Lucien Pourxet;LOURDES;43.088;-0.044;R;Gazole;1;2026-10-07 09:17:19;2.399
44450002;BD PASTEUR;LA CHAPELLE-BASSE-MER;47.269;-1.335;R;Gazole;1;2026-10-07 09:42:00;2.299
44450002;BD PASTEUR;LA CHAPELLE-BASSE-MER;47.269;-1.335;R;E10;5;2026-10-07 09:42:00;2.099
44450002;BD PASTEUR;LA CHAPELLE-BASSE-MER;47.269;-1.335;R;SP98;6;2026-10-07 09:42:00;2.219
4000004;8 avenue du 8 Mai 1945;Digne-les-Bains;44.0896;6.23748;R;Gazole;1;2026-10-07 10:03:55;2.36
4000004;8 avenue du 8 Mai 1945;Digne-les-Bains;44.0896;6.23748;R;SP95;2;2026-10-07 10:03:55;2.266
4000004;8 avenue du 8 Mai 1945;Digne-les-Bains;44.0896;6.23748;R;E10;5;2026-10-07 10:03:55;2.196
45160001;600 AVENUE DE VERDUN;OLIVET;47.869;1.911;R;Gazole;1;2026-10-07 09:27:37;2.349
45160001;600 AVENUE DE VERDUN;OLIVET;47.869;1.911;R;E85;3;2026-10-07 09:27:37;0.84
45160001;600 AVENUE DE VERDUN;OLIVET;47.869;1.911;R;GPLc;4;2026-10-07 09:27:37;0.999
45160001;600 AVENUE DE VERDUN;OLIVET;47.869;1.911;R;E10;5;2026-10-07 09:27:37;2.139
45160001;600 AVENUE DE VERDUN;OLIVET;47.869;1.911;R;SP98;6;2026-10-07 09:27:37;2.229
68510001;ZAC HOEL;Sierentz;47.664;7.445;R;Gazole;1;2026-10-07 09:08:15;2.416
2200015;9 ET 11 RUE DE VILLENEUVE;SOISSONS;49.371;3.341;R;Gazole;1;2026-10-07 00:01:00;2.25
2200015;9 ET 11 RUE DE VILLENEUVE;SOISSONS;49.371;3.341;R;GPLc;4;2026-10-07 00:01:00;0.991
2200015;9 ET 11 RUE DE VILLENEUVE;SOISSONS;49.371;3.341;R;E10;5;2026-10-07 00:01:00;1.99
21121007;BLD DES ALLOBROGES;Fontaine-lès-Dijon;47.336;5.032;R;Gazole;1;2026-10-07 00:01:00;2.25
79004001;68 Rue de Fontenay;Niort;46.33;-0.469;R;Gazole;1;2026-10-07 05:00:00;2.245
79004001;68 Rue de Fontenay;Niort;46.33;-0.469;R;SP95;2;2026-10-07 05:00:00;2.19
79004001;68 Rue de Fontenay;Niort;46.33;-0.469;R;E85;3;2026-10-07 05:00:00;0.817
95300004;11, AV DU GENERAL GABRIEL DELARUE;PONTOISE;49.045;2.096;R;Gazole;1;2026-10-07 00:01:00;2.25
95300004;11, AV DU GENERAL GABRIEL DELARUE;PONTOISE;49.045;2.096;R;E10;5;2026-10-07 00:01:00;1.99
64140004;78 Route de Bayonne;Billère;43.304;-0.4;R;Gazole;1;2026-10-07 09:24:22;2.369
64140004;78 Route de Bayonne;Billère;43.304;-0.4;R;E85;3;2026-10-07 09:24:22;0.869
64140004;78 Route de Bayonne;Billère;43.304;-0.4;R;E10;5;2026-10-07 09:24:22;2.167
64140004;78 Route de Bayonne;Billère;43.304;-0.4;R;SP98;6;2026-10-07 09:24:22;2.293
76500004;43 COURS CARNOT;ELBEUF;49.287;1.013;R;E85;3;2026-10-07 00:01:00;0.892
64170012;AIRE DE LACQ AUDEJOS SUD;LACQ AUDEJOS SUD;43.421426;-0.598996;A;Gazole;1;2026-10-07 00:01:00;2.669
64170012;AIRE DE LACQ AUDEJOS SUD;LACQ AUDEJOS SUD;43.421426;-0.598996;A;E85;3;2026-10-07 00:01:00;1.069
64170012;AIRE DE LACQ AUDEJOS SUD;LACQ AUDEJOS SUD;43.421426;-0.598996;A;GPLc;4;2026-10-07 00:01:00;1.149
64170012;AIRE DE LACQ AUDEJOS SUD;LACQ AUDEJOS SUD;43.421426;-0.598996;A;E10;5;2026-10-07 00:01:00;2.429
64170012;AIRE DE LACQ AUDEJOS SUD;LACQ AUDEJOS SUD;43.421426;-0.598996;A;SP98;6;2026-10-07 00:01:00;2.529
75007004;37 RUE FABERT;Paris;48.85862;2.31125;R;Gazole;1;2026-10-07 06:00:00;2.25
75007004;37 RUE FABERT;Paris;48.85862;2.31125;R;E10;5;2026-10-07 06:00:00;1.99
25200001;ROUTE DE BETHONCOURT;Montbéliard;47.527;6.81;R;Gazole;1;2026-10-07 10:34:25;2.434
25200001;ROUTE DE BETHONCOURT;Montbéliard;47.527;6.81;R;SP95;2;2026-10-07 10:34:25;2.298
25200001;ROUTE DE BETHONCOURT;Montbéliard;47.527;6.81;R;GPLc;4;2026-10-07 10:34:25;0.999
25200001;ROUTE DE BETHONCOURT;Montbéliard;47.527;6.81;R;E10;5;2026-10-07 10:34:26;2.27
25200001;ROUTE DE BETHONCOURT;Montbéliard;47.527;6.81;R;SP98;6;2026-10-07 10:34:26;2.37
76160003;1220 ROUTE DE GOURNAY;SAINT JACQUES SUR DARNETAL;49.4451337;1.1742042;R;Gazole;1;2026-10-07 01:00:00;2.299
76160003;1220 ROUTE DE GOURNAY;SAINT JACQUES SUR DARNETAL;49.4451337;1.1742042;R;E85;3;2026-10-07 01:00:00;0.909
76160003;1220 ROUTE DE GOURNAY;SAINT JACQUES SUR DARNETAL;49.4451337;1.1742042;R;E10;5;2026-10-07 01:00:00;2.169
59910001;AVENUE DU GENERAL DE GAULLE;BONDUES;50.706;3.10134;R;Gazole;1;2026-10-07 08:08:19;2.359
59910001;AVENUE DU GENERAL DE GAULLE;BONDUES;50.706;3.10134;R;E10;5;2026-10-07 08:08:19;2.154
59910001;AVENUE DU GENERAL DE GAULLE;BONDUES;50.706;3.10134;R;SP98;6;2026-10-07 08:08:19;2.256
84120007;route d'aix en provence - lot. les prés verts;Pertuis;43.679;5.497;R;Gazole;1;2026-10-07 09:39:45;2.368
84120007;route d'aix en provence - lot. les prés verts;Pertuis;43.679;5.497;R;SP95;2;2026-10-07 09:39:45;2.205
84120007;route d'aix en provence - lot. les prés verts;Pertuis;43.679;5.497;R;E85;3;2026-10-07 09:39:45;0.862
84120007;route d'aix en provence - lot. les prés verts;Pertuis;43.679;5.497;R;E10;5;2026-10-07 09:39:45;2.205
84120007;route d'aix en provence - lot. les prés verts;Pertuis;43.679;5.497;R;SP98;6;2026-10-07 09:39:45;2.305
88100008;4 AVENUE DE VERDUN;SAINT-DIE-DES-VOSGES;48.293;6.942;R;Gazole;1;2026-10-07 06:00:00;2.649
88100008;4 AVENUE DE VERDUN;SAINT-DIE-DES-VOSGES;48.293;6.942;R;E10;5;2026-10-07 06:00:00;2.369
88100008;4 AVENUE DE VERDUN;SAINT-DIE-DES-VOSGES;48.293;6.942;R;SP98;6;2026-10-07 06:00:00;2.499
54300002;60 Boulevard Georges Pompidou;LUNéVILLE;48.59664;6.47738;R;E10;5;2026-10-07 08:12:59;1.99
33260012;RUE LAGRUA;LA TESTE;44.646;-1.157;R;Gazole;1;2026-10-07 00:01:00;2.25
33260012;RUE LAGRUA;LA TESTE;44.646;-1.157;R;GPLc;4;2026-10-07 00:01:00;0.989
33260012;RUE LAGRUA;LA TESTE;44.646;-1.157;R;E10;5;2026-10-07 00:01:00;1.99
33260012;RUE LAGRUA;LA TESTE;44.646;-1.157;R;SP98;6;2026-10-07 00:01:00;1.99
61100012;250 RUE DE PARIS;FLERS;48.751;-0.552;R;Gazole;1;2026-10-07 07:43:14;2.25
61100012;250 RUE DE PARIS;FLERS;48.751;-0.552;R;SP95;2;2026-10-07 07:43:14;1.99
61100012;250 RUE DE PARIS;FLERS;48.751;-0.552;R;SP98;6;2026-10-07 07:43:14;1.99
49120001;PARC COMMERCIAL DU CHALET;CHEMILLE;47.208;-0.715;R;Gazole;1;2026-10-07 08:08:57;2.329
49120001;PARC COMMERCIAL DU CHALET;CHEMILLE;47.208;-0.715;R;E85;3;2026-10-07 08:08:58;0.839
49120001;PARC COMMERCIAL DU CHALET;CHEMILLE;47.208;-0.715;R;E10;5;2026-10-07 08:08:58;2.119
49120001;PARC COMMERCIAL DU CHALET;CHEMILLE;47.208;-0.715;R;SP98;6;2026-10-07 08:08:58;2.229
63000026;8 BOULEVARD WINSTON CHURCHILL;Clermont-Ferrand;45.76;3.094;R;Gazole;1;2026-10-07 00:01:00;2.25
63000026;8 BOULEVARD WINSTON CHURCHILL;Clermont-Ferrand;45.76;3.094;R;E85;3;2026-10-07 00:01:00;0.891
63000026;8 BOULEVARD WINSTON CHURCHILL;Clermont-Ferrand;45.76;3.094;R;E10;5;2026-10-07 00:01:00;1.99
63000026;8 BOULEVARD WINSTON CHURCHILL;Clermont-Ferrand;45.76;3.094;R;SP98;6;2026-10-07 09:07:16;1.99
70000005;22 Route de Paris;VESOUL;47.633424836577;6.158729843456101;R;Gazole;1;2026-10-07 10:45:19;2.25
11300004;1, rue Georges Guynemer;Limoux;43.073;2.223;R;Gazole;1;2026-10-07 10:52:00;2.378
11300004;1, rue Georges Guynemer;Limoux;43.073;2.223;R;E85;3;2026-10-07 10:52:00;0.899
11300004;1, rue Georges Guynemer;Limoux;43.073;2.223;R;GPLc;4;2026-10-07 10:52:00;1.029
11300004;1, rue Georges Guynemer;Limoux;43.073;2.223;R;E10;5;2026-10-07 10:52:00;2.228
11300004;1, rue Georges Guynemer;Limoux;43.073;2.223;R;SP98;6;2026-10-07 10:52:00;2.289
31340001;31 Rue Pierre Marchet;VILLEMUR-SUR-TARN;43.859;1.505;R;Gazole;1;2026-10-07 10:52:00;2.359
31340001;31 Rue Pierre Marchet;VILLEMUR-SUR-TARN;43.859;1.505;R;E85;3;2026-10-07 10:52:00;0.869
31340001;31 Rue Pierre Marchet;VILLEMUR-SUR-TARN;43.859;1.505;R;E10;5;2026-10-07 10:52:00;2.189
31340001;31 Rue Pierre Marchet;VILLEMUR-SUR-TARN;43.859;1.505;R;SP98;6;2026-10-07 10:52:00;2.268
31300007;104 AV GDE BRETAGNE;TOULOUSE;43.59914;1.41729;R;Gazole;1;2026-10-07 00:01:00;2.25
59230002;ZA DU MONT DES BRUYERES ROCADE NORD;SAINT-AMAND-LES-EAUX;50.436418335666005;3.4400636257171997;R;E10;5;2026-10-07 08:00:00;2.105
66000018;ROUTE D ESPAGNE;PERPIGNAN;42.677771792859;2.8906260773837995;R;GPLc;4;2026-10-07 00:01:00;0.999
75016017;2 AV DE LA PORTE DE ST CLOUD;PARIS;48.83868;2.25394;R;Gazole;1;2026-10-07 00:01:00;2.25
75016017;2 AV DE LA PORTE DE ST CLOUD;PARIS;48.83868;2.25394;R;E10;5;2026-10-07 00:01:00;1.99
30800001;1 Rue de Cambon;SAINT-GILLES;43.665;4.401;R;E10;5;2026-10-07 07:05:21;2.189
34300009;AVENUE BELLA ISLA;Agde;43.284815569799996;3.50286260671;R;Gazole;1;2026-10-07 00:01:00;2.25
34300009;AVENUE BELLA ISLA;Agde;43.284815569799996;3.50286260671;R;E85;3;2026-10-07 00:01:00;0.922
34300009;AVENUE BELLA ISLA;Agde;43.284815569799996;3.50286260671;R;E10;5;2026-10-07 00:01:00;1.99
38250002;190 Rue des Machurons Zone des Geymonds;VILLARD-DE-LANS;45.088;5.558;R;Gazole;1;2026-10-07 10:20:19;2.345
38250002;190 Rue des Machurons Zone des Geymonds;VILLARD-DE-LANS;45.088;5.558;R;SP95;2;2026-10-07 10:20:19;2.225
38250002;190 Rue des Machurons Zone des Geymonds;VILLARD-DE-LANS;45.088;5.558;R;E10;5;2026-10-07 10:20:19;2.175
38250002;190 Rue des Machurons Zone des Geymonds;VILLARD-DE-LANS;45.088;5.558;R;SP98;6;2026-10-07 10:20:20;2.304
13300010;RN 113 - ZAC DE LA CRAU;Salon-de-Provence;43.64;5.048;R;Gazole;1;2026-10-07 00:01:00;2.25
13300010;RN 113 - ZAC DE LA CRAU;Salon-de-Provence;43.64;5.048;R;E85;3;2026-10-07 00:01:00;0.908
13300010;RN 113 - ZAC DE LA CRAU;Salon-de-Provence;43.64;5.048;R;E10;5;2026-10-07 00:01:00;1.99
83130008;AIRE DES AMANDIERS CHABERTE, AUTOROUTE A57;LA GARDE;43.149918597295;6.0339952216349;A;Gazole;1;2026-10-07 06:00:00;2.599
83130008;AIRE DES AMANDIERS CHABERTE, AUTOROUTE A57;LA GARDE;43.149918597295;6.0339952216349;A;E85;3;2026-10-07 06:00:00;0.999
83130008;AIRE DES AMANDIERS CHABERTE, AUTOROUTE A57;LA GARDE;43.149918597295;6.0339952216349;A;GPLc;4;2026-10-07 06:00:00;1.149
83130008;AIRE DES AMANDIERS CHABERTE, AUTOROUTE A57;LA GARDE;43.149918597295;6.0339952216349;A;E10;5;2026-10-07 06:00:00;2.349
83130008;AIRE DES AMANDIERS CHABERTE, AUTOROUTE A57;LA GARDE;43.149918597295;6.0339952216349;A;SP98;6;2026-10-07 06:00:00;2.429
76000013;ROUTE DE LYONS DIRECTION ROUEN;ROUEN;49.437;1.137;R;Gazole;1;2026-10-07 00:01:00;2.25
76000013;ROUTE DE LYONS DIRECTION ROUEN;ROUEN;49.437;1.137;R;E85;3;2026-10-07 00:01:00;0.891
83470001;Route d'Aix;SAINT-MAXIMIN-LA-SAINTE-BAUME;43.457;5.853;R;Gazole;1;2026-10-07 07:30:00;2.249
83470001;Route d'Aix;SAINT-MAXIMIN-LA-SAINTE-BAUME;43.457;5.853;R;E10;5;2026-10-07 07:30:00;2.129
65190001;D 817;TOURNAY;43.185;0.239;R;Gazole;1;2026-10-07 06:09:01;2.25
56450005;RN 165;THEIX;47.636;-2.665;R;Gazole;1;2026-10-07 00:01:00;2.25
56450005;RN 165;THEIX;47.636;-2.665;R;E85;3;2026-10-07 00:01:00;0.897
56450005;RN 165;THEIX;47.636;-2.665;R;E10;5;2026-10-07 00:01:00;1.99
56450005;RN 165;THEIX;47.636;-2.665;R;SP98;6;2026-10-07 00:01:00;1.99
74000020;4 BIS CHEMIN DES ALLUEGES;ANNECY;45.91;6.118;R;Gazole;1;2026-10-07 06:00:00;2.479
74000020;4 BIS CHEMIN DES ALLUEGES;ANNECY;45.91;6.118;R;GPLc;4;2026-10-07 06:00:00;1.029
74000020;4 BIS CHEMIN DES ALLUEGES;ANNECY;45.91;6.118;R;E10;5;2026-10-07 06:00:00;2.279
74000020;4 BIS CHEMIN DES ALLUEGES;ANNECY;45.91;6.118;R;SP98;6;2026-10-07 06:00:00;2.379
13270011;ZONE INDUST. SECT. 83 RN 568;FOS SUR MER;43.471;4.909;R;Gazole;1;2026-10-07 00:01:00;2.25
13270011;ZONE INDUST. SECT. 83 RN 568;FOS SUR MER;43.471;4.909;R;E10;5;2026-10-07 00:01:00;1.99
13270011;ZONE INDUST. SECT. 83 RN 568;FOS SUR MER;43.471;4.909;R;SP98;6;2026-10-07 00:01:00;1.99
3100006;A71 aire de l'Allier Saulzet (sens province paris);Doyet;46.35591;2.8003;A;Gazole;1;2026-10-07 07:00:00;2.444
3100006;A71 aire de l'Allier Saulzet (sens province paris);Doyet;46.35591;2.8003;A;GPLc;4;2026-10-07 07:00:00;1.163
3100006;A71 aire de l'Allier Saulzet (sens province paris);Doyet;46.35591;2.8003;A;E10;5;2026-10-07 07:00:00;2.228
3100006;A71 aire de l'Allier Saulzet (sens province paris);Doyet;46.35591;2.8003;A;SP98;6;2026-10-07 07:00:00;2.293
71620002;STATION TOTAL RN.73;DAMEREY;46.838;4.996;R;Gazole;1;2026-10-07 09:31:02;2.25
8270002;AUTOROUTE A34 - AIRE DES ARDENNES - WOINIC;Saulces-Monclin;49.594069537325;4.5029188207464;A;Gazole;1;2026-10-07 00:01:00;2.25
8270002;AUTOROUTE A34 - AIRE DES ARDENNES - WOINIC;Saulces-Monclin;49.594069537325;4.5029188207464;A;E85;3;2026-10-07 00:01:00;0.999
8270002;AUTOROUTE A34 - AIRE DES ARDENNES - WOINIC;Saulces-Monclin;49.594069537325;4.5029188207464;A;GPLc;4;2026-10-07 00:01:00;1.104
8270002;AUTOROUTE A34 - AIRE DES ARDENNES - WOINIC;Saulces-Monclin;49.594069537325;4.5029188207464;A;E10;5;2026-10-07 00:01:00;1.99
8270002;AUTOROUTE A34 - AIRE DES ARDENNES - WOINIC;Saulces-Monclin;49.594069537325;4.5029188207464;A;SP98;6;2026-10-07 00:01:00;1.99
1160005;RTE DE BOURG RN 75;Pont-d'Ain;46.0533506156;5.3374103671699995;R;Gazole;1;2026-10-07 00:01:00;2.25
1160005;RTE DE BOURG RN 75;Pont-d'Ain;46.0533506156;5.3374103671699995;R;E10;5;2026-10-07 00:01:00;1.99
1160005;RTE DE BOURG RN 75;Pont-d'Ain;46.0533506156;5.3374103671699995;R;SP98;6;2026-10-07 00:01:00;1.99
34120007;18 AVENUE DE VERDUN;PEZENAS;43.455;3.423;R;Gazole;1;2026-10-07 00:01:00;2.469
34120007;18 AVENUE DE VERDUN;PEZENAS;43.455;3.423;R;E85;3;2026-10-07 00:01:00;0.929
34120007;18 AVENUE DE VERDUN;PEZENAS;43.455;3.423;R;E10;5;2026-10-07 00:01:00;2.249
34120007;18 AVENUE DE VERDUN;PEZENAS;43.455;3.423;R;SP98;6;2026-10-07 00:01:00;2.349
69800016;72 ROUTE D'HEYRIEUX;Saint-Priest;45.686;4.945;R;Gazole;1;2026-10-07 00:01:00;2.25
69800016;72 ROUTE D'HEYRIEUX;Saint-Priest;45.686;4.945;R;E10;5;2026-10-07 00:01:00;1.99
2200014;50 BIS ROUTE DE CHATEAU THIERRY;SOISSONS;49.368;3.329;R;Gazole;1;2026-10-07 00:01:00;2.25
2200014;50 BIS ROUTE DE CHATEAU THIERRY;SOISSONS;49.368;3.329;R;E85;3;2026-10-07 00:01:00;0.894
2200014;50 BIS ROUTE DE CHATEAU THIERRY;SOISSONS;49.368;3.329;R;E10;5;2026-10-07 00:01:00;1.99
79000001;80 Avenue Saint-Jean d'Angély;NIORT;46.318;-0.466;R;Gazole;1;2026-10-07 09:38:46;2.299
79000001;80 Avenue Saint-Jean d'Angély;NIORT;46.318;-0.466;R;SP95;2;2026-10-07 09:38:46;2.179
79000001;80 Avenue Saint-Jean d'Angély;NIORT;46.318;-0.466;R;E85;3;2026-10-07 09:38:46;0.877
79000001;80 Avenue Saint-Jean d'Angély;NIORT;46.318;-0.466;R;E10;5;2026-10-07 09:38:46;2.119
57420006;AEROPORT METZ NANCY LORRAINE;GOIN;48.983757000000004;6.245418000000001;R;Gazole;1;2026-10-07 00:01:00;2.25
57420006;AEROPORT METZ NANCY LORRAINE;GOIN;48.983757000000004;6.245418000000001;R;E10;5;2026-10-07 00:01:00;1.99
78430005;9 TER QUAI CONTI RN 13;LOUVECIENNES;48.875;2.119;R;Gazole;1;2026-10-07 00:01:00;2.25
78430005;9 TER QUAI CONTI RN 13;LOUVECIENNES;48.875;2.119;R;GPLc;4;2026-10-07 00:01:00;1.004
78430005;9 TER QUAI CONTI RN 13;LOUVECIENNES;48.875;2.119;R;E10;5;2026-10-07 05:58:28;1.99
12100005;82 Avenue Jean Jaurès;MILLAU;44.107;3.081;R;Gazole;1;2026-10-07 10:44:57;2.329
12100005;82 Avenue Jean Jaurès;MILLAU;44.107;3.081;R;E10;5;2026-10-07 10:44:57;2.185
77230006;RN 2 ROUTE DE SOISSONS;ROUVRES;49.070142347799994;2.71523931506;R;Gazole;1;2026-10-07 08:58:59;2.25
77230006;RN 2 ROUTE DE SOISSONS;ROUVRES;49.070142347799994;2.71523931506;R;E85;3;2026-10-07 08:58:59;0.884
77230006;RN 2 ROUTE DE SOISSONS;ROUVRES;49.070142347799994;2.71523931506;R;E10;5;2026-10-07 08:58:59;1.99
64170013;AIRE DE LACQ AUDEJOS NORD;LACQ AUDEJOS NORD - ARTIX;43.418747;-0.584483;A;Gazole;1;2026-10-07 00:01:00;2.669
64170013;AIRE DE LACQ AUDEJOS NORD;LACQ AUDEJOS NORD - ARTIX;43.418747;-0.584483;A;E10;5;2026-10-07 00:01:00;2.429
64170013;AIRE DE LACQ AUDEJOS NORD;LACQ AUDEJOS NORD - ARTIX;43.418747;-0.584483;A;SP98;6;2026-10-07 00:01:00;2.529
94700008;135 AV DU GENERAL LECLERC;Maisons-Alfort;48.80623;2.43809;R;E85;3;2026-10-07 00:01:00;0.919
27460001;ROUTE DE LYONS;IGOVILLE;49.319;1.157;R;Gazole;1;2026-10-07 01:00:00;2.299
27460001;ROUTE DE LYONS;IGOVILLE;49.319;1.157;R;E85;3;2026-10-07 01:00:00;0.909
27460001;ROUTE DE LYONS;IGOVILLE;49.319;1.157;R;E10;5;2026-10-07 01:00:00;2.169
50200008;2, AVENUE DE VERDUN;COUTANCES;49.038;-1.446;R;Gazole;1;2026-10-07 00:01:00;2.25
50200008;2, AVENUE DE VERDUN;COUTANCES;49.038;-1.446;R;E85;3;2026-10-07 00:01:00;0.911
50200008;2, AVENUE DE VERDUN;COUTANCES;49.038;-1.446;R;E10;5;2026-10-07 00:01:00;1.99
50200008;2, AVENUE DE VERDUN;COUTANCES;49.038;-1.446;R;SP98;6;2026-10-07 00:01:00;1.99
31140012;15 ROUTE DE FRONTON;Aucamville;43.66;1.431;R;Gazole;1;2026-10-07 07:32:00;2.388
31140012;15 ROUTE DE FRONTON;Aucamville;43.66;1.431;R;E10;5;2026-10-07 07:32:00;2.216
31140012;15 ROUTE DE FRONTON;Aucamville;43.66;1.431;R;SP98;6;2026-10-07 07:32:00;2.323
85000004;RUE SAVARY DE L'EPINERAYE;La Roche-sur-Yon;46.653;-1.444;R;E10;5;2026-10-07 07:37:44;1.99
85000004;RUE SAVARY DE L'EPINERAYE;La Roche-sur-Yon;46.653;-1.444;R;SP98;6;2026-10-07 07:37:44;1.99
67800014;79 ROUTE DE BISCHWILLER;BISCHHEIM;48.618;7.754;R;Gazole;1;2026-10-07 06:00:00;2.629
67800014;79 ROUTE DE BISCHWILLER;BISCHHEIM;48.618;7.754;R;E10;5;2026-10-07 06:00:00;2.369
67800014;79 ROUTE DE BISCHWILLER;BISCHHEIM;48.618;7.754;R;SP98;6;2026-10-07 06:00:00;2.499
78340005;RUE DE LA POINTE DE L'ANGE- RD;Les Clayes-sous-Bois;48.829;1.994;R;E85;3;2026-10-07 00:01:00;0.894
13100016;16 ROUTE DE GALICE;Aix-en-Provence;43.528;5.433;R;Gazole;1;2026-10-07 00:01:00;2.25
13100016;16 ROUTE DE GALICE;Aix-en-Provence;43.528;5.433;R;GPLc;4;2026-10-07 00:01:00;0.999
13100016;16 ROUTE DE GALICE;Aix-en-Provence;43.528;5.433;R;E10;5;2026-10-07 00:01:00;1.99
13100016;16 ROUTE DE GALICE;Aix-en-Provence;43.528;5.433;R;SP98;6;2026-10-07 00:01:00;1.99
77400015;127 Avenue du Général Leclerc;LAGNY SUR MARNE;48.871;2.683;R;Gazole;1;2026-10-07 07:32:00;2.318
77400015;127 Avenue du Général Leclerc;LAGNY SUR MARNE;48.871;2.683;R;E10;5;2026-10-07 07:32:00;2.178
77400015;127 Avenue du Général Leclerc;LAGNY SUR MARNE;48.871;2.683;R;SP98;6;2026-10-07 07:32:00;2.32
45400006;119 AV ANDRE DESSAUX RN 20;Fleury-les-Aubrais;47.93;1.897;R;Gazole;1;2026-10-07 00:01:00;2.25
45400006;119 AV ANDRE DESSAUX RN 20;Fleury-les-Aubrais;47.93;1.897;R;E85;3;2026-10-07 00:01:00;0.889
45400006;119 AV ANDRE DESSAUX RN 20;Fleury-les-Aubrais;47.93;1.897;R;GPLc;4;2026-10-07 00:01:00;0.984
45400006;119 AV ANDRE DESSAUX RN 20;Fleury-les-Aubrais;47.93;1.897;R;E10;5;2026-10-07 00:01:00;1.99
18000017;10 AV. DES PRES LE ROI;BOURGES;47.094;2.391;R;Gazole;1;2026-10-07 08:15:33;2.25
18000017;10 AV. DES PRES LE ROI;BOURGES;47.094;2.391;R;E85;3;2026-10-07 00:01:00;0.903
18000017;10 AV. DES PRES LE ROI;BOURGES;47.094;2.391;R;GPLc;4;2026-10-07 00:01:00;0.999
18000017;10 AV. DES PRES LE ROI;BOURGES;47.094;2.391;R;E10;5;2026-10-07 08:15:59;1.99
18000017;10 AV. DES PRES LE ROI;BOURGES;47.094;2.391;R;SP98;6;2026-10-07 08:15:33;1.99
83140008;206 PLAGE DE BONNEGRACE - RD559;Six-Fours-les-Plages;43.11;5.813;R;Gazole;1;2026-10-07 00:01:00;2.25
83140008;206 PLAGE DE BONNEGRACE - RD559;Six-Fours-les-Plages;43.11;5.813;R;E85;3;2026-10-07 00:01:00;0.913
95320006;AV JEAN ROSTAND;Saint-Leu-la-Forêt;49.013;2.249;R;Gazole;1;2026-10-07 00:01:00;2.25
6160008;122-124 Boulevard Raymond Poincaré;Antibes;43.572753662013;7.101651755897599;R;Gazole;1;2026-10-07 05:45:00;2.529
6160008;122-124 Boulevard Raymond Poincaré;Antibes;43.572753662013;7.101651755897599;R;E10;5;2026-10-07 05:45:00;2.299
6160008;122-124 Boulevard Raymond Poincaré;Antibes;43.572753662013;7.101651755897599;R;SP98;6;2026-10-07 05:45:00;2.399
2190003;A26 - Aire du Champ Roland;Guignicourt;49.44872;3.92652;A;Gazole;1;2026-10-07 06:00:00;2.473
2190003;A26 - Aire du Champ Roland;Guignicourt;49.44872;3.92652;A;E85;3;2026-10-07 06:00:00;1.149
2190003;A26 - Aire du Champ Roland;Guignicourt;49.44872;3.92652;A;GPLc;4;2026-10-07 06:00:00;1.131
2190003;A26 - Aire du Champ Roland;Guignicourt;49.44872;3.92652;A;E10;5;2026-10-07 06:00:00;2.257
2190003;A26 - Aire du Champ Roland;Guignicourt;49.44872;3.92652;A;SP98;6;2026-10-07 06:00:00;2.322
92100015;108 AV.A MORIZET;BOULOGNE BILLANCOURT;48.84;2.231;R;Gazole;1;2026-10-07 00:01:00;2.25
92100015;108 AV.A MORIZET;BOULOGNE BILLANCOURT;48.84;2.231;R;E10;5;2026-10-07 00:01:00;1.99
28100002;Rue Bautzen;DREUX;48.737;1.351;R;Gazole;1;2026-10-07 09:57:55;2.269
28100002;Rue Bautzen;DREUX;48.737;1.351;R;E10;5;2026-10-07 09:57:55;2.085
28100002;Rue Bautzen;DREUX;48.737;1.351;R;SP98;6;2026-10-07 09:57:55;2.179
33750003;RN 89;Beychac-et-Caillau;44.881;-0.356;R;Gazole;1;2026-10-07 00:01:00;2.25
33750003;RN 89;Beychac-et-Caillau;44.881;-0.356;R;E10;5;2026-10-07 00:01:00;1.99
33750003;RN 89;Beychac-et-Caillau;44.881;-0.356;R;SP98;6;2026-10-07 08:35:41;1.99
68000020;42, ROUTE D'INGERSHEIM;COLMAR;48.084200683888994;7.3457832050324;R;Gazole;1;2026-10-07 00:01:00;2.649
68000020;42, ROUTE D'INGERSHEIM;COLMAR;48.084200683888994;7.3457832050324;R;E10;5;2026-10-07 00:01:00;2.359
68000020;42, ROUTE D'INGERSHEIM;COLMAR;48.084200683888994;7.3457832050324;R;SP98;6;2026-10-07 00:01:00;2.499
84300011;264 Avenue de Cheval Blanc;CAVAILLON;43.831;5.054;R;Gazole;1;2026-10-07 00:01:00;2.25
84300011;264 Avenue de Cheval Blanc;CAVAILLON;43.831;5.054;R;GPLc;4;2026-10-07 00:01:00;1.009
42700007;RUE DES ABATTOIRS;FIRMINY;45.395918115193;4.2910970468295;R;Gazole;1;2026-10-07 06:00:00;2.499
42700007;RUE DES ABATTOIRS;FIRMINY;45.395918115193;4.2910970468295;R;E10;5;2026-10-07 06:00:00;2.299
42700007;RUE DES ABATTOIRS;FIRMINY;45.395918115193;4.2910970468295;R;SP98;6;2026-10-07 06:00:00;2.399
67100009;4 ROUTE D'ALTENHEIM;STRASBOURG;48.543681457439995;7.765314769311599;R;Gazole;1;2026-10-07 06:00:00;2.59
67100009;4 ROUTE D'ALTENHEIM;STRASBOURG;48.543681457439995;7.765314769311599;R;E10;5;2026-10-07 06:00:00;2.36
67100009;4 ROUTE D'ALTENHEIM;STRASBOURG;48.543681457439995;7.765314769311599;R;SP98;6;2026-10-07 06:00:00;2.46
77340009;Zac Les 4 Chênes, 35 Rte de Paris;Pontault Combault;48.778;2.591;R;Gazole;1;2026-10-07 10:30:00;2.226
77340009;Zac Les 4 Chênes, 35 Rte de Paris;Pontault Combault;48.778;2.591;R;E10;5;2026-10-07 10:30:00;2.098
77340009;Zac Les 4 Chênes, 35 Rte de Paris;Pontault Combault;48.778;2.591;R;SP98;6;2026-10-07 10:30:00;2.175
55210001;63 Rue Raymond Poincaré;VIGNEULLES-LèS-HATTONCHâTEL;48.98;5.713;R;Gazole;1;2026-10-07 09:49:04;2.25
55210001;63 Rue Raymond Poincaré;VIGNEULLES-LèS-HATTONCHâTEL;48.98;5.713;R;E85;3;2026-10-07 09:49:04;0.89
55210001;63 Rue Raymond Poincaré;VIGNEULLES-LèS-HATTONCHâTEL;48.98;5.713;R;E10;5;2026-10-07 09:49:04;1.99
55210001;63 Rue Raymond Poincaré;VIGNEULLES-LèS-HATTONCHâTEL;48.98;5.713;R;SP98;6;2026-10-07 09:49:05;1.99
34300013;8 AVENUE DES SERGENTS;Agde;43.286;3.514;R;Gazole;1;2026-10-07 06:00:00;2.499
34300013;8 AVENUE DES SERGENTS;Agde;43.286;3.514;R;E85;3;2026-10-07 06:00:00;0.969
34300013;8 AVENUE DES SERGENTS;Agde;43.286;3.514;R;E10;5;2026-10-07 06:00:00;2.299
34300013;8 AVENUE DES SERGENTS;Agde;43.286;3.514;R;SP98;6;2026-10-07 06:00:00;2.399
77860001;61 AVENUE DE L'ENSOLEILLEE;COUILLY-PONT-AUX-DAMES;48.872599637190994;2.8718865694261;R;Gazole;1;2026-10-07 04:17:28;2.314
77860001;61 AVENUE DE L'ENSOLEILLEE;COUILLY-PONT-AUX-DAMES;48.872599637190994;2.8718865694261;R;E10;5;2026-10-07 04:03:34;2.147
24250004;le bourg;Groléjac;44.821;1.291;R;E10;5;2026-10-07 09:20:21;1.99
77340005;CHEMIN DÉPARTEMENTAL 51 - RUE DES BERCHÈRES;Pontault-Combault;48.793;2.619;R;Gazole;1;2026-10-07 00:01:00;2.25
77340005;CHEMIN DÉPARTEMENTAL 51 - RUE DES BERCHÈRES;Pontault-Combault;48.793;2.619;R;E85;3;2026-10-07 00:01:00;0.893
77340005;CHEMIN DÉPARTEMENTAL 51 - RUE DES BERCHÈRES;Pontault-Combault;48.793;2.619;R;E10;5;2026-10-07 00:01:00;1.99
85100004;68 Rue Joseph Bénatier;Les Sables-d'Olonne;46.504;-1.799;R;Gazole;1;2026-10-07 09:05:50;2.299
85100004;68 Rue Joseph Bénatier;Les Sables-d'Olonne;46.504;-1.799;R;SP95;2;2026-10-07 09:05:50;2.169
85100004;68 Rue Joseph Bénatier;Les Sables-d'Olonne;46.504;-1.799;R;SP98;6;2026-10-07 09:05:50;2.209
2000002;ZAC ILE DE FRANCE;LAON;49.548;3.616;R;Gazole;1;2026-10-07 02:18:13;2.381
2000002;ZAC ILE DE FRANCE;LAON;49.548;3.616;R;E10;5;2026-10-07 02:18:13;2.196
2000002;ZAC ILE DE FRANCE;LAON;49.548;3.616;R;SP98;6;2026-10-07 02:18:13;2.259
13010005;BOULEVARD JEAN MOULIN;Marseille;43.287;5.4;R;Gazole;1;2026-10-07 07:31:00;2.379
13010005;BOULEVARD JEAN MOULIN;Marseille;43.287;5.4;R;E85;3;2026-10-07 07:31:00;1.048
13010005;BOULEVARD JEAN MOULIN;Marseille;43.287;5.4;R;E10;5;2026-10-07 07:31:00;2.189
13010005;BOULEVARD JEAN MOULIN;Marseille;43.287;5.4;R;SP98;6;2026-10-07 07:31:00;2.305
22100001;C CIAL LE CHENE;QUEVERT;48.464;-2.087;R;Gazole;1;2026-10-07 10:20:45;2.329
22100001;C CIAL LE CHENE;QUEVERT;48.464;-2.087;R;SP95;2;2026-10-07 10:20:45;2.164
22100001;C CIAL LE CHENE;QUEVERT;48.464;-2.087;R;GPLc;4;2026-10-07 10:20:46;0.999
22100001;C CIAL LE CHENE;QUEVERT;48.464;-2.087;R;E10;5;2026-10-07 10:20:46;2.144
22100001;C CIAL LE CHENE;QUEVERT;48.464;-2.087;R;SP98;6;2026-10-07 10:20:46;2.238
13015004;437 Avenue de Saint-Antoine;Marseille;43.385;5.359;R;Gazole;1;2026-10-07 07:31:00;2.332
13015004;437 Avenue de Saint-Antoine;Marseille;43.385;5.359;R;E10;5;2026-10-07 07:31:00;2.178
13015004;437 Avenue de Saint-Antoine;Marseille;43.385;5.359;R;SP98;6;2026-10-07 07:31:00;2.293
89100015;7 boulevard du pont neuf;Sens;48.204;3.271;R;E85;3;2026-10-07 00:01:00;0.904
34500025;152 AV.MARECHAL FOCH ROUTE DE BE;BEZIERS;43.35448;3.22184;R;Gazole;1;2026-10-07 00:01:00;2.25
34500025;152 AV.MARECHAL FOCH ROUTE DE BE;BEZIERS;43.35448;3.22184;R;E10;5;2026-10-07 00:01:00;1.99
62200005;2 BOULEVARD DAUNOU;Boulogne-sur-Mer;50.719;1.609;R;Gazole;1;2026-10-07 00:01:00;2.25
62200005;2 BOULEVARD DAUNOU;Boulogne-sur-Mer;50.719;1.609;R;E85;3;2026-10-07 00:01:00;0.867
62200005;2 BOULEVARD DAUNOU;Boulogne-sur-Mer;50.719;1.609;R;E10;5;2026-10-07 00:01:00;1.99
62200005;2 BOULEVARD DAUNOU;Boulogne-sur-Mer;50.719;1.609;R;SP98;6;2026-10-07 00:01:00;1.99
6300008;11 Boulevard Pierre Sémard;Nice;43.722;7.292;R;Gazole;1;2026-10-07 07:31:00;2.357
6300008;11 Boulevard Pierre Sémard;Nice;43.722;7.292;R;E10;5;2026-10-07 07:31:00;2.19
6300008;11 Boulevard Pierre Sémard;Nice;43.722;7.292;R;SP98;6;2026-10-07 07:31:00;2.332
34200013;134 BD DE VERDUN;SETE;43.413;3.683;R;Gazole;1;2026-10-07 00:01:00;2.25
34200013;134 BD DE VERDUN;SETE;43.413;3.683;R;E85;3;2026-10-07 00:01:00;0.922
34200013;134 BD DE VERDUN;SETE;43.413;3.683;R;E10;5;2026-10-07 00:01:00;1.99
81700003;ROUTE DE REVEL;Puylaurens;43.567;2.006;R;Gazole;1;2026-10-07 05:55:41;2.349
6320006;77 AVENUE DU 3 SEPTEMBRE;Cap-d'Ail;43.72306286293401;7.3977043091927;R;Gazole;1;2026-10-07 00:01:00;2.25
6320006;77 AVENUE DU 3 SEPTEMBRE;Cap-d'Ail;43.72306286293401;7.3977043091927;R;E10;5;2026-10-07 00:01:00;1.99
6320006;77 AVENUE DU 3 SEPTEMBRE;Cap-d'Ail;43.72306286293401;7.3977043091927;R;SP98;6;2026-10-07 00:01:00;1.99
6600010;236 Route de Grasse;Antibes;43.592;7.105;R;Gazole;1;2026-10-07 07:31:00;2.369
6600010;236 Route de Grasse;Antibes;43.592;7.105;R;E10;5;2026-10-07 07:31:00;2.188
6600010;236 Route de Grasse;Antibes;43.592;7.105;R;SP98;6;2026-10-07 07:31:00;2.317
81100006;RUE FRANCOIS COUPERIN,C.C LAMEILHE;CASTRES;43.592;2.255;R;Gazole;1;2026-10-07 06:52:04;2.32
81100006;RUE FRANCOIS COUPERIN,C.C LAMEILHE;CASTRES;43.592;2.255;R;E10;5;2026-10-07 06:52:04;2.143
81100006;RUE FRANCOIS COUPERIN,C.C LAMEILHE;CASTRES;43.592;2.255;R;SP98;6;2026-10-07 06:52:04;2.255
1430003;AIRE DE CEIGNES HAUT BUGEY;CEIGNES;46.118095624940004;5.491106279529101;A;Gazole;1;2026-10-07 08:00:00;2.669
1430003;AIRE DE CEIGNES HAUT BUGEY;CEIGNES;46.118095624940004;5.491106279529101;A;GPLc;4;2026-10-07 08:00:00;1.149
1430003;AIRE DE CEIGNES HAUT BUGEY;CEIGNES;46.118095624940004;5.491106279529101;A;E10;5;2026-10-07 08:00:00;2.469
1430003;AIRE DE CEIGNES HAUT BUGEY;CEIGNES;46.118095624940004;5.491106279529101;A;SP98;6;2026-10-07 08:00:00;2.569
95470009;Autoroute A1 - Aire de vémars Est;VEMARS;49.072;2.553;A;Gazole;1;2026-10-07 07:32:00;2.461
95470009;Autoroute A1 - Aire de vémars Est;VEMARS;49.072;2.553;A;E85;3;2026-10-07 07:32:00;0.999
95470009;Autoroute A1 - Aire de vémars Est;VEMARS;49.072;2.553;A;GPLc;4;2026-10-07 07:32:00;1.087
95470009;Autoroute A1 - Aire de vémars Est;VEMARS;49.072;2.553;A;E10;5;2026-10-07 07:32:00;2.245
95470009;Autoroute A1 - Aire de vémars Est;VEMARS;49.072;2.553;A;SP98;6;2026-10-07 07:32:00;2.309
29000014;11 RUE DE STANG BIHAN;QUIMPER;48.00916273;-4.10575563;R;Gazole;1;2026-10-07 07:28:48;2.295
95100037;5-7 BLD DES MARTYRS DE CHATEAUBRIAND;Argenteuil;48.951634109562;2.2122929705522;R;Gazole;1;2026-10-07 00:01:00;2.25
95100037;5-7 BLD DES MARTYRS DE CHATEAUBRIAND;Argenteuil;48.951634109562;2.2122929705522;R;E10;5;2026-10-07 00:01:00;1.99
95100037;5-7 BLD DES MARTYRS DE CHATEAUBRIAND;Argenteuil;48.951634109562;2.2122929705522;R;SP98;6;2026-10-07 00:01:00;1.99
33290003;Route de Pauillac;LE PIAN-MéDOC;44.95436;-0.62917;R;E85;3;2026-10-07 08:39:13;0.868
33290003;Route de Pauillac;LE PIAN-MéDOC;44.95436;-0.62917;R;SP98;6;2026-10-07 08:39:13;2.269
12150006;AUTOROUTE A75 - AIRE DE L'AVEYRON;Sévérac-le-Château;44.33;3.082;A;Gazole;1;2026-10-07 00:01:00;2.25
12150006;AUTOROUTE A75 - AIRE DE L'AVEYRON;Sévérac-le-Château;44.33;3.082;A;E85;3;2026-10-07 00:01:00;0.999
12150006;AUTOROUTE A75 - AIRE DE L'AVEYRON;Sévérac-le-Château;44.33;3.082;A;GPLc;4;2026-10-07 00:01:00;1.104
12150006;AUTOROUTE A75 - AIRE DE L'AVEYRON;Sévérac-le-Château;44.33;3.082;A;E10;5;2026-10-07 00:01:00;1.99
19100011;86 Avenue Président John Kennedy;Brive-la-Gaillarde;45.16671;1.5459;R;Gazole;1;2026-10-07 07:32:07;2.379
30133001;1 Avenue de Tavel;Les Angles;43.96;4.75;R;Gazole;1;2026-10-07 08:30:00;2.296
30133001;1 Avenue de Tavel;Les Angles;43.96;4.75;R;E10;5;2026-10-07 08:30:00;2.178
38470004;251, Rue de l'Europe;VINAY;45.207;5.415;R;Gazole;1;2026-10-07 10:36:41;2.313
38470004;251, Rue de l'Europe;VINAY;45.207;5.415;R;E10;5;2026-10-07 10:36:41;2.161
38470004;251, Rue de l'Europe;VINAY;45.207;5.415;R;SP98;6;2026-10-07 10:36:41;2.266
13200014;RN 113 - DÉVIATION - AIRE DES CANTARELLES;ARLES;43.65159;4.67002;R;Gazole;1;2026-10-07 00:01:00;2.25
13200014;RN 113 - DÉVIATION - AIRE DES CANTARELLES;ARLES;43.65159;4.67002;R;E85;3;2026-10-07 00:01:00;0.999
13200014;RN 113 - DÉVIATION - AIRE DES CANTARELLES;ARLES;43.65159;4.67002;R;GPLc;4;2026-10-07 00:01:00;1.084
13200014;RN 113 - DÉVIATION - AIRE DES CANTARELLES;ARLES;43.65159;4.67002;R;E10;5;2026-10-07 00:01:00;1.99
13200014;RN 113 - DÉVIATION - AIRE DES CANTARELLES;ARLES;43.65159;4.67002;R;SP98;6;2026-10-07 00:01:00;1.99
4130004;AUTOROUTE A51 - AIRE DE VOLX OUEST;VOLX;43.94225;5.89247;A;Gazole;1;2026-10-07 00:01:00;2.25
4130004;AUTOROUTE A51 - AIRE DE VOLX OUEST;VOLX;43.94225;5.89247;A;E10;5;2026-10-07 00:01:00;1.99
6130008;35 Avenue de la Libération;Grasse;43.648;6.915;R;Gazole;1;2026-10-07 07:31:00;2.314
6130008;35 Avenue de la Libération;Grasse;43.648;6.915;R;E85;3;2026-10-07 07:31:00;0.993
6130008;35 Avenue de la Libération;Grasse;43.648;6.915;R;E10;5;2026-10-07 07:31:00;2.171
6130008;35 Avenue de la Libération;Grasse;43.648;6.915;R;SP98;6;2026-10-07 07:31:00;2.255
84260001;Route de Carpentras;Sarrians;44.0812;4.98365;R;Gazole;1;2026-10-07 07:19:25;2.289
84260001;Route de Carpentras;Sarrians;44.0812;4.98365;R;E10;5;2026-10-07 07:20:07;2.209
84260001;Route de Carpentras;Sarrians;44.0812;4.98365;R;SP98;6;2026-10-07 07:20:28;2.359
13008004;1/3 BOULEVARD DU SABLIER;Marseille;43.254;5.382;R;Gazole;1;2026-10-07 07:31:00;2.378
13008004;1/3 BOULEVARD DU SABLIER;Marseille;43.254;5.382;R;E85;3;2026-10-07 07:31:00;1.035
13008004;1/3 BOULEVARD DU SABLIER;Marseille;43.254;5.382;R;E10;5;2026-10-07 07:31:00;2.191
13008004;1/3 BOULEVARD DU SABLIER;Marseille;43.254;5.382;R;SP98;6;2026-10-07 07:31:00;2.314
13015016;20-22, RN DE ST ANTOINE;MARSEILLE;43.3694597399;5.35637794519;R;Gazole;1;2026-10-07 00:00:00;2.549
13015016;20-22, RN DE ST ANTOINE;MARSEILLE;43.3694597399;5.35637794519;R;E10;5;2026-10-07 00:00:00;2.299
13015016;20-22, RN DE ST ANTOINE;MARSEILLE;43.3694597399;5.35637794519;R;SP98;6;2026-10-07 00:00:00;2.399
84800004;RN 100 PL. EMILE CHAR;L'Isle-sur-la-Sorgue;43.918;5.05;R;Gazole;1;2026-10-07 00:01:00;2.25
84800004;RN 100 PL. EMILE CHAR;L'Isle-sur-la-Sorgue;43.918;5.05;R;E85;3;2026-10-07 00:01:00;0.911
84800004;RN 100 PL. EMILE CHAR;L'Isle-sur-la-Sorgue;43.918;5.05;R;E10;5;2026-10-07 00:01:00;1.99
84800004;RN 100 PL. EMILE CHAR;L'Isle-sur-la-Sorgue;43.918;5.05;R;SP98;6;2026-10-07 00:01:00;1.99
13320004;LE COLLET ROUGE R.N.8;Bouc-Bel-Air;43.435;5.397;R;Gazole;1;2026-10-07 07:31:00;2.356
13320004;LE COLLET ROUGE R.N.8;Bouc-Bel-Air;43.435;5.397;R;E85;3;2026-10-07 07:31:00;1.077
13320004;LE COLLET ROUGE R.N.8;Bouc-Bel-Air;43.435;5.397;R;E10;5;2026-10-07 07:31:00;2.157
13320004;LE COLLET ROUGE R.N.8;Bouc-Bel-Air;43.435;5.397;R;SP98;6;2026-10-07 07:31:00;2.245
13660002;Vieille Route de Saint-Rémy;Orgon;43.7962;4.98973;R;Gazole;1;2026-10-07 10:00:00;2.299
13660002;Vieille Route de Saint-Rémy;Orgon;43.7962;4.98973;R;E10;5;2026-10-07 10:00:00;2.177
13660002;Vieille Route de Saint-Rémy;Orgon;43.7962;4.98973;R;SP98;6;2026-10-07 10:00:00;2.269
13920005;CD5 Le Crépon Ouest;Saint-Mitre-les-Remparts;43.462;5.006;R;Gazole;1;2026-10-07 07:31:00;2.414
13920005;CD5 Le Crépon Ouest;Saint-Mitre-les-Remparts;43.462;5.006;R;E10;5;2026-10-07 07:31:00;2.22
13920005;CD5 Le Crépon Ouest;Saint-Mitre-les-Remparts;43.462;5.006;R;SP98;6;2026-10-07 07:31:00;2.326
14000019;73-75, AVENUE G. CLEMENCEAU;CAEN;49.18856;-0.35025;R;Gazole;1;2026-10-07 00:01:00;2.25
14000019;73-75, AVENUE G. CLEMENCEAU;CAEN;49.18856;-0.35025;R;GPLc;4;2026-10-07 00:01:00;0.991
14000019;73-75, AVENUE G. CLEMENCEAU;CAEN;49.18856;-0.35025;R;E10;5;2026-10-07 00:01:00;1.99
14000019;73-75, AVENUE G. CLEMENCEAU;CAEN;49.18856;-0.35025;R;SP98;6;2026-10-07 00:01:00;1.99
14123007;RN 158 RTE DE FALAISE;IFS;49.1421;-0.337385;R;Gazole;1;2026-10-07 11:00:52;2.25
14760002;ROUTE DE BRETAGNE;Bretteville-sur-Odon;49.16575;-0.41597;R;Gazole;1;2026-10-07 00:01:00;2.25
14760002;ROUTE DE BRETAGNE;Bretteville-sur-Odon;49.16575;-0.41597;R;E10;5;2026-10-07 00:01:00;1.99
14760002;ROUTE DE BRETAGNE;Bretteville-sur-Odon;49.16575;-0.41597;R;SP98;6;2026-10-07 00:01:00;1.99
51390001;AUT A4 AIRE DE VRIGNY;VRIGNY;49.244;3.921;A;Gazole;1;2026-10-07 09:30:00;2.609
51390001;AUT A4 AIRE DE VRIGNY;VRIGNY;49.244;3.921;A;GPLc;4;2026-10-07 09:30:00;1.118
51390001;AUT A4 AIRE DE VRIGNY;VRIGNY;49.244;3.921;A;E10;5;2026-10-07 09:30:00;2.561
51390001;AUT A4 AIRE DE VRIGNY;VRIGNY;49.244;3.921;A;SP98;6;2026-10-07 09:30:00;2.711
31100011;80 ROUTE D ESPAGNE;TOULOUSE;43.574;1.424;R;Gazole;1;2026-10-07 00:01:00;2.25
17200008;1, AV DE LA LIBERATION;ROYAN;45.62357;-1.01317;R;Gazole;1;2026-10-07 00:01:00;2.246
17200008;1, AV DE LA LIBERATION;ROYAN;45.62357;-1.01317;R;E85;3;2026-10-07 00:01:00;0.892
17200008;1, AV DE LA LIBERATION;ROYAN;45.62357;-1.01317;R;E10;5;2026-10-07 00:01:00;1.99
17200008;1, AV DE LA LIBERATION;ROYAN;45.62357;-1.01317;R;SP98;6;2026-10-07 00:01:00;1.99
33720008;A62-AIRE DES TERRES DE GRAVES SUD;PODENSAC;44.645;-0.436;A;Gazole;1;2026-10-07 00:01:00;2.25
33720008;A62-AIRE DES TERRES DE GRAVES SUD;PODENSAC;44.645;-0.436;A;GPLc;4;2026-10-07 00:01:00;1.089
33720008;A62-AIRE DES TERRES DE GRAVES SUD;PODENSAC;44.645;-0.436;A;E10;5;2026-10-07 00:01:00;1.99
33720008;A62-AIRE DES TERRES DE GRAVES SUD;PODENSAC;44.645;-0.436;A;SP98;6;2026-10-07 00:01:00;1.99
17200009;8 AVENUE MARYSE BASTIE;ROYAN;45.624728149199996;-1.01645691284;R;Gazole;1;2026-10-07 00:01:00;2.246
17200009;8 AVENUE MARYSE BASTIE;ROYAN;45.624728149199996;-1.01645691284;R;E10;5;2026-10-07 00:01:00;1.99
50450001;25, rue de l'hotel saint denis;GAVRAY;48.91277;-1.35262;R;Gazole;1;2026-10-07 07:29:00;2.349
21000011;108 Boulevard des Bourroches;Dijon;47.311;5.015;R;Gazole;1;2026-10-07 07:31:00;2.364
21000011;108 Boulevard des Bourroches;Dijon;47.311;5.015;R;E85;3;2026-10-07 07:31:00;1.01
21000011;108 Boulevard des Bourroches;Dijon;47.311;5.015;R;E10;5;2026-10-07 07:31:00;2.215
21000011;108 Boulevard des Bourroches;Dijon;47.311;5.015;R;SP98;6;2026-10-07 07:31:00;2.37
21000009;2 Avenue de Langres;Dijon;47.342;5.045;R;Gazole;1;2026-10-07 07:31:00;2.458
21000009;2 Avenue de Langres;Dijon;47.342;5.045;R;E10;5;2026-10-07 07:31:00;2.204
21000009;2 Avenue de Langres;Dijon;47.342;5.045;R;SP98;6;2026-10-07 07:31:00;2.349
21000010;5 Boulevard Robert Schuman;Dijon;47.306;5.051;R;Gazole;1;2026-10-07 07:31:00;2.395
21000010;5 Boulevard Robert Schuman;Dijon;47.306;5.051;R;E10;5;2026-10-07 07:31:00;2.213
21000010;5 Boulevard Robert Schuman;Dijon;47.306;5.051;R;SP98;6;2026-10-07 07:31:00;2.293
13140010;2 AVENUE DU SUD;MIRAMAS;43.594;4.997;R;Gazole;1;2026-10-07 00:01:00;2.25
13140010;2 AVENUE DU SUD;MIRAMAS;43.594;4.997;R;E10;5;2026-10-07 00:01:00;1.99
21000025;170 ROUTE DE LANGRES;DIJON;47.363;5.047;R;Gazole;1;2026-10-07 00:01:00;2.25
70220003;RUE DE LUXEUIL;FOUGEROLLES SAINT VALBERT;47.879248;6.394441;R;Gazole;1;2026-10-07 07:20:02;2.349
70220003;RUE DE LUXEUIL;FOUGEROLLES SAINT VALBERT;47.879248;6.394441;R;E10;5;2026-10-07 07:20:02;2.199
70220003;RUE DE LUXEUIL;FOUGEROLLES SAINT VALBERT;47.879248;6.394441;R;SP98;6;2026-10-07 07:20:02;2.309
22100009;52 RUE DE BREST;DINAN;48.453;-2.057;R;E85;3;2026-10-07 00:01:00;0.893
66750004;74 BOULEVARD DESNOYER;Saint-Cyprien;42.636;3.034;R;Gazole;1;2026-10-07 00:01:00;2.25
66750004;74 BOULEVARD DESNOYER;Saint-Cyprien;42.636;3.034;R;E10;5;2026-10-07 00:01:00;1.99
76480001;Avenue du Président Coty;DUCLAIR;49.48;0.873;R;Gazole;1;2026-10-07 09:23:52;2.25
26000008;295 Avenue de Chabeuil;Valence;44.927;4.915;R;Gazole;1;2026-10-07 07:31:00;2.411
26000008;295 Avenue de Chabeuil;Valence;44.927;4.915;R;E10;5;2026-10-07 07:31:00;2.213
26000008;295 Avenue de Chabeuil;Valence;44.927;4.915;R;SP98;6;2026-10-07 07:31:00;2.323
26200003;RTE DE MARSEILLE;Montélimar;44.544;4.747;R;Gazole;1;2026-10-07 07:31:00;2.395
26200003;RTE DE MARSEILLE;Montélimar;44.544;4.747;R;E10;5;2026-10-07 07:31:00;2.209
26200003;RTE DE MARSEILLE;Montélimar;44.544;4.747;R;SP98;6;2026-10-07 07:31:00;2.333
26000007;396 Avenue Victor Hugo;Valence;44.91;4.884;R;Gazole;1;2026-10-07 07:31:00;2.346
26000007;396 Avenue Victor Hugo;Valence;44.91;4.884;R;E10;5;2026-10-07 07:31:00;2.232
26000007;396 Avenue Victor Hugo;Valence;44.91;4.884;R;SP98;6;2026-10-07 07:31:00;2.318
26300005;ROUTE NATIONALE 532;Alixan;44.999;5.001;R;Gazole;1;2026-10-07 07:31:00;2.341
26300005;ROUTE NATIONALE 532;Alixan;44.999;5.001;R;E85;3;2026-10-07 07:31:00;1.064
26300005;ROUTE NATIONALE 532;Alixan;44.999;5.001;R;E10;5;2026-10-07 07:31:00;2.212
26300005;ROUTE NATIONALE 532;Alixan;44.999;5.001;R;SP98;6;2026-10-07 07:31:00;2.329
26290003;RN 7 - LES PEYRAUDS;Donzère;44.42;4.712;R;Gazole;1;2026-10-07 07:31:00;2.331
26290003;RN 7 - LES PEYRAUDS;Donzère;44.42;4.712;R;E10;5;2026-10-07 07:31:00;2.176
26290003;RN 7 - LES PEYRAUDS;Donzère;44.42;4.712;R;SP98;6;2026-10-07 07:31:00;2.292
26300011;BLD DES ALPES DE PROVENCE;Bourg-de-Péage;45.035;5.053;R;Gazole;1;2026-10-07 00:01:00;2.25
26300011;BLD DES ALPES DE PROVENCE;Bourg-de-Péage;45.035;5.053;R;GPLc;4;2026-10-07 00:01:00;1.039
26300011;BLD DES ALPES DE PROVENCE;Bourg-de-Péage;45.035;5.053;R;E10;5;2026-10-07 00:01:00;1.99
26300011;BLD DES ALPES DE PROVENCE;Bourg-de-Péage;45.035;5.053;R;SP98;6;2026-10-07 00:01:00;1.99
30126008;AIRE DE TAVEL SUD;Tavel;43.99899198079999;4.6990798723954;A;Gazole;1;2026-10-07 00:01:00;2.664
30126008;AIRE DE TAVEL SUD;Tavel;43.99899198079999;4.6990798723954;A;GPLc;4;2026-10-07 00:01:00;1.144
30126008;AIRE DE TAVEL SUD;Tavel;43.99899198079999;4.6990798723954;A;E10;5;2026-10-07 00:01:00;2.444
30126008;AIRE DE TAVEL SUD;Tavel;43.99899198079999;4.6990798723954;A;SP98;6;2026-10-07 00:01:00;2.544
30900004;15 RUE DES POETES;Nîmes;43.821;4.337;R;Gazole;1;2026-10-07 07:31:00;2.349
30900004;15 RUE DES POETES;Nîmes;43.821;4.337;R;E10;5;2026-10-07 07:31:00;2.18
30900004;15 RUE DES POETES;Nîmes;43.821;4.337;R;SP98;6;2026-10-07 07:31:00;2.274
29600004;ROUTE DE ROSCOFF CD.19;Saint-Martin-des-Champs;48.581;-3.864;R;Gazole;1;2026-10-07 00:01:00;2.25
31210006;21 BIS AVENUE DE SAINT GAUDENS;MONTREJEAU;43.087506857200005;0.575941147516;R;Gazole;1;2026-10-07 05:51:06;2.387
31200008;168 Avenue des États-Unis;Toulouse;43.64;1.429;R;Gazole;1;2026-10-07 07:40:00;2.378
31200008;168 Avenue des États-Unis;Toulouse;43.64;1.429;R;E10;5;2026-10-07 07:40:00;2.185
31200008;168 Avenue des États-Unis;Toulouse;43.64;1.429;R;SP98;6;2026-10-07 07:40:00;2.272
31400005;105 Route de Narbonne;Toulouse;43.566;1.459;R;Gazole;1;2026-10-07 07:31:00;2.386
31400005;105 Route de Narbonne;Toulouse;43.566;1.459;R;E85;3;2026-10-07 07:31:00;1.018
31400005;105 Route de Narbonne;Toulouse;43.566;1.459;R;E10;5;2026-10-07 07:31:00;2.236
31400005;105 Route de Narbonne;Toulouse;43.566;1.459;R;SP98;6;2026-10-07 07:31:00;2.337
31770004;2 Avenue Edouard Serres;Colomiers;43.61;1.353;R;Gazole;1;2026-10-07 07:31:00;2.38
31770004;2 Avenue Edouard Serres;Colomiers;43.61;1.353;R;E85;3;2026-10-07 07:31:00;1.072
31770004;2 Avenue Edouard Serres;Colomiers;43.61;1.353;R;E10;5;2026-10-07 07:31:00;2.216
31770004;2 Avenue Edouard Serres;Colomiers;43.61;1.353;R;SP98;6;2026-10-07 07:31:00;2.335
31800007;80 BIS AVENUE FRANCOIS MITTERRAN;Saint-Gaudens;43.1107006048;0.737427943292;R;E85;3;2026-10-07 00:01:00;0.905
57740007;RN 3;Longeville-lès-Saint-Avold;49.109;6.686;R;Gazole;1;2026-10-07 00:01:00;2.25
57740007;RN 3;Longeville-lès-Saint-Avold;49.109;6.686;R;E10;5;2026-10-07 00:01:00;1.99
33520003;A630 ROC.PRESQU'ILE LAC COTE1;Bruges;44.888;-0.581;A;Gazole;1;2026-10-07 07:41:00;2.433
33520003;A630 ROC.PRESQU'ILE LAC COTE1;Bruges;44.888;-0.581;A;GPLc;4;2026-10-07 07:41:00;1.011
33520003;A630 ROC.PRESQU'ILE LAC COTE1;Bruges;44.888;-0.581;A;E10;5;2026-10-07 07:41:00;2.237
33520003;A630 ROC.PRESQU'ILE LAC COTE1;Bruges;44.888;-0.581;A;SP98;6;2026-10-07 07:41:00;2.337
34000014;70 AV. DE L'EUROPE;MONTPELLIER;43.635;3.823;R;E85;3;2026-10-07 10:20:56;0.916
34000014;70 AV. DE L'EUROPE;MONTPELLIER;43.635;3.823;R;GPLc;4;2026-10-07 10:20:56;1.049
34000014;70 AV. DE L'EUROPE;MONTPELLIER;43.635;3.823;R;E10;5;2026-10-07 10:20:56;1.99
34000014;70 AV. DE L'EUROPE;MONTPELLIER;43.635;3.823;R;SP98;6;2026-10-07 10:20:56;1.99
34500026;43 AVENUE RHIN ET DANUBE;BEZIERS;43.354260237735;3.2291535224152;R;Gazole;1;2026-10-07 00:01:00;2.25
34500026;43 AVENUE RHIN ET DANUBE;BEZIERS;43.354260237735;3.2291535224152;R;GPLc;4;2026-10-07 00:01:00;1.089
34500026;43 AVENUE RHIN ET DANUBE;BEZIERS;43.354260237735;3.2291535224152;R;E10;5;2026-10-07 00:01:00;1.99
34070020;112 AVENUE DE PALAVAS;MONTPELLIER;43.596;3.887;R;Gazole;1;2026-10-07 06:00:00;2.49
34070020;112 AVENUE DE PALAVAS;MONTPELLIER;43.596;3.887;R;E85;3;2026-10-07 06:00:00;0.94
34070020;112 AVENUE DE PALAVAS;MONTPELLIER;43.596;3.887;R;E10;5;2026-10-07 06:00:00;2.26
34070018;AVENUE DE VANIERES;MONTPELLIER;43.595;3.849;R;GPLc;4;2026-10-07 00:01:00;1.049
34140003;RN 113;MèZE;43.4280745215;3.60615111179;R;Gazole;1;2026-10-07 06:00:00;2.529
34140003;RN 113;MèZE;43.4280745215;3.60615111179;R;E85;3;2026-10-07 06:00:00;0.969
34140003;RN 113;MèZE;43.4280745215;3.60615111179;R;E10;5;2026-10-07 06:00:00;2.299
34140003;RN 113;MèZE;43.4280745215;3.60615111179;R;SP98;6;2026-10-07 06:00:00;2.399
34110003;93, AVENUE MARECHAL JUIN;Frontignan;43.434;3.738;R;Gazole;1;2026-10-07 08:33:02;2.33
34110003;93, AVENUE MARECHAL JUIN;Frontignan;43.434;3.738;R;E10;5;2026-10-07 08:33:02;2.162
34110003;93, AVENUE MARECHAL JUIN;Frontignan;43.434;3.738;R;SP98;6;2026-10-07 08:33:02;2.276
21250010;58 Gd Rue du Faubourg Saint-Georges;Seurre;46.990387313787;5.1482166241945;R;Gazole;1;2026-10-07 09:50:45;2.25
21250010;58 Gd Rue du Faubourg Saint-Georges;Seurre;46.990387313787;5.1482166241945;R;SP95;2;2026-10-07 09:50:45;1.99
34270001;115, avenue de la République;Saint-Mathieu-de-Tréviers;43.76059;3.86538;R;Gazole;1;2026-10-07 08:33:47;2.399
34270001;115, avenue de la République;Saint-Mathieu-de-Tréviers;43.76059;3.86538;R;SP95;2;2026-10-07 08:33:59;2.299
34270001;115, avenue de la République;Saint-Mathieu-de-Tréviers;43.76059;3.86538;R;E10;5;2026-10-07 08:34:30;2.239
34270001;115, avenue de la République;Saint-Mathieu-de-Tréviers;43.76059;3.86538;R;SP98;6;2026-10-07 08:34:15;2.375
34070017;1 RUE DE L'ABRIVADO;MONTPELLIER;43.59;3.889;R;Gazole;1;2026-10-07 00:01:00;2.25
34070017;1 RUE DE L'ABRIVADO;MONTPELLIER;43.59;3.889;R;E10;5;2026-10-07 00:01:00;1.99
34070017;1 RUE DE L'ABRIVADO;MONTPELLIER;43.59;3.889;R;SP98;6;2026-10-07 00:01:00;1.99
34400004;287 Avenue du Maréchal de Lattre de Tassigny;Lunel;43.676;4.128;R;Gazole;1;2026-10-07 07:31:00;2.352
34400004;287 Avenue du Maréchal de Lattre de Tassigny;Lunel;43.676;4.128;R;E10;5;2026-10-07 07:31:00;2.174
34400004;287 Avenue du Maréchal de Lattre de Tassigny;Lunel;43.676;4.128;R;SP98;6;2026-10-07 07:31:00;2.265
34740002;ROUTE D'ALES;Vendargues;43.656;3.962;R;Gazole;1;2026-10-07 07:31:00;2.341
34740002;ROUTE D'ALES;Vendargues;43.656;3.962;R;E10;5;2026-10-07 07:31:00;2.195
34740002;ROUTE D'ALES;Vendargues;43.656;3.962;R;SP98;6;2026-10-07 07:31:00;2.301
34770002;132 Avenue de Palavas;Montpellier;43.595;3.888;R;Gazole;1;2026-10-07 10:06:00;2.396
34770002;132 Avenue de Palavas;Montpellier;43.595;3.888;R;E10;5;2026-10-07 10:06:00;2.196
34770002;132 Avenue de Palavas;Montpellier;43.595;3.888;R;SP98;6;2026-10-07 10:06:00;2.276
49070009;RD 323 - DIRECTION ANGERS;BEAUCOUZE;47.466;-0.63;R;Gazole;1;2026-10-07 06:51:48;2.25
49070009;RD 323 - DIRECTION ANGERS;BEAUCOUZE;47.466;-0.63;R;E85;3;2026-10-07 00:01:00;0.903
49070009;RD 323 - DIRECTION ANGERS;BEAUCOUZE;47.466;-0.63;R;E10;5;2026-10-07 06:51:48;1.99
34740004;RN 113;VENDARGUES;43.654;3.966;R;Gazole;1;2026-10-07 00:01:00;2.25
34740004;RN 113;VENDARGUES;43.654;3.966;R;E85;3;2026-10-07 00:01:00;0.913
34740004;RN 113;VENDARGUES;43.654;3.966;R;E10;5;2026-10-07 00:01:00;1.99
34740004;RN 113;VENDARGUES;43.654;3.966;R;SP98;6;2026-10-07 00:01:00;1.99
37100010;45, QUAI DE MARMOUTIER;TOURS;47.40385;0.72656;R;Gazole;1;2026-10-07 00:01:00;2.25
37100010;45, QUAI DE MARMOUTIER;TOURS;47.40385;0.72656;R;E10;5;2026-10-07 00:01:00;1.99
38240004;45 Avenue des Sept Laux;MEYLAN;45.21538;5.78144;R;Gazole;1;2026-10-07 07:00:00;2.499
38240004;45 Avenue des Sept Laux;MEYLAN;45.21538;5.78144;R;E10;5;2026-10-07 07:00:00;2.299
38240004;45 Avenue des Sept Laux;MEYLAN;45.21538;5.78144;R;SP98;6;2026-10-07 07:00:00;2.399
38320002;128 Avenue Jean Jaurès;Eybens;45.15;5.75;R;Gazole;1;2026-10-07 07:31:00;2.368
38320002;128 Avenue Jean Jaurès;Eybens;45.15;5.75;R;E85;3;2026-10-07 07:31:00;1.007
38320002;128 Avenue Jean Jaurès;Eybens;45.15;5.75;R;E10;5;2026-10-07 07:31:00;2.184
38320002;128 Avenue Jean Jaurès;Eybens;45.15;5.75;R;SP98;6;2026-10-07 07:31:00;2.29
38430002;8 Route de Grenoble;Moirans;45.327;5.576;R;Gazole;1;2026-10-07 07:31:00;2.308
38430002;8 Route de Grenoble;Moirans;45.327;5.576;R;E10;5;2026-10-07 07:31:00;2.158
38430002;8 Route de Grenoble;Moirans;45.327;5.576;R;SP98;6;2026-10-07 07:31:00;2.249
38480007;Autouroute A43 Sens Chambéry - Lyon;ROMAGNIEU;45.578;5.634;A;Gazole;1;2026-10-07 07:41:00;2.54
38480007;Autouroute A43 Sens Chambéry - Lyon;ROMAGNIEU;45.578;5.634;A;GPLc;4;2026-10-07 07:41:00;1.099
38480007;Autouroute A43 Sens Chambéry - Lyon;ROMAGNIEU;45.578;5.634;A;E10;5;2026-10-07 07:41:00;2.364
38480007;Autouroute A43 Sens Chambéry - Lyon;ROMAGNIEU;45.578;5.634;A;SP98;6;2026-10-07 07:41:00;2.464
39140006;AIRE DU JURA;Arlay;46.776;5.523;A;Gazole;1;2026-10-07 00:01:00;2.669
39140006;AIRE DU JURA;Arlay;46.776;5.523;A;GPLc;4;2026-10-07 00:01:00;1.149
39140006;AIRE DU JURA;Arlay;46.776;5.523;A;E10;5;2026-10-07 00:01:00;2.469
39140006;AIRE DU JURA;Arlay;46.776;5.523;A;SP98;6;2026-10-07 00:01:00;2.569
81710002;11 BIS ROUTE DE Toulouse no;SAIX;43.58;2.175;R;E85;3;2026-10-07 00:01:00;0.926
33310007;RN230- AIRE DE LORMONT;LORMONT;44.873;-0.507;R;Gazole;1;2026-10-07 00:01:00;2.25
33310007;RN230- AIRE DE LORMONT;LORMONT;44.873;-0.507;R;GPLc;4;2026-10-07 00:01:00;0.972
33310007;RN230- AIRE DE LORMONT;LORMONT;44.873;-0.507;R;E10;5;2026-10-07 00:01:00;1.99
33310007;RN230- AIRE DE LORMONT;LORMONT;44.873;-0.507;R;SP98;6;2026-10-07 00:01:00;1.99
68730001;Rue du 19 Novembre;BLOTZHEIM;47.607;7.501;R;Gazole;1;2026-10-07 09:41:00;2.488
68730001;Rue du 19 Novembre;BLOTZHEIM;47.607;7.501;R;E10;5;2026-10-07 09:41:00;2.292
68730001;Rue du 19 Novembre;BLOTZHEIM;47.607;7.501;R;SP98;6;2026-10-07 09:41:00;2.431
54520006;10 AVENUE DE LA RESISTANCE;LAXOU;48.694;6.133;R;Gazole;1;2026-10-07 08:33:45;2.25
44370009;A11 - AIRE DE VARADES PAYS DE LOIRE;VARADES;47.419621;-1.0145410000000001;A;Gazole;1;2026-10-07 00:01:00;2.25
44370009;A11 - AIRE DE VARADES PAYS DE LOIRE;VARADES;47.419621;-1.0145410000000001;A;E85;3;2026-10-07 00:01:00;0.999
44370009;A11 - AIRE DE VARADES PAYS DE LOIRE;VARADES;47.419621;-1.0145410000000001;A;GPLc;4;2026-10-07 00:01:00;1.088
44370009;A11 - AIRE DE VARADES PAYS DE LOIRE;VARADES;47.419621;-1.0145410000000001;A;E10;5;2026-10-07 00:01:00;1.99
44370009;A11 - AIRE DE VARADES PAYS DE LOIRE;VARADES;47.419621;-1.0145410000000001;A;SP98;6;2026-10-07 00:01:00;1.99
61302001;Route De Paris Bp 45;L'Aigle;48.7605166;0.6421013;R;Gazole;1;2026-10-07 08:27:54;2.319
61302001;Route De Paris Bp 45;L'Aigle;48.7605166;0.6421013;R;SP98;6;2026-10-07 08:27:54;2.229
62660003;ZONE DU MOULIN RUE ARTHUR LAMENDIN;BEUVRY;50.513;2.689;R;Gazole;1;2026-10-07 07:25:25;2.315
62660003;ZONE DU MOULIN RUE ARTHUR LAMENDIN;BEUVRY;50.513;2.689;R;E85;3;2026-10-07 07:25:25;0.859
62660003;ZONE DU MOULIN RUE ARTHUR LAMENDIN;BEUVRY;50.513;2.689;R;E10;5;2026-10-07 07:25:25;2.125
62660003;ZONE DU MOULIN RUE ARTHUR LAMENDIN;BEUVRY;50.513;2.689;R;SP98;6;2026-10-07 07:25:25;2.225
47550007;RTE DE TOULOUSE RN 113;BOE;44.18603;0.66242;R;Gazole;1;2026-10-07 09:10:17;2.25
47550007;RTE DE TOULOUSE RN 113;BOE;44.18603;0.66242;R;E10;5;2026-10-07 09:10:17;1.99
47550007;RTE DE TOULOUSE RN 113;BOE;44.18603;0.66242;R;SP98;6;2026-10-07 09:10:17;1.99
13300005;Vieille Route Pélissanne;Salon-de-Provence;43.628;5.116;R;Gazole;1;2026-10-07 07:28:53;2.303
13300005;Vieille Route Pélissanne;Salon-de-Provence;43.628;5.116;R;E10;5;2026-10-07 07:28:53;2.151
50110002;ZI PORTUAIRE DES MIELLES;Tourlaville;49.645;-1.599;R;Gazole;1;2026-10-07 07:31:00;2.368
50110002;ZI PORTUAIRE DES MIELLES;Tourlaville;49.645;-1.599;R;E10;5;2026-10-07 07:31:00;2.208
50110002;ZI PORTUAIRE DES MIELLES;Tourlaville;49.645;-1.599;R;SP98;6;2026-10-07 07:31:00;2.324
77100023;334 AVENUE DE LA VICTOIRE;MEAUX;48.95742;2.93791;R;Gazole;1;2026-10-07 00:01:00;2.25
77100023;334 AVENUE DE LA VICTOIRE;MEAUX;48.95742;2.93791;R;E85;3;2026-10-07 00:01:00;0.893
77100023;334 AVENUE DE LA VICTOIRE;MEAUX;48.95742;2.93791;R;E10;5;2026-10-07 00:01:00;1.99
45500008;94 AVENUE PRESIDENT WILSON;GIEN;47.698;2.632;R;Gazole;1;2026-10-07 00:01:00;2.25
45500008;94 AVENUE PRESIDENT WILSON;GIEN;47.698;2.632;R;E85;3;2026-10-07 00:01:00;0.894
45500008;94 AVENUE PRESIDENT WILSON;GIEN;47.698;2.632;R;E10;5;2026-10-07 00:01:00;1.99
45500008;94 AVENUE PRESIDENT WILSON;GIEN;47.698;2.632;R;SP98;6;2026-10-07 00:01:00;1.99
51510001;Rte De Troyes, Rn 77;Fagnières;48.941847431102005;4.341183424164;R;Gazole;1;2026-10-07 07:31:00;2.363
51510001;Rte De Troyes, Rn 77;Fagnières;48.941847431102005;4.341183424164;R;E85;3;2026-10-07 07:31:00;0.964
51510001;Rte De Troyes, Rn 77;Fagnières;48.941847431102005;4.341183424164;R;E10;5;2026-10-07 07:31:00;2.157
51510001;Rte De Troyes, Rn 77;Fagnières;48.941847431102005;4.341183424164;R;SP98;6;2026-10-07 07:31:00;2.283
52000005;1 Avenue Pierre Burello;Chaumont;48.118;5.143;R;Gazole;1;2026-10-07 07:31:00;2.411
52000005;1 Avenue Pierre Burello;Chaumont;48.118;5.143;R;E10;5;2026-10-07 07:31:00;2.198
52000005;1 Avenue Pierre Burello;Chaumont;48.118;5.143;R;SP98;6;2026-10-07 07:31:00;2.341
54000009;47 Boulevard Jean Jaurès;Nancy;48.681;6.179;R;Gazole;1;2026-10-07 07:31:00;2.397
54000009;47 Boulevard Jean Jaurès;Nancy;48.681;6.179;R;E10;5;2026-10-07 07:31:00;2.209
54000009;47 Boulevard Jean Jaurès;Nancy;48.681;6.179;R;SP98;6;2026-10-07 07:31:00;2.321
54000008;40 Avenue de la Libération;Nancy;48.692;6.168;R;Gazole;1;2026-10-07 07:31:00;2.444
54000008;40 Avenue de la Libération;Nancy;48.692;6.168;R;E10;5;2026-10-07 07:31:00;2.199
54000008;40 Avenue de la Libération;Nancy;48.692;6.168;R;SP98;6;2026-10-07 07:31:00;2.338
53100007;ROUTE DE PARIS - Boulevard Paul Lintier;MAYENNE;48.309772313978996;-0.6054991359854;R;E85;3;2026-10-07 09:49:42;0.919
53100007;ROUTE DE PARIS - Boulevard Paul Lintier;MAYENNE;48.309772313978996;-0.6054991359854;R;E10;5;2026-10-07 09:49:42;1.99
53100007;ROUTE DE PARIS - Boulevard Paul Lintier;MAYENNE;48.309772313978996;-0.6054991359854;R;SP98;6;2026-10-07 09:49:42;1.99
54290001;2 rue de Virecourt;BAYON;48.470178536700004;6.31258506253;R;SP95;2;2026-10-07 08:41:10;2.276
84130010;1661 RTE DE SORGUES - RN 7;LE PONTET;43.978;4.858;R;Gazole;1;2026-10-07 00:01:00;2.25
84130010;1661 RTE DE SORGUES - RN 7;LE PONTET;43.978;4.858;R;GPLc;4;2026-10-07 00:01:00;1.039
84130010;1661 RTE DE SORGUES - RN 7;LE PONTET;43.978;4.858;R;E10;5;2026-10-07 00:01:00;1.99
57000009;28 Avenue André Malraux;Metz;49.106;6.179;R;Gazole;1;2026-10-07 07:31:00;2.421
57000009;28 Avenue André Malraux;Metz;49.106;6.179;R;E10;5;2026-10-07 07:31:00;2.188
57000009;28 Avenue André Malraux;Metz;49.106;6.179;R;SP98;6;2026-10-07 07:31:00;2.321
57700002;RUE DU MARECHAL FOCH;Hayange;49.331;6.057;R;Gazole;1;2026-10-07 07:41:00;2.324
57700002;RUE DU MARECHAL FOCH;Hayange;49.331;6.057;R;E10;5;2026-10-07 07:41:00;2.167
57700002;RUE DU MARECHAL FOCH;Hayange;49.331;6.057;R;SP98;6;2026-10-07 07:41:00;2.248
57600015;19 RUE NATIONALE;FORBACH;49.19;6.908;R;Gazole;1;2026-10-07 00:01:00;2.25
57600015;19 RUE NATIONALE;FORBACH;49.19;6.908;R;GPLc;4;2026-10-07 00:01:00;1.009
68260001;45 Rue d'illzach;KINGERSHEIM;47.791;7.342;R;Gazole;1;2026-10-07 09:41:00;2.365
68260001;45 Rue d'illzach;KINGERSHEIM;47.791;7.342;R;E85;3;2026-10-07 09:41:00;0.891
68260001;45 Rue d'illzach;KINGERSHEIM;47.791;7.342;R;E10;5;2026-10-07 09:41:00;2.222
68260001;45 Rue d'illzach;KINGERSHEIM;47.791;7.342;R;SP98;6;2026-10-07 09:41:00;2.323
2100013;Rue Antoine Parmentier;SAINT-QUENTIN;49.8536640026;3.26295970618;R;Gazole;1;2026-10-07 07:36:43;2.266
31150006;5 rue Gutenberg;Bruguières;43.721;1.399;R;Gazole;1;2026-10-07 10:50:00;2.329
31150006;5 rue Gutenberg;Bruguières;43.721;1.399;R;E85;3;2026-10-07 10:50:00;0.869
31150006;5 rue Gutenberg;Bruguières;43.721;1.399;R;E10;5;2026-10-07 10:50:00;2.169
31150006;5 rue Gutenberg;Bruguières;43.721;1.399;R;SP98;6;2026-10-07 10:50:00;2.265
60330004;5 ROUTE DE PARIS;Le Plessis-Belleville;49.096696560788;2.7494676177426998;R;Gazole;1;2026-10-07 10:05:17;2.25
60330004;5 ROUTE DE PARIS;Le Plessis-Belleville;49.096696560788;2.7494676177426998;R;E85;3;2026-10-07 10:05:17;0.883
60330004;5 ROUTE DE PARIS;Le Plessis-Belleville;49.096696560788;2.7494676177426998;R;GPLc;4;2026-10-07 10:05:17;0.984
60330004;5 ROUTE DE PARIS;Le Plessis-Belleville;49.096696560788;2.7494676177426998;R;E10;5;2026-10-07 10:05:17;1.99
60330004;5 ROUTE DE PARIS;Le Plessis-Belleville;49.096696560788;2.7494676177426998;R;SP98;6;2026-10-07 10:05:17;1.99
6000028;29 BIS AV. PAUL ARENE;NICE;43.706;7.251;R;Gazole;1;2026-10-07 00:01:00;2.25
6000028;29 BIS AV. PAUL ARENE;NICE;43.706;7.251;R;E85;3;2026-10-07 00:01:00;0.917
6000028;29 BIS AV. PAUL ARENE;NICE;43.706;7.251;R;E10;5;2026-10-07 00:01:00;1.99
6000028;29 BIS AV. PAUL ARENE;NICE;43.706;7.251;R;SP98;6;2026-10-07 00:01:00;1.99
84000009;10 Avenue Eisenhower;Avignon;43.94;4.798;R;Gazole;1;2026-10-07 08:30:00;2.296
84000009;10 Avenue Eisenhower;Avignon;43.94;4.798;R;E10;5;2026-10-07 08:30:00;2.178
76810002;Rue de la République;Luneray;49.832925015872995;0.91717087582721;R;Gazole;1;2026-10-07 09:48:50;2.343
76810002;Rue de la République;Luneray;49.832925015872995;0.91717087582721;R;E10;5;2026-10-07 09:48:50;2.099
76810002;Rue de la République;Luneray;49.832925015872995;0.91717087582721;R;SP98;6;2026-10-07 09:48:50;2.223
83480005;RN 7 Quartier le GABRON;PUGET-SUR-ARGENS;43.458;6.678;R;Gazole;1;2026-10-07 07:22:39;2.36
83480005;RN 7 Quartier le GABRON;PUGET-SUR-ARGENS;43.458;6.678;R;E85;3;2026-10-07 07:22:39;0.908
61000005;71 Avenue de Quakenbruck;Alençon;48.44;0.105;R;Gazole;1;2026-10-07 07:32:00;2.389
61000005;71 Avenue de Quakenbruck;Alençon;48.44;0.105;R;E10;5;2026-10-07 07:32:00;2.181
61000005;71 Avenue de Quakenbruck;Alençon;48.44;0.105;R;SP98;6;2026-10-07 07:32:00;2.294
62630006;Autoroute A16 péage le touquet;Étaples;50.507;1.68;A;Gazole;1;2026-10-07 09:30:00;2.659
62630006;Autoroute A16 péage le touquet;Étaples;50.507;1.68;A;SP98;6;2026-10-07 09:30:00;2.707
62290003;47 Rue Nationale;NOEUX-LES-MINES;50.484;2.659;R;Gazole;1;2026-10-07 08:55:42;2.47
62290003;47 Rue Nationale;NOEUX-LES-MINES;50.484;2.659;R;E10;5;2026-10-07 08:55:42;2.27
62290003;47 Rue Nationale;NOEUX-LES-MINES;50.484;2.659;R;SP98;6;2026-10-07 08:55:42;2.4
55000004;Avenue de la Grande Terre;BAR-LE-DUC;48.757;5.192;R;Gazole;1;2026-10-07 10:10:00;2.358
55000004;Avenue de la Grande Terre;BAR-LE-DUC;48.757;5.192;R;E85;3;2026-10-07 10:10:00;0.862
55000004;Avenue de la Grande Terre;BAR-LE-DUC;48.757;5.192;R;E10;5;2026-10-07 10:10:00;2.145
55000004;Avenue de la Grande Terre;BAR-LE-DUC;48.757;5.192;R;SP98;6;2026-10-07 10:10:00;2.234
62600005;481 RUE IMPERATRICE;Berck;50.40858;1.59383;R;E10;5;2026-10-07 00:01:00;1.99
62740001;CD 46;Fouquières-lès-Lens;50.424;2.918;R;Gazole;1;2026-10-07 07:31:00;2.352
62740001;CD 46;Fouquières-lès-Lens;50.424;2.918;R;E85;3;2026-10-07 07:31:00;0.964
62740001;CD 46;Fouquières-lès-Lens;50.424;2.918;R;E10;5;2026-10-07 07:31:00;2.15
62740001;CD 46;Fouquières-lès-Lens;50.424;2.918;R;SP98;6;2026-10-07 07:31:00;2.23
62500003;109 Rue d'Arras;Saint-Omer;50.744;2.26;R;Gazole;1;2026-10-07 07:31:00;2.39
62500003;109 Rue d'Arras;Saint-Omer;50.744;2.26;R;E85;3;2026-10-07 07:31:00;0.92
62500003;109 Rue d'Arras;Saint-Omer;50.744;2.26;R;E10;5;2026-10-07 07:31:00;2.179
62500003;109 Rue d'Arras;Saint-Omer;50.744;2.26;R;SP98;6;2026-10-07 07:31:00;2.316
62490003;1bis route nationale 50;Fresnes-lès-Montauban;50.332;2.934;R;Gazole;1;2026-10-07 00:01:00;2.25
62490003;1bis route nationale 50;Fresnes-lès-Montauban;50.332;2.934;R;E10;5;2026-10-07 00:01:00;1.99
62490003;1bis route nationale 50;Fresnes-lès-Montauban;50.332;2.934;R;SP98;6;2026-10-07 00:01:00;1.99
63000007;21 BOULEVARD POCHET LAGAYE;Clermont-Ferrand;45.766;3.105;R;Gazole;1;2026-10-07 07:31:00;2.329
63000007;21 BOULEVARD POCHET LAGAYE;Clermont-Ferrand;45.766;3.105;R;E10;5;2026-10-07 07:31:00;2.149
63000007;21 BOULEVARD POCHET LAGAYE;Clermont-Ferrand;45.766;3.105;R;SP98;6;2026-10-07 07:31:00;2.276
63000008;AV DU PUY DE DOME;Clermont-Ferrand;45.788;3.058;R;Gazole;1;2026-10-07 07:31:00;2.388
63000008;AV DU PUY DE DOME;Clermont-Ferrand;45.788;3.058;R;E85;3;2026-10-07 07:31:00;1.016
63000008;AV DU PUY DE DOME;Clermont-Ferrand;45.788;3.058;R;E10;5;2026-10-07 07:31:00;2.178
63000008;AV DU PUY DE DOME;Clermont-Ferrand;45.788;3.058;R;SP98;6;2026-10-07 07:31:00;2.298
64140005;90 RTE DE BAYONNE;BILLERE;43.306;-0.403;R;Gazole;1;2026-10-07 00:01:00;2.25
64140005;90 RTE DE BAYONNE;BILLERE;43.306;-0.403;R;GPLc;4;2026-10-07 00:01:00;0.999
64140005;90 RTE DE BAYONNE;BILLERE;43.306;-0.403;R;E10;5;2026-10-07 00:01:00;1.99
64140005;90 RTE DE BAYONNE;BILLERE;43.306;-0.403;R;SP98;6;2026-10-07 00:01:00;1.99
65100004;4 Avenue François Abadie;Lourdes;43.108;-0.039;R;Gazole;1;2026-10-07 07:31:00;2.324
65100004;4 Avenue François Abadie;Lourdes;43.108;-0.039;R;E10;5;2026-10-07 07:31:00;2.145
65100004;4 Avenue François Abadie;Lourdes;43.108;-0.039;R;SP98;6;2026-10-07 07:31:00;2.257
66000010;43 Avenue du Général Guillaut;Perpignan;42.689;2.894;R;Gazole;1;2026-10-07 07:31:00;2.402
66000010;43 Avenue du Général Guillaut;Perpignan;42.689;2.894;R;E85;3;2026-10-07 07:31:00;0.988
66000010;43 Avenue du Général Guillaut;Perpignan;42.689;2.894;R;E10;5;2026-10-07 07:31:00;2.222
66000010;43 Avenue du Général Guillaut;Perpignan;42.689;2.894;R;SP98;6;2026-10-07 07:31:00;2.34
66380001;KM 6 ROUTE NATIONALE 9;Pia;42.749;2.895;R;Gazole;1;2026-10-07 07:31:00;2.357
66380001;KM 6 ROUTE NATIONALE 9;Pia;42.749;2.895;R;E10;5;2026-10-07 07:31:00;2.2
66380001;KM 6 ROUTE NATIONALE 9;Pia;42.749;2.895;R;SP98;6;2026-10-07 07:31:00;2.294
67100002;250 Avenue de Colmar;Strasbourg;48.553;7.744;R;Gazole;1;2026-10-07 07:31:00;2.531
67100002;250 Avenue de Colmar;Strasbourg;48.553;7.744;R;E85;3;2026-10-07 07:31:00;0.998
67100002;250 Avenue de Colmar;Strasbourg;48.553;7.744;R;E10;5;2026-10-07 07:31:00;2.333
67100002;250 Avenue de Colmar;Strasbourg;48.553;7.744;R;SP98;6;2026-10-07 07:31:00;2.413
67190009;RTE EXPRESS VALLEE LA BRUCHE;GRESSWILLER;48.534;7.402;R;Gazole;1;2026-10-07 06:03:40;2.25
67190009;RTE EXPRESS VALLEE LA BRUCHE;GRESSWILLER;48.534;7.402;R;E10;5;2026-10-07 06:03:40;1.99
67000027;CENTRE ROUTIER DE RHEINFELD;STRASBOURG;48.524349926212004;7.7838726035692;R;Gazole;1;2026-10-07 00:01:00;2.25
67640005;RD1083 - Rue de Lyon;ICHTRATZHEIM;48.485373326754;7.6737249943185;R;GPLc;4;2026-10-07 00:01:00;0.999
69004002;22 Rue Philippe de Lassalle;Lyon;45.776;4.821;R;Gazole;1;2026-10-07 07:31:00;2.345
69004002;22 Rue Philippe de Lassalle;Lyon;45.776;4.821;R;E85;3;2026-10-07 07:31:00;1.011
69004002;22 Rue Philippe de Lassalle;Lyon;45.776;4.821;R;E10;5;2026-10-07 07:31:00;2.175
69004002;22 Rue Philippe de Lassalle;Lyon;45.776;4.821;R;SP98;6;2026-10-07 07:31:00;2.271
69190009;130 Boulevard Yves Farges;Saint Fons;45.694966899433;4.858971992182799;R;Gazole;1;2026-10-07 06:00:00;2.499
69190009;130 Boulevard Yves Farges;Saint Fons;45.694966899433;4.858971992182799;R;E85;3;2026-10-07 06:00:00;0.949
69190009;130 Boulevard Yves Farges;Saint Fons;45.694966899433;4.858971992182799;R;E10;5;2026-10-07 06:00:00;2.299
69190009;130 Boulevard Yves Farges;Saint Fons;45.694966899433;4.858971992182799;R;SP98;6;2026-10-07 06:00:00;2.399
69130003;28 Avenue Édouard Aynard;Écully;45.779;4.779;R;Gazole;1;2026-10-07 07:40:00;2.384
69130003;28 Avenue Édouard Aynard;Écully;45.779;4.779;R;E10;5;2026-10-07 07:40:00;2.17
69130003;28 Avenue Édouard Aynard;Écully;45.779;4.779;R;SP98;6;2026-10-07 07:40:00;2.25
69250008;Route de Lyon;Fleurieu-sur-Saône;45.855;4.84;R;Gazole;1;2026-10-07 06:00:00;2.499
69250008;Route de Lyon;Fleurieu-sur-Saône;45.855;4.84;R;E10;5;2026-10-07 06:00:00;2.279
69250008;Route de Lyon;Fleurieu-sur-Saône;45.855;4.84;R;SP98;6;2026-10-07 06:00:00;2.379
69210004;30 QUAI DE LA BREVENNE;Sain-Bel;45.812;4.601;R;Gazole;1;2026-10-07 07:31:00;2.348
69210004;30 QUAI DE LA BREVENNE;Sain-Bel;45.812;4.601;R;E85;3;2026-10-07 07:31:00;1.021
69210004;30 QUAI DE LA BREVENNE;Sain-Bel;45.812;4.601;R;E10;5;2026-10-07 07:31:00;2.188
69210004;30 QUAI DE LA BREVENNE;Sain-Bel;45.812;4.601;R;SP98;6;2026-10-07 07:31:00;2.298
69410006;3 AVE GENERAL DE GAULLE;CHAMPAGNE-AU-MONT-D'OR;45.8004247;4.7867323;R;Gazole;1;2026-10-07 06:00:00;2.449
69410006;3 AVE GENERAL DE GAULLE;CHAMPAGNE-AU-MONT-D'OR;45.8004247;4.7867323;R;E10;5;2026-10-07 06:00:00;2.229
69410006;3 AVE GENERAL DE GAULLE;CHAMPAGNE-AU-MONT-D'OR;45.8004247;4.7867323;R;SP98;6;2026-10-07 06:00:00;2.329
69400005;705 Rue d'Anse;Villefranche-sur-Saône;45.979;4.718;R;Gazole;1;2026-10-07 07:31:00;2.337
69400005;705 Rue d'Anse;Villefranche-sur-Saône;45.979;4.718;R;E85;3;2026-10-07 07:31:00;1.07
69400005;705 Rue d'Anse;Villefranche-sur-Saône;45.979;4.718;R;E10;5;2026-10-07 07:31:00;2.207
69400005;705 Rue d'Anse;Villefranche-sur-Saône;45.979;4.718;R;SP98;6;2026-10-07 07:31:00;2.328
69400006;145 Boulevard Roger Salengro;Villefranche-sur-Saône;45.998;4.716;R;Gazole;1;2026-10-07 07:31:00;2.379
69400006;145 Boulevard Roger Salengro;Villefranche-sur-Saône;45.998;4.716;R;E10;5;2026-10-07 07:31:00;2.208
69400006;145 Boulevard Roger Salengro;Villefranche-sur-Saône;45.998;4.716;R;SP98;6;2026-10-07 07:31:00;2.288
69570002;AIRE PORTE DE LYON;DARDILLY;45.813;4.756;R;Gazole;1;2026-10-07 07:31:00;2.397
69570002;AIRE PORTE DE LYON;DARDILLY;45.813;4.756;R;E85;3;2026-10-07 07:31:00;1.051
69570002;AIRE PORTE DE LYON;DARDILLY;45.813;4.756;R;E10;5;2026-10-07 07:31:00;2.206
69570002;AIRE PORTE DE LYON;DARDILLY;45.813;4.756;R;SP98;6;2026-10-07 07:31:00;2.322
69800019;248 ROUTE DE GRENOBLE;Saint-Priest;45.7184281;4.9528496;R;Gazole;1;2026-10-07 00:01:00;2.25
69800019;248 ROUTE DE GRENOBLE;Saint-Priest;45.7184281;4.9528496;R;E10;5;2026-10-07 00:01:00;1.99
69800019;248 ROUTE DE GRENOBLE;Saint-Priest;45.7184281;4.9528496;R;SP98;6;2026-10-07 00:01:00;1.99
69800017;91 RTE DE GRENOBLE;Saint-Priest;45.707;4.989;R;Gazole;1;2026-10-07 10:15:05;2.25
69800017;91 RTE DE GRENOBLE;Saint-Priest;45.707;4.989;R;E10;5;2026-10-07 10:15:05;1.99
69800014;RN 6- ROUTE DE GRENOBLE;Saint-Priest;45.7181;4.95269;R;Gazole;1;2026-10-07 09:00:00;2.25
69800014;RN 6- ROUTE DE GRENOBLE;Saint-Priest;45.7181;4.95269;R;E10;5;2026-10-07 09:00:00;1.99
70300011;37 Rue Edouard Herriot,;Saint-Sauveur;47.809263;6.383487;R;Gazole;1;2026-10-07 06:00:00;2.499
70300011;37 Rue Edouard Herriot,;Saint-Sauveur;47.809263;6.383487;R;E10;5;2026-10-07 06:00:00;2.259
70300011;37 Rue Edouard Herriot,;Saint-Sauveur;47.809263;6.383487;R;SP98;6;2026-10-07 06:00:00;2.359
71100027;52 RTE DE LYON;Saint-Remy;46.76543;4.84228;R;Gazole;1;2026-10-07 08:33:00;2.25
71100027;52 RTE DE LYON;Saint-Remy;46.76543;4.84228;R;E10;5;2026-10-07 08:33:00;1.99
71400013;AVENUE DU 2 EME DRAGON RD 978;AUTUN;46.95595176369999;4.31256303356;R;Gazole;1;2026-10-07 00:01:00;2.25
71400013;AVENUE DU 2 EME DRAGON RD 978;AUTUN;46.95595176369999;4.31256303356;R;E10;5;2026-10-07 00:01:00;1.99
73000014;427 RUE DUCRETET;CHAMBERY;45.5933597618;5.896568816749999;R;Gazole;1;2026-10-07 00:01:00;2.25
73000014;427 RUE DUCRETET;CHAMBERY;45.5933597618;5.896568816749999;R;GPLc;4;2026-10-07 00:01:00;1.059
73000014;427 RUE DUCRETET;CHAMBERY;45.5933597618;5.896568816749999;R;E10;5;2026-10-07 00:01:00;1.99
73000014;427 RUE DUCRETET;CHAMBERY;45.5933597618;5.896568816749999;R;SP98;6;2026-10-07 00:01:00;1.99
73390008;AIRE DE VAL GELONAUTOROUTE A43;CHATEAUNEUF;45.547;6.156;A;Gazole;1;2026-10-07 00:00:00;2.669
73390008;AIRE DE VAL GELONAUTOROUTE A43;CHATEAUNEUF;45.547;6.156;A;E10;5;2026-10-07 00:00:00;2.469
73390008;AIRE DE VAL GELONAUTOROUTE A43;CHATEAUNEUF;45.547;6.156;A;SP98;6;2026-10-07 00:00:00;2.569
74000014;18 BD.DE LA ROCADE;ANNECY;45.90803;6.11613;R;Gazole;1;2026-10-07 00:01:00;2.25
74000014;18 BD.DE LA ROCADE;ANNECY;45.90803;6.11613;R;E85;3;2026-10-07 00:01:00;0.922
74000014;18 BD.DE LA ROCADE;ANNECY;45.90803;6.11613;R;GPLc;4;2026-10-07 00:01:00;0.979
74000014;18 BD.DE LA ROCADE;ANNECY;45.90803;6.11613;R;E10;5;2026-10-07 00:01:00;1.99
74000014;18 BD.DE LA ROCADE;ANNECY;45.90803;6.11613;R;SP98;6;2026-10-07 00:01:00;1.99
74300003;1 Avenue du Mont-Blanc;Cluses;46.059;6.574;R;Gazole;1;2026-10-07 07:31:00;2.388
74300003;1 Avenue du Mont-Blanc;Cluses;46.059;6.574;R;E85;3;2026-10-07 07:31:00;1.02
74300003;1 Avenue du Mont-Blanc;Cluses;46.059;6.574;R;E10;5;2026-10-07 07:31:00;2.215
74300003;1 Avenue du Mont-Blanc;Cluses;46.059;6.574;R;SP98;6;2026-10-07 07:31:00;2.384
85170001;BOULEVARD DE LA VIE;Belleville-sur-Vie;46.78336;-1.42742;R;Gazole;1;2026-10-07 07:35:18;2.289
74500009;9 AVENUE ANNA DE NOUAILLES;Évian-les-Bains;46.399;6.58;R;Gazole;1;2026-10-07 06:00:00;2.529
74500009;9 AVENUE ANNA DE NOUAILLES;Évian-les-Bains;46.399;6.58;R;SP95;2;2026-10-07 06:00:00;2.369
74500009;9 AVENUE ANNA DE NOUAILLES;Évian-les-Bains;46.399;6.58;R;SP98;6;2026-10-07 06:00:00;2.469
75010003;2/6 RUE LOUIS BLANC;Paris;48.879;2.37;R;Gazole;1;2026-10-07 07:31:00;2.397
75010003;2/6 RUE LOUIS BLANC;Paris;48.879;2.37;R;E10;5;2026-10-07 07:31:00;2.156
75010003;2/6 RUE LOUIS BLANC;Paris;48.879;2.37;R;SP98;6;2026-10-07 07:31:00;2.297
75013023;RUE JEAN-BAPTISTE BERLIER - QUAI;PARIS 13;48.82586;2.38433;R;Gazole;1;2026-10-07 06:00:00;2.25
83190006;715 RTE DE LA SEYNE;OLLIOULES;43.12237;5.84962;R;Gazole;1;2026-10-07 00:01:00;2.25
83190006;715 RTE DE LA SEYNE;OLLIOULES;43.12237;5.84962;R;E10;5;2026-10-07 00:01:00;1.99
83190006;715 RTE DE LA SEYNE;OLLIOULES;43.12237;5.84962;R;SP98;6;2026-10-07 00:01:00;1.99
76150002;AUTOROUTE A 15;Saint-Jean-du-Cardonnay;49.495;0.998;A;Gazole;1;2026-10-07 07:32:00;2.464
76150002;AUTOROUTE A 15;Saint-Jean-du-Cardonnay;49.495;0.998;A;E85;3;2026-10-07 07:32:00;0.968
76150002;AUTOROUTE A 15;Saint-Jean-du-Cardonnay;49.495;0.998;A;E10;5;2026-10-07 07:32:00;2.285
76150002;AUTOROUTE A 15;Saint-Jean-du-Cardonnay;49.495;0.998;A;SP98;6;2026-10-07 07:32:00;2.369
59370004;RN 356 - VOIE RAPIDE URBAINE;Mons-en-Barœul;50.648;3.099;R;Gazole;1;2026-10-07 00:01:00;2.25
59370004;RN 356 - VOIE RAPIDE URBAINE;Mons-en-Barœul;50.648;3.099;R;E85;3;2026-10-07 00:01:00;0.863
59370004;RN 356 - VOIE RAPIDE URBAINE;Mons-en-Barœul;50.648;3.099;R;GPLc;4;2026-10-07 00:01:00;0.965
59370004;RN 356 - VOIE RAPIDE URBAINE;Mons-en-Barœul;50.648;3.099;R;E10;5;2026-10-07 00:01:00;1.99
59370004;RN 356 - VOIE RAPIDE URBAINE;Mons-en-Barœul;50.648;3.099;R;SP98;6;2026-10-07 00:01:00;1.99
88800001;65 Place de la Marne;VITTEL;48.20196;5.942;R;Gazole;1;2026-10-07 11:09:24;2.25
30200003;22 Avenue F Mitterrand;BAGNOLS-SUR-CEZE;44.172;4.62;R;Gazole;1;2026-10-07 06:01:13;2.25
30200003;22 Avenue F Mitterrand;BAGNOLS-SUR-CEZE;44.172;4.62;R;E10;5;2026-10-07 06:01:13;1.99
76530002;RN 138 LES ESSARTS;Grand-Couronne;49.354;1.03;R;Gazole;1;2026-10-07 07:31:00;2.353
76530002;RN 138 LES ESSARTS;Grand-Couronne;49.354;1.03;R;E85;3;2026-10-07 07:31:00;0.969
76530002;RN 138 LES ESSARTS;Grand-Couronne;49.354;1.03;R;E10;5;2026-10-07 07:31:00;2.18
76530002;RN 138 LES ESSARTS;Grand-Couronne;49.354;1.03;R;SP98;6;2026-10-07 07:31:00;2.313
76620003;253 Rue du Bois au Coq;Le Havre;49.512;0.127;R;Gazole;1;2026-10-07 07:31:00;2.395
76620003;253 Rue du Bois au Coq;Le Havre;49.512;0.127;R;E10;5;2026-10-07 07:31:00;2.164
76620003;253 Rue du Bois au Coq;Le Havre;49.512;0.127;R;SP98;6;2026-10-07 07:31:00;2.288
33220006;80 avenue de la Résistance;PINEUILH;44.826;0.221;R;Gazole;1;2026-10-07 10:52:00;2.33
33220006;80 avenue de la Résistance;PINEUILH;44.826;0.221;R;SP95;2;2026-10-07 10:52:00;2.186
33220006;80 avenue de la Résistance;PINEUILH;44.826;0.221;R;E85;3;2026-10-07 10:52:00;0.846
33220006;80 avenue de la Résistance;PINEUILH;44.826;0.221;R;GPLc;4;2026-10-07 10:52:00;1.018
33220006;80 avenue de la Résistance;PINEUILH;44.826;0.221;R;E10;5;2026-10-07 10:52:00;2.112
33220006;80 avenue de la Résistance;PINEUILH;44.826;0.221;R;SP98;6;2026-10-07 10:52:00;2.232
71210009;RN 80 ROND POINT J. ROSE;MONTCHANIN;46.75547;4.48622;R;E10;5;2026-10-07 00:01:00;1.99
77100022;30/34 RUE FRANCOIS DE TESSAN;MEAUX;48.949037155409;2.8797154887761;R;Gazole;1;2026-10-07 00:01:00;2.25
77100022;30/34 RUE FRANCOIS DE TESSAN;MEAUX;48.949037155409;2.8797154887761;R;E85;3;2026-10-07 00:01:00;0.882
77100022;30/34 RUE FRANCOIS DE TESSAN;MEAUX;48.949037155409;2.8797154887761;R;GPLc;4;2026-10-07 00:01:00;1.032
77100022;30/34 RUE FRANCOIS DE TESSAN;MEAUX;48.949037155409;2.8797154887761;R;E10;5;2026-10-07 00:01:00;1.99
77100022;30/34 RUE FRANCOIS DE TESSAN;MEAUX;48.949037155409;2.8797154887761;R;SP98;6;2026-10-07 00:01:00;1.99
77100021;1-5 AVENUE DE MELUN;Nanteuil-lès-Meaux;48.949357283122;2.8803708160285;R;Gazole;1;2026-10-07 00:01:00;2.25
77100021;1-5 AVENUE DE MELUN;Nanteuil-lès-Meaux;48.949357283122;2.8803708160285;R;E10;5;2026-10-07 00:01:00;1.99
77100021;1-5 AVENUE DE MELUN;Nanteuil-lès-Meaux;48.949357283122;2.8803708160285;R;SP98;6;2026-10-07 00:01:00;1.99
29300002;Rue du Pont Aven;Quimperlé;47.871;-3.567;R;Gazole;1;2026-10-07 10:00:00;2.338
29300002;Rue du Pont Aven;Quimperlé;47.871;-3.567;R;SP95;2;2026-10-07 10:00:00;2.209
29300002;Rue du Pont Aven;Quimperlé;47.871;-3.567;R;E10;5;2026-10-07 10:00:00;2.134
29300002;Rue du Pont Aven;Quimperlé;47.871;-3.567;R;SP98;6;2026-10-07 10:00:00;2.239
80000013;7 BD DU PORT D'AVAL;AMIENS;49.898;2.292;R;Gazole;1;2026-10-07 00:01:00;2.25
80000013;7 BD DU PORT D'AVAL;AMIENS;49.898;2.292;R;E85;3;2026-10-07 00:01:00;0.903
80000013;7 BD DU PORT D'AVAL;AMIENS;49.898;2.292;R;E10;5;2026-10-07 00:01:00;1.99
80000013;7 BD DU PORT D'AVAL;AMIENS;49.898;2.292;R;SP98;6;2026-10-07 00:01:00;1.99
77600003;AUTOROUTE A4 - AIRE DE BUSSY ST GEORGES;Bussy-Saint-Georges;48.829492394000006;2.74003485613;A;Gazole;1;2026-10-07 00:01:00;2.25
77600003;AUTOROUTE A4 - AIRE DE BUSSY ST GEORGES;Bussy-Saint-Georges;48.829492394000006;2.74003485613;A;E85;3;2026-10-07 00:01:00;0.999
77600003;AUTOROUTE A4 - AIRE DE BUSSY ST GEORGES;Bussy-Saint-Georges;48.829492394000006;2.74003485613;A;E10;5;2026-10-07 00:01:00;1.99
74120006;ROUTE NATIONALE 522;MEGEVE;45.865;6.626;R;Gazole;1;2026-10-07 00:01:00;2.25
74120006;ROUTE NATIONALE 522;MEGEVE;45.865;6.626;R;E85;3;2026-10-07 00:01:00;0.929
74120006;ROUTE NATIONALE 522;MEGEVE;45.865;6.626;R;E10;5;2026-10-07 00:01:00;1.99
19120001;39 Avenue des Généraux Marbot;Altillac;44.973;1.849;R;Gazole;1;2026-10-07 07:12:34;2.318
77120007;19-29 AV. VICTOR HUGO;COULOMMIERS;48.8160809795;3.08307394086;R;Gazole;1;2026-10-07 00:01:00;2.25
77120007;19-29 AV. VICTOR HUGO;COULOMMIERS;48.8160809795;3.08307394086;R;E85;3;2026-10-07 00:01:00;0.896
77120007;19-29 AV. VICTOR HUGO;COULOMMIERS;48.8160809795;3.08307394086;R;E10;5;2026-10-07 00:01:00;1.99
64320005;22 ROUTE DE TARBES;BIZANOS;43.303805476815995;-0.32323738530372;R;GPLc;4;2026-10-07 00:01:00;0.939
80000007;BOULEVARD DE ROUBAIX;Amiens;49.908;2.318;R;Gazole;1;2026-10-07 07:31:00;2.368
80000007;BOULEVARD DE ROUBAIX;Amiens;49.908;2.318;R;E85;3;2026-10-07 07:31:00;0.933
80000007;BOULEVARD DE ROUBAIX;Amiens;49.908;2.318;R;E10;5;2026-10-07 07:31:00;2.154
80000007;BOULEVARD DE ROUBAIX;Amiens;49.908;2.318;R;SP98;6;2026-10-07 07:31:00;2.267
93330005;9 TER BD MARECHAL FOCH;Neuilly-sur-Marne;48.85427;2.52019;R;Gazole;1;2026-10-07 00:01:00;2.25
93330005;9 TER BD MARECHAL FOCH;Neuilly-sur-Marne;48.85427;2.52019;R;SP98;6;2026-10-07 00:01:00;1.99
61000009;126 AVENUE BASINGSTOKE;Alençon;48.444;0.1;R;E85;3;2026-10-07 00:01:00;0.894
83100005;2338 Avenue Joseph Gasquet;TOULON;43.11874;5.9794;R;Gazole;1;2026-10-07 05:30:00;2.499
83100005;2338 Avenue Joseph Gasquet;TOULON;43.11874;5.9794;R;E10;5;2026-10-07 05:30:00;2.269
83100005;2338 Avenue Joseph Gasquet;TOULON;43.11874;5.9794;R;SP98;6;2026-10-07 05:30:00;2.369
83340011;Quartier Les Taurelles - RN7;Le Cannet-des-Maures;43.395;6.333;R;Gazole;1;2026-10-07 00:01:00;2.249
83340011;Quartier Les Taurelles - RN7;Le Cannet-des-Maures;43.395;6.333;R;E85;3;2026-10-07 00:01:00;0.913
83340011;Quartier Les Taurelles - RN7;Le Cannet-des-Maures;43.395;6.333;R;E10;5;2026-10-07 00:01:00;1.99
83340011;Quartier Les Taurelles - RN7;Le Cannet-des-Maures;43.395;6.333;R;SP98;6;2026-10-07 00:01:00;1.99
84000017;191 Route de Tarascon;AVIGNON;43.918929139514;4.8094160710555;R;Gazole;1;2026-10-07 10:00:00;2.387
84000017;191 Route de Tarascon;AVIGNON;43.918929139514;4.8094160710555;R;SP95;2;2026-10-07 10:00:00;2.337
84000017;191 Route de Tarascon;AVIGNON;43.918929139514;4.8094160710555;R;E85;3;2026-10-07 10:00:00;0.939
84000017;191 Route de Tarascon;AVIGNON;43.918929139514;4.8094160710555;R;E10;5;2026-10-07 10:00:00;2.265
84000017;191 Route de Tarascon;AVIGNON;43.918929139514;4.8094160710555;R;SP98;6;2026-10-07 10:00:00;2.357
67500011;22 ROUTE DE STRASBOURG;HAGUENAU;48.809;7.778;R;Gazole;1;2026-10-07 00:01:00;2.25
88000011;51 route de Remiremont;EPINAL;48.16;6.451;R;Gazole;1;2026-10-07 06:00:00;2.599
88000011;51 route de Remiremont;EPINAL;48.16;6.451;R;GPLc;4;2026-10-07 06:00:00;1.049
88000011;51 route de Remiremont;EPINAL;48.16;6.451;R;E10;5;2026-10-07 06:00:00;2.369
88000011;51 route de Remiremont;EPINAL;48.16;6.451;R;SP98;6;2026-10-07 06:00:00;2.469
51100047;2 RUE ALBERT THOMAS RN 51;REIMS;49.23929;4.04547;R;Gazole;1;2026-10-07 00:01:00;2.25
51100047;2 RUE ALBERT THOMAS RN 51;REIMS;49.23929;4.04547;R;E85;3;2026-10-07 00:01:00;0.901
51100047;2 RUE ALBERT THOMAS RN 51;REIMS;49.23929;4.04547;R;GPLc;4;2026-10-07 00:01:00;0.974
6600001;Chemin de Saint-Claude;ANTIBES;43.603;7.085;R;Gazole;1;2026-10-07 08:26:00;2.354
6600001;Chemin de Saint-Claude;ANTIBES;43.603;7.085;R;SP95;2;2026-10-07 08:26:00;2.214
6600001;Chemin de Saint-Claude;ANTIBES;43.603;7.085;R;E10;5;2026-10-07 08:26:00;2.169
6600001;Chemin de Saint-Claude;ANTIBES;43.603;7.085;R;SP98;6;2026-10-07 08:26:00;2.276
76700007;ROUTE INDUSTRIELLE DU HAVRE;ROGERVILLE;49.47933;0.25865;R;E85;3;2026-10-07 00:01:00;0.872
94500010;247 AV CHARLES DE GAULLE;Champigny-sur-Marne;48.828;2.513;R;Gazole;1;2026-10-07 00:01:00;2.25
94500010;247 AV CHARLES DE GAULLE;Champigny-sur-Marne;48.828;2.513;R;E85;3;2026-10-07 00:01:00;0.889
94500010;247 AV CHARLES DE GAULLE;Champigny-sur-Marne;48.828;2.513;R;E10;5;2026-10-07 00:01:00;1.99
94500010;247 AV CHARLES DE GAULLE;Champigny-sur-Marne;48.828;2.513;R;SP98;6;2026-10-07 00:01:00;1.99
91000004;BD DES CHAMPS ELYSEES;Évry;48.639;2.427;R;Gazole;1;2026-10-07 07:32:00;2.401
91000004;BD DES CHAMPS ELYSEES;Évry;48.639;2.427;R;E10;5;2026-10-07 07:32:00;2.193
91000004;BD DES CHAMPS ELYSEES;Évry;48.639;2.427;R;SP98;6;2026-10-07 07:32:00;2.319
89380006;RN 6 - 29 ROUTE DE PARIS;APPOIGNY;47.880994937581995;3.5280124431542;R;Gazole;1;2026-10-07 00:01:00;2.25
89380006;RN 6 - 29 ROUTE DE PARIS;APPOIGNY;47.880994937581995;3.5280124431542;R;E85;3;2026-10-07 00:01:00;0.897
89380006;RN 6 - 29 ROUTE DE PARIS;APPOIGNY;47.880994937581995;3.5280124431542;R;E10;5;2026-10-07 00:01:00;1.99
89380006;RN 6 - 29 ROUTE DE PARIS;APPOIGNY;47.880994937581995;3.5280124431542;R;SP98;6;2026-10-07 00:01:00;1.99
91130006;75 RUE DE LA LIBERATION;RIS ORANGIS;48.64729;2.41893;R;Gazole;1;2026-10-07 00:01:00;2.25
60490008;RD 1017;CUVILLY;49.539;2.702;R;Gazole;1;2026-10-07 06:01:08;2.25
60490008;RD 1017;CUVILLY;49.539;2.702;R;E10;5;2026-10-07 06:01:08;1.99
51520002;ROUTE NATIONALE 44 - AIRE DE SAINT MARTIN SUR LE PRÉ;Saint-Martin-sur-le-Pré;48.991;4.342;R;Gazole;1;2026-10-07 10:45:31;2.25
51520002;ROUTE NATIONALE 44 - AIRE DE SAINT MARTIN SUR LE PRÉ;Saint-Martin-sur-le-Pré;48.991;4.342;R;E85;3;2026-10-07 09:00:00;0.877
51520002;ROUTE NATIONALE 44 - AIRE DE SAINT MARTIN SUR LE PRÉ;Saint-Martin-sur-le-Pré;48.991;4.342;R;GPLc;4;2026-10-07 09:00:00;0.993
51520002;ROUTE NATIONALE 44 - AIRE DE SAINT MARTIN SUR LE PRÉ;Saint-Martin-sur-le-Pré;48.991;4.342;R;E10;5;2026-10-07 09:00:00;1.99
51520002;ROUTE NATIONALE 44 - AIRE DE SAINT MARTIN SUR LE PRÉ;Saint-Martin-sur-le-Pré;48.991;4.342;R;SP98;6;2026-10-07 09:00:00;1.99
50400003;Route de Villedieu;GRANVILLE;48.838;-1.553;R;E10;5;2026-10-07 08:53:04;2.139
92140016;1 AVENUE CLAUDE TREBIGNAUD;CLAMART;48.794;2.252;R;Gazole;1;2026-10-07 00:01:00;2.25
92140016;1 AVENUE CLAUDE TREBIGNAUD;CLAMART;48.794;2.252;R;E85;3;2026-10-07 00:01:00;0.929
92140016;1 AVENUE CLAUDE TREBIGNAUD;CLAMART;48.794;2.252;R;E10;5;2026-10-07 00:01:00;1.99
92140016;1 AVENUE CLAUDE TREBIGNAUD;CLAMART;48.794;2.252;R;SP98;6;2026-10-07 00:01:00;1.99
13013011;281 Avenue des Olives;MARSEILLE;43.32321;5.44699;R;Gazole;1;2026-10-07 10:00:00;2.399
13013011;281 Avenue des Olives;MARSEILLE;43.32321;5.44699;R;SP95;2;2026-10-07 10:00:00;2.349
13013011;281 Avenue des Olives;MARSEILLE;43.32321;5.44699;R;E85;3;2026-10-07 10:00:00;0.969
13013011;281 Avenue des Olives;MARSEILLE;43.32321;5.44699;R;E10;5;2026-10-07 10:00:00;2.267
13013011;281 Avenue des Olives;MARSEILLE;43.32321;5.44699;R;SP98;6;2026-10-07 10:00:00;2.351
24107001;101, Avenue Pasteur;Bergerac;44.863;0.498;R;Gazole;1;2026-10-07 10:54:00;2.359
24107001;101, Avenue Pasteur;Bergerac;44.863;0.498;R;SP95;2;2026-10-07 10:54:00;2.188
24107001;101, Avenue Pasteur;Bergerac;44.863;0.498;R;E10;5;2026-10-07 10:54:00;2.139
24107001;101, Avenue Pasteur;Bergerac;44.863;0.498;R;SP98;6;2026-10-07 10:54:00;2.256
86150002;Avenue Pasteur;L'ISLE-JOURDAIN;46.233;0.688;R;Gazole;1;2026-10-07 07:14:03;2.329
86150002;Avenue Pasteur;L'ISLE-JOURDAIN;46.233;0.688;R;E10;5;2026-10-07 07:14:03;2.119
78190011;1 avenue le Verrier;Trappes;48.789;1.974;R;E10;5;2026-10-07 09:58:22;2.159
78190011;1 avenue le Verrier;Trappes;48.789;1.974;R;SP98;6;2026-10-07 09:58:22;2.235
57600005;Avenue de l'Europe;FORBACH;49.175;6.884;R;Gazole;1;2026-10-07 10:16:45;2.42
57600005;Avenue de l'Europe;FORBACH;49.175;6.884;R;E10;5;2026-10-07 10:16:45;2.24
62300014;44 ROUTE D ARRAS;LENS;50.427;2.819;R;Gazole;1;2026-10-07 11:08:56;2.25
62300014;44 ROUTE D ARRAS;LENS;50.427;2.819;R;E85;3;2026-10-07 00:01:00;0.869
62300014;44 ROUTE D ARRAS;LENS;50.427;2.819;R;GPLc;4;2026-10-07 00:01:00;0.873
62300014;44 ROUTE D ARRAS;LENS;50.427;2.819;R;E10;5;2026-10-07 11:08:56;1.99
62300014;44 ROUTE D ARRAS;LENS;50.427;2.819;R;SP98;6;2026-10-07 11:08:56;1.99
27300006;RD 613 - CARREFOUR DE MALBROUCK;CARSIX;49.155;0.673;R;GPLc;4;2026-10-07 00:01:00;1.024
63500007;61 AVENUE KENNEDY;ISSOIRE;45.5537009095;3.24943759778;R;Gazole;1;2026-10-07 00:01:00;2.25
63500007;61 AVENUE KENNEDY;ISSOIRE;45.5537009095;3.24943759778;R;E85;3;2026-10-07 00:01:00;0.896
63500007;61 AVENUE KENNEDY;ISSOIRE;45.5537009095;3.24943759778;R;E10;5;2026-10-07 00:01:00;1.99
44800004;Zone Atlantis;Saint-Herblain;47.226;-1.635;R;Gazole;1;2026-10-07 10:00:00;2.289
44800004;Zone Atlantis;Saint-Herblain;47.226;-1.635;R;E85;3;2026-10-07 10:00:00;0.779
44800004;Zone Atlantis;Saint-Herblain;47.226;-1.635;R;GPLc;4;2026-10-07 10:00:00;0.929
44800004;Zone Atlantis;Saint-Herblain;47.226;-1.635;R;E10;5;2026-10-07 10:00:00;2.109
44800004;Zone Atlantis;Saint-Herblain;47.226;-1.635;R;SP98;6;2026-10-07 10:00:00;2.189
67118002;RUE DU FORT;GEISPOLSHEIM;48.521;7.695;R;Gazole;1;2026-10-07 09:41:00;2.459
67118002;RUE DU FORT;GEISPOLSHEIM;48.521;7.695;R;SP95;2;2026-10-07 09:41:00;2.319
67118002;RUE DU FORT;GEISPOLSHEIM;48.521;7.695;R;E85;3;2026-10-07 09:41:00;0.914
67118002;RUE DU FORT;GEISPOLSHEIM;48.521;7.695;R;GPLc;4;2026-10-07 09:41:00;0.995
67118002;RUE DU FORT;GEISPOLSHEIM;48.521;7.695;R;SP98;6;2026-10-07 09:41:00;2.406
29900003;Maison blanche;CONCARNEAU;47.89;-3.917;R;Gazole;1;2026-10-07 08:49:49;2.314
29900003;Maison blanche;CONCARNEAU;47.89;-3.917;R;SP98;6;2026-10-07 08:49:49;2.219
60700005;Av. d'Auvelais;Pont-Sainte-Maxence;49.317;2.606;R;Gazole;1;2026-10-07 06:00:00;2.29
60700005;Av. d'Auvelais;Pont-Sainte-Maxence;49.317;2.606;R;E10;5;2026-10-07 06:00:00;2.138
64233001;route de bayonne;LESCAR;43.318;-0.424;R;Gazole;1;2026-10-07 08:26:00;2.369
64233001;route de bayonne;LESCAR;43.318;-0.424;R;SP95;2;2026-10-07 08:26:00;2.249
64233001;route de bayonne;LESCAR;43.318;-0.424;R;E85;3;2026-10-07 08:26:00;0.861
64233001;route de bayonne;LESCAR;43.318;-0.424;R;GPLc;4;2026-10-07 08:26:00;1.014
64233001;route de bayonne;LESCAR;43.318;-0.424;R;E10;5;2026-10-07 08:26:00;2.168
64233001;route de bayonne;LESCAR;43.318;-0.424;R;SP98;6;2026-10-07 08:26:00;2.294
6400010;57 BD DU RIOU;CANNES;43.559;7.002;R;Gazole;1;2026-10-07 00:01:00;2.25
6400010;57 BD DU RIOU;CANNES;43.559;7.002;R;E85;3;2026-10-07 00:01:00;0.914
6400010;57 BD DU RIOU;CANNES;43.559;7.002;R;E10;5;2026-10-07 00:01:00;1.99
6400010;57 BD DU RIOU;CANNES;43.559;7.002;R;SP98;6;2026-10-07 00:01:00;1.99
79400003;la Plaine d'Azia;Azay-le-Brûlé;46.40727;-0.225;R;Gazole;1;2026-10-07 10:40:25;2.259
78360004;150 AVE PAUL DOUMER;MONTESSON;48.909;2.159;R;Gazole;1;2026-10-07 00:01:00;2.25
78360004;150 AVE PAUL DOUMER;MONTESSON;48.909;2.159;R;E10;5;2026-10-07 00:01:00;1.99
30340004;RTE DE BAGNOLS;Saint-Privat-des-Vieux;44.13;4.124;R;Gazole;1;2026-10-07 08:10:26;2.39
30340004;RTE DE BAGNOLS;Saint-Privat-des-Vieux;44.13;4.124;R;E85;3;2026-10-07 08:10:26;0.85
30340004;RTE DE BAGNOLS;Saint-Privat-des-Vieux;44.13;4.124;R;E10;5;2026-10-07 08:10:26;2.23
30340004;RTE DE BAGNOLS;Saint-Privat-des-Vieux;44.13;4.124;R;SP98;6;2026-10-07 08:10:26;2.32
80200005;AUTOROUTE A 1;Péronne;49.887;2.837;A;Gazole;1;2026-10-07 07:41:00;2.514
80200005;AUTOROUTE A 1;Péronne;49.887;2.837;A;GPLc;4;2026-10-07 07:41:00;1.082
80200005;AUTOROUTE A 1;Péronne;49.887;2.837;A;E10;5;2026-10-07 07:41:00;2.279
80200005;AUTOROUTE A 1;Péronne;49.887;2.837;A;SP98;6;2026-10-07 07:41:00;2.379
6270004;ROUTE DU BORD DE MER;VILLENEUVE LOUBET;43.64;7.139;R;Gazole;1;2026-10-07 08:47:19;2.29
6270004;ROUTE DU BORD DE MER;VILLENEUVE LOUBET;43.64;7.139;R;GPLc;4;2026-10-07 08:47:19;1.189
6270004;ROUTE DU BORD DE MER;VILLENEUVE LOUBET;43.64;7.139;R;E10;5;2026-10-07 08:47:19;2.159
6270004;ROUTE DU BORD DE MER;VILLENEUVE LOUBET;43.64;7.139;R;SP98;6;2026-10-07 08:47:20;2.269
13160005;Chemin de l'Oratoire;Châteaurenard;43.887450323972004;4.8511137702083;R;Gazole;1;2026-10-07 08:23:19;2.369
13160005;Chemin de l'Oratoire;Châteaurenard;43.887450323972004;4.8511137702083;R;E85;3;2026-10-07 08:23:19;0.899
13160005;Chemin de l'Oratoire;Châteaurenard;43.887450323972004;4.8511137702083;R;E10;5;2026-10-07 08:23:19;2.199
13160005;Chemin de l'Oratoire;Châteaurenard;43.887450323972004;4.8511137702083;R;SP98;6;2026-10-07 08:23:19;2.299
82100004;1400 route de Moissac;Castelsarrasin;44.061;1.098;R;Gazole;1;2026-10-07 10:50:00;2.337
82100004;1400 route de Moissac;Castelsarrasin;44.061;1.098;R;SP95;2;2026-10-07 10:50:00;2.217
82100004;1400 route de Moissac;Castelsarrasin;44.061;1.098;R;E85;3;2026-10-07 10:50:00;0.867
82100004;1400 route de Moissac;Castelsarrasin;44.061;1.098;R;E10;5;2026-10-07 10:50:00;2.157
82100004;1400 route de Moissac;Castelsarrasin;44.061;1.098;R;SP98;6;2026-10-07 10:50:00;2.257
95550002;ZAC DES MEUNIERS - 7 RUE STEPHANE HESSEL;Bessancourt;49.033;2.205;R;Gazole;1;2026-10-07 07:49:48;2.359
95550002;ZAC DES MEUNIERS - 7 RUE STEPHANE HESSEL;Bessancourt;49.033;2.205;R;SP95;2;2026-10-07 07:49:48;2.199
95550002;ZAC DES MEUNIERS - 7 RUE STEPHANE HESSEL;Bessancourt;49.033;2.205;R;E85;3;2026-10-07 07:49:48;0.899
95550002;ZAC DES MEUNIERS - 7 RUE STEPHANE HESSEL;Bessancourt;49.033;2.205;R;E10;5;2026-10-07 07:49:48;2.169
95550002;ZAC DES MEUNIERS - 7 RUE STEPHANE HESSEL;Bessancourt;49.033;2.205;R;SP98;6;2026-10-07 07:49:48;2.249
7300005;Chemin de Saint-Vincent;Tournon-sur-Rhône;45.055;4.832;R;Gazole;1;2026-10-07 09:40:00;2.332
7300005;Chemin de Saint-Vincent;Tournon-sur-Rhône;45.055;4.832;R;SP95;2;2026-10-07 09:40:00;2.225
7300005;Chemin de Saint-Vincent;Tournon-sur-Rhône;45.055;4.832;R;E10;5;2026-10-07 09:40:00;2.183
68130003;Route de Mulhouse;ALTKIRCH;47.629;7.26;R;Gazole;1;2026-10-07 09:41:00;2.479
68130003;Route de Mulhouse;ALTKIRCH;47.629;7.26;R;E85;3;2026-10-07 09:41:00;0.843
68130003;Route de Mulhouse;ALTKIRCH;47.629;7.26;R;E10;5;2026-10-07 09:41:00;2.267
68130003;Route de Mulhouse;ALTKIRCH;47.629;7.26;R;SP98;6;2026-10-07 09:41:00;2.357
78180010;69, BOULEVARD VAUBAN;MONTIGNY LE BRETONNEUX;48.781;2.04;R;Gazole;1;2026-10-07 00:01:00;2.25
58660001;Boulevard Beauregard;Coulanges-lès-Nevers;47.011;3.178;R;Gazole;1;2026-10-07 09:41:00;2.358
58660001;Boulevard Beauregard;Coulanges-lès-Nevers;47.011;3.178;R;E85;3;2026-10-07 09:41:00;0.842
58660001;Boulevard Beauregard;Coulanges-lès-Nevers;47.011;3.178;R;E10;5;2026-10-07 09:41:00;2.167
58660001;Boulevard Beauregard;Coulanges-lès-Nevers;47.011;3.178;R;SP98;6;2026-10-07 09:41:00;2.232
42400007;14 QUAI DE LA RIVE RN88;Saint-Chamond;45.479;4.519;R;Gazole;1;2026-10-07 00:01:00;2.25
42400007;14 QUAI DE LA RIVE RN88;Saint-Chamond;45.479;4.519;R;E85;3;2026-10-07 00:01:00;0.907
42400007;14 QUAI DE LA RIVE RN88;Saint-Chamond;45.479;4.519;R;E10;5;2026-10-07 00:01:00;1.99
42400007;14 QUAI DE LA RIVE RN88;Saint-Chamond;45.479;4.519;R;SP98;6;2026-10-07 00:01:00;1.99
33600013;Centre Commercial L'Univers1 T Avenue Gustave Eiffel;Pessac;44.785;-0.636;R;Gazole;1;2026-10-07 08:08:52;2.254
33600013;Centre Commercial L'Univers1 T Avenue Gustave Eiffel;Pessac;44.785;-0.636;R;E85;3;2026-10-07 08:08:52;0.869
33600013;Centre Commercial L'Univers1 T Avenue Gustave Eiffel;Pessac;44.785;-0.636;R;GPLc;4;2026-10-07 08:08:52;0.963
33600013;Centre Commercial L'Univers1 T Avenue Gustave Eiffel;Pessac;44.785;-0.636;R;E10;5;2026-10-07 08:08:52;2.082
33600013;Centre Commercial L'Univers1 T Avenue Gustave Eiffel;Pessac;44.785;-0.636;R;SP98;6;2026-10-07 08:08:52;2.166
42000014;94 BOULEVARD MENDES FRANCE;Saint-Étienne;45.439;4.379;R;Gazole;1;2026-10-07 00:01:00;2.25
42000014;94 BOULEVARD MENDES FRANCE;Saint-Étienne;45.439;4.379;R;E85;3;2026-10-07 00:01:00;0.909
42000014;94 BOULEVARD MENDES FRANCE;Saint-Étienne;45.439;4.379;R;E10;5;2026-10-07 00:01:00;1.99
42000014;94 BOULEVARD MENDES FRANCE;Saint-Étienne;45.439;4.379;R;SP98;6;2026-10-07 00:01:00;1.99
47240001;RD 813;BON-ENCONTRE;44.181;0.673;R;Gazole;1;2026-10-07 10:52:00;2.3
47240001;RD 813;BON-ENCONTRE;44.181;0.673;R;E85;3;2026-10-07 10:52:00;0.835
47240001;RD 813;BON-ENCONTRE;44.181;0.673;R;E10;5;2026-10-07 10:52:00;2.149
47240001;RD 813;BON-ENCONTRE;44.181;0.673;R;SP98;6;2026-10-07 10:52:00;2.289
77120006;AVENUE DE STRASBOURG;COULOMMIERS;48.801;3.087;R;Gazole;1;2026-10-07 07:12:59;2.25
77120006;AVENUE DE STRASBOURG;COULOMMIERS;48.801;3.087;R;E10;5;2026-10-07 00:01:00;1.99
77120006;AVENUE DE STRASBOURG;COULOMMIERS;48.801;3.087;R;SP98;6;2026-10-07 00:01:00;1.99
6800017;53 AVENUE DU VAL FLEURI;Cagnes-sur-Mer;43.665;7.171;R;Gazole;1;2026-10-07 00:01:00;2.25
6800017;53 AVENUE DU VAL FLEURI;Cagnes-sur-Mer;43.665;7.171;R;E85;3;2026-10-07 00:01:00;0.914
6800017;53 AVENUE DU VAL FLEURI;Cagnes-sur-Mer;43.665;7.171;R;E10;5;2026-10-07 00:01:00;1.99
6800017;53 AVENUE DU VAL FLEURI;Cagnes-sur-Mer;43.665;7.171;R;SP98;6;2026-10-07 00:01:00;1.99
71250006;ROUTE NATIONALE 79;MAZILLE;46.3772049457;4.60698495534;R;Gazole;1;2026-10-07 00:01:00;2.25
71250006;ROUTE NATIONALE 79;MAZILLE;46.3772049457;4.60698495534;R;E85;3;2026-10-07 00:01:00;0.916
71250006;ROUTE NATIONALE 79;MAZILLE;46.3772049457;4.60698495534;R;E10;5;2026-10-07 00:01:00;1.99
71250006;ROUTE NATIONALE 79;MAZILLE;46.3772049457;4.60698495534;R;SP98;6;2026-10-07 00:01:00;1.99
69220007;Aire de Taponas - A 6;Taponas;46.122;4.768;A;Gazole;1;2026-10-07 09:30:00;2.559
69220007;Aire de Taponas - A 6;Taponas;46.122;4.768;A;E10;5;2026-10-07 09:30:00;2.35
69220007;Aire de Taponas - A 6;Taponas;46.122;4.768;A;SP98;6;2026-10-07 09:30:00;2.5
26400004;QUARTIER MIVOIE;Aouste-sur-Sye;44.723;5.037;R;Gazole;1;2026-10-07 05:00:00;2.299
26400004;QUARTIER MIVOIE;Aouste-sur-Sye;44.723;5.037;R;SP95;2;2026-10-07 05:00:00;2.239
26400004;QUARTIER MIVOIE;Aouste-sur-Sye;44.723;5.037;R;E85;3;2026-10-07 05:00:00;0.869
26400004;QUARTIER MIVOIE;Aouste-sur-Sye;44.723;5.037;R;GPLc;4;2026-10-07 05:00:00;1.049
26400004;QUARTIER MIVOIE;Aouste-sur-Sye;44.723;5.037;R;E10;5;2026-10-07 05:00:00;2.159
26400004;QUARTIER MIVOIE;Aouste-sur-Sye;44.723;5.037;R;SP98;6;2026-10-07 05:00:00;2.279
17410001;Route de la Flotte;SAINT-MARTIN-DE-Ré;46.198;-1.355;R;Gazole;1;2026-10-07 08:19:35;2.294
17410001;Route de la Flotte;SAINT-MARTIN-DE-Ré;46.198;-1.355;R;SP95;2;2026-10-07 08:19:35;2.194
17410001;Route de la Flotte;SAINT-MARTIN-DE-Ré;46.198;-1.355;R;E10;5;2026-10-07 08:19:35;2.119
17410001;Route de la Flotte;SAINT-MARTIN-DE-Ré;46.198;-1.355;R;SP98;6;2026-10-07 08:19:35;2.217
72150002;La Florière;Le Grand-Lucé;47.87;0.467;R;Gazole;1;2026-10-07 09:10:52;2.369
72150002;La Florière;Le Grand-Lucé;47.87;0.467;R;E10;5;2026-10-07 09:10:52;2.169
72150002;La Florière;Le Grand-Lucé;47.87;0.467;R;SP98;6;2026-10-07 09:10:52;2.259
42800003;Avenue Maréchal Juin;RIVE-DE-GIER;45.5318;4.62606;R;Gazole;1;2026-10-07 09:05:27;2.377
42800003;Avenue Maréchal Juin;RIVE-DE-GIER;45.5318;4.62606;R;E10;5;2026-10-07 09:05:27;2.189
59242006;A 23 sens Lille-Valenciennes Aire de Genech;Templeuve;50.517;3.208;A;Gazole;1;2026-10-07 00:01:00;2.25
59242006;A 23 sens Lille-Valenciennes Aire de Genech;Templeuve;50.517;3.208;A;E85;3;2026-10-07 00:01:00;0.877
59242006;A 23 sens Lille-Valenciennes Aire de Genech;Templeuve;50.517;3.208;A;E10;5;2026-10-07 00:01:00;1.99
59242006;A 23 sens Lille-Valenciennes Aire de Genech;Templeuve;50.517;3.208;A;SP98;6;2026-10-07 00:01:00;1.99
38920002;431 AVENUE AMBROISE-CROIZAT;Crolles;45.274;5.886;R;Gazole;1;2026-10-07 07:30:00;2.424
45120008;17 Avenue du Général Leclerc;Châlette-sur-Loing;48.008;2.74;R;Gazole;1;2026-10-07 07:34:48;2.338
45120008;17 Avenue du Général Leclerc;Châlette-sur-Loing;48.008;2.74;R;E85;3;2026-10-07 07:34:48;0.962
45120008;17 Avenue du Général Leclerc;Châlette-sur-Loing;48.008;2.74;R;E10;5;2026-10-07 07:34:48;2.219
45120008;17 Avenue du Général Leclerc;Châlette-sur-Loing;48.008;2.74;R;SP98;6;2026-10-07 07:34:48;2.332
38350004;ZI LES MARAIS RN 85;La Mure;44.934;5.782;R;E85;3;2026-10-07 09:00:07;0.869
38350004;ZI LES MARAIS RN 85;La Mure;44.934;5.782;R;E10;5;2026-10-07 09:00:07;2.175
38350004;ZI LES MARAIS RN 85;La Mure;44.934;5.782;R;SP98;6;2026-10-07 09:00:07;2.277
37500003;Route de Tours;Chinon;47.18;0.263;R;Gazole;1;2026-10-07 10:00:00;2.358
37500003;Route de Tours;Chinon;47.18;0.263;R;E85;3;2026-10-07 10:00:00;0.849
37500003;Route de Tours;Chinon;47.18;0.263;R;GPLc;4;2026-10-07 10:00:00;1.069
37500003;Route de Tours;Chinon;47.18;0.263;R;E10;5;2026-10-07 10:00:00;2.159
37500003;Route de Tours;Chinon;47.18;0.263;R;SP98;6;2026-10-07 10:00:00;2.235
95480002;AUTOROUTE A 15;Pierrelaye;49.015;2.146;A;Gazole;1;2026-10-07 07:41:00;2.452
95480002;AUTOROUTE A 15;Pierrelaye;49.015;2.146;A;GPLc;4;2026-10-07 07:41:00;1.019
95480002;AUTOROUTE A 15;Pierrelaye;49.015;2.146;A;E10;5;2026-10-07 07:41:00;2.25
95480002;AUTOROUTE A 15;Pierrelaye;49.015;2.146;A;SP98;6;2026-10-07 07:41:00;2.35
33000021;1 QUAI DE PALUDATE;BORDEAUX;44.831;-0.558;R;Gazole;1;2026-10-07 00:01:00;2.25
62310001;ROUTE DE HESDIN;FRUGES;50.512;2.134;R;Gazole;1;2026-10-07 09:05:02;2.349
62310001;ROUTE DE HESDIN;FRUGES;50.512;2.134;R;E10;5;2026-10-07 09:05:02;2.169
37160003;Rue Jean Monnet;Descartes;46.981;0.69;R;Gazole;1;2026-10-07 08:29:13;2.36
37160003;Rue Jean Monnet;Descartes;46.981;0.69;R;E85;3;2026-10-07 08:29:13;0.869
37160003;Rue Jean Monnet;Descartes;46.981;0.69;R;E10;5;2026-10-07 08:29:13;2.149
37160003;Rue Jean Monnet;Descartes;46.981;0.69;R;SP98;6;2026-10-07 08:29:13;2.269
63122002;Avenue de Royat;CEYRAT;45.746;3.059;R;Gazole;1;2026-10-07 08:51:17;2.32
63122002;Avenue de Royat;CEYRAT;45.746;3.059;R;E85;3;2026-10-07 08:51:17;0.869
63122002;Avenue de Royat;CEYRAT;45.746;3.059;R;E10;5;2026-10-07 08:51:17;2.139
63122002;Avenue de Royat;CEYRAT;45.746;3.059;R;SP98;6;2026-10-07 08:51:17;2.261
44600002;54 Rue Léon Bourgeois;SAINT-NAZAIRE;47.28;-2.228;R;Gazole;1;2026-10-07 05:17:18;2.366
44600002;54 Rue Léon Bourgeois;SAINT-NAZAIRE;47.28;-2.228;R;E10;5;2026-10-07 05:17:18;2.152
44600002;54 Rue Léon Bourgeois;SAINT-NAZAIRE;47.28;-2.228;R;SP98;6;2026-10-07 05:17:19;2.232
56100013;3 Av. Simone Veil;LORIENT;47.761535465599;-3.3773344110615;R;Gazole;1;2026-10-07 07:08:29;2.25
56100013;3 Av. Simone Veil;LORIENT;47.761535465599;-3.3773344110615;R;E10;5;2026-10-07 07:08:29;1.99
60110004;A16 - SORTIE 13;MERU;49.21043;2.151187;A;Gazole;1;2026-10-07 00:01:00;2.25
60110004;A16 - SORTIE 13;MERU;49.21043;2.151187;A;E10;5;2026-10-07 00:01:00;1.99
57140006;1 AVENUE DES 2 FONTAINES;WOIPPY;49.149;6.172;R;Gazole;1;2026-10-07 10:09:00;2.388
57140006;1 AVENUE DES 2 FONTAINES;WOIPPY;49.149;6.172;R;E85;3;2026-10-07 10:09:00;0.874
57140006;1 AVENUE DES 2 FONTAINES;WOIPPY;49.149;6.172;R;E10;5;2026-10-07 10:09:00;2.171
57140006;1 AVENUE DES 2 FONTAINES;WOIPPY;49.149;6.172;R;SP98;6;2026-10-07 10:09:00;2.268
84130001;ZAC DU SAINT TRONQUET, Rte de Carpentras;Le Pontet;43.978935085346;4.87714859945;R;Gazole;1;2026-10-07 09:15:27;2.329
84130001;ZAC DU SAINT TRONQUET, Rte de Carpentras;Le Pontet;43.978935085346;4.87714859945;R;E10;5;2026-10-07 09:15:27;2.169
62130004;350 route de Saint Pol;Herlin-le-Sec;50.364;2.331;R;Gazole;1;2026-10-07 10:07:00;2.356
62130004;350 route de Saint Pol;Herlin-le-Sec;50.364;2.331;R;E85;3;2026-10-07 10:07:00;0.859
62130004;350 route de Saint Pol;Herlin-le-Sec;50.364;2.331;R;GPLc;4;2026-10-07 10:07:00;0.999
62130004;350 route de Saint Pol;Herlin-le-Sec;50.364;2.331;R;E10;5;2026-10-07 10:07:00;2.107
62130004;350 route de Saint Pol;Herlin-le-Sec;50.364;2.331;R;SP98;6;2026-10-07 10:07:00;2.231
59300013;Rue Ernest Macarez;VALENCIENNES;50.379;3.543;R;Gazole;1;2026-10-07 10:10:00;2.348
59300013;Rue Ernest Macarez;VALENCIENNES;50.379;3.543;R;E85;3;2026-10-07 10:10:00;0.864
59300013;Rue Ernest Macarez;VALENCIENNES;50.379;3.543;R;E10;5;2026-10-07 10:10:00;2.123
59300013;Rue Ernest Macarez;VALENCIENNES;50.379;3.543;R;SP98;6;2026-10-07 10:10:00;2.219
65500003;2 RUE OSMIN RICAU;Vic-en-Bigorre;43.392;0.055;R;Gazole;1;2026-10-07 10:51:00;2.397
65500003;2 RUE OSMIN RICAU;Vic-en-Bigorre;43.392;0.055;R;E10;5;2026-10-07 10:51:00;2.167
65500003;2 RUE OSMIN RICAU;Vic-en-Bigorre;43.392;0.055;R;SP98;6;2026-10-07 10:51:00;2.269
73400005;27 AVENUE JEAN MARIE MEUNIER;UGINE;45.741690578647;6.423069616396799;R;Gazole;1;2026-10-07 00:01:00;2.319
86800003;RN 151 - La Carte;Jardres;46.567;0.564;R;Gazole;1;2026-10-07 07:00:00;2.259
86800003;RN 151 - La Carte;Jardres;46.567;0.564;R;E10;5;2026-10-07 07:00:00;2.125
68520011;Aire de Porte d' Alsace - A36;BURNHAUPT LE BAS;47.716;7.138;A;Gazole;1;2026-10-07 08:00:00;2.499
68520011;Aire de Porte d' Alsace - A36;BURNHAUPT LE BAS;47.716;7.138;A;E85;3;2026-10-07 08:00:00;0.979
68520011;Aire de Porte d' Alsace - A36;BURNHAUPT LE BAS;47.716;7.138;A;GPLc;4;2026-10-07 08:00:00;1.099
68520011;Aire de Porte d' Alsace - A36;BURNHAUPT LE BAS;47.716;7.138;A;E10;5;2026-10-07 08:00:00;2.289
68520011;Aire de Porte d' Alsace - A36;BURNHAUPT LE BAS;47.716;7.138;A;SP98;6;2026-10-07 08:00:00;2.353
59000019;2, RUE DE TURENNE;LILLE;50.6297641552;3.03570571173;R;Gazole;1;2026-10-07 00:01:00;2.25
59000019;2, RUE DE TURENNE;LILLE;50.6297641552;3.03570571173;R;GPLc;4;2026-10-07 00:01:00;0.974
59000019;2, RUE DE TURENNE;LILLE;50.6297641552;3.03570571173;R;E10;5;2026-10-07 00:01:00;1.99
66000012;855 Avenue Julien Panchot;PERPIGNAN;42.689;2.878;R;Gazole;1;2026-10-07 05:30:00;2.358
66000012;855 Avenue Julien Panchot;PERPIGNAN;42.689;2.878;R;SP95;2;2026-10-07 05:30:00;2.279
66000012;855 Avenue Julien Panchot;PERPIGNAN;42.689;2.878;R;E10;5;2026-10-07 05:30:00;2.235
75008006;164 Boulevard Haussmann;PARIS;48.875;2.31;R;Gazole;1;2026-10-07 07:00:00;2.44
35500009;ROUTE NATIONALE 157 - AIRE D'ERBRÉE;ERBREE;48.088;-1.121;R;Gazole;1;2026-10-07 00:01:00;2.25
35500009;ROUTE NATIONALE 157 - AIRE D'ERBRÉE;ERBREE;48.088;-1.121;R;E85;3;2026-10-07 00:01:00;0.999
35500009;ROUTE NATIONALE 157 - AIRE D'ERBRÉE;ERBREE;48.088;-1.121;R;GPLc;4;2026-10-07 00:01:00;1.074
35500009;ROUTE NATIONALE 157 - AIRE D'ERBRÉE;ERBREE;48.088;-1.121;R;E10;5;2026-10-07 00:01:00;1.99
35500009;ROUTE NATIONALE 157 - AIRE D'ERBRÉE;ERBREE;48.088;-1.121;R;SP98;6;2026-10-07 00:01:00;1.99
13005011;34,BD JEAN MOULIN;MARSEILLE;43.28695;5.39974;R;Gazole;1;2026-10-07 07:07:22;2.25
13005011;34,BD JEAN MOULIN;MARSEILLE;43.28695;5.39974;R;E10;5;2026-10-07 07:07:22;1.99
39220005;1140 route blanche;Les Rousses;46.478735905036004;6.064013480641201;R;Gazole;1;2026-10-07 09:37:04;2.399
22170004;RN12 - LA MARE MELEE;PLERNEUF;48.525;-2.889;R;GPLc;4;2026-10-07 00:01:00;0.984
22170004;RN12 - LA MARE MELEE;PLERNEUF;48.525;-2.889;R;E10;5;2026-10-07 00:01:00;1.99
22170004;RN12 - LA MARE MELEE;PLERNEUF;48.525;-2.889;R;SP98;6;2026-10-07 00:01:00;1.99
75012023;32 rue de Reuilly;Paris;48.84655403;2.38741851;R;Gazole;1;2026-10-07 07:00:00;2.449
71150004;19-21 route de Chassagne, RN6;Chagny;46.921;4.748;R;Gazole;1;2026-10-07 06:00:00;2.499
71150004;19-21 route de Chassagne, RN6;Chagny;46.921;4.748;R;GPLc;4;2026-10-07 06:00:00;1.049
71150004;19-21 route de Chassagne, RN6;Chagny;46.921;4.748;R;E10;5;2026-10-07 06:00:00;2.279
71150004;19-21 route de Chassagne, RN6;Chagny;46.921;4.748;R;SP98;6;2026-10-07 06:00:00;2.379
22000010;44, BOULEVARD CHARNER;Saint-Brieuc;48.50836;-2.76785;R;Gazole;1;2026-10-07 00:01:00;2.25
22000010;44, BOULEVARD CHARNER;Saint-Brieuc;48.50836;-2.76785;R;E85;3;2026-10-07 00:01:00;0.896
22000010;44, BOULEVARD CHARNER;Saint-Brieuc;48.50836;-2.76785;R;E10;5;2026-10-07 00:01:00;1.99
22000010;44, BOULEVARD CHARNER;Saint-Brieuc;48.50836;-2.76785;R;SP98;6;2026-10-07 00:01:00;1.99
40200002;52 Avenue de Bordeaux;MIMIZAN;44.205;-1.22;R;Gazole;1;2026-10-07 10:54:00;2.369
40200002;52 Avenue de Bordeaux;MIMIZAN;44.205;-1.22;R;E85;3;2026-10-07 10:54:00;0.868
40200002;52 Avenue de Bordeaux;MIMIZAN;44.205;-1.22;R;E10;5;2026-10-07 10:54:00;2.145
40200002;52 Avenue de Bordeaux;MIMIZAN;44.205;-1.22;R;SP98;6;2026-10-07 10:54:00;2.259
77310009;RN 7;ST FARGEAU PONTHIERRY;48.540827353740994;2.5220939606196;R;Gazole;1;2026-10-07 10:36:13;2.25
77310009;RN 7;ST FARGEAU PONTHIERRY;48.540827353740994;2.5220939606196;R;E10;5;2026-10-07 10:36:13;1.99
89100014;RN 6;SENS;48.148;3.307;R;Gazole;1;2026-10-07 00:01:00;2.25
89100014;RN 6;SENS;48.148;3.307;R;E85;3;2026-10-07 00:01:00;0.892
89100014;RN 6;SENS;48.148;3.307;R;SP98;6;2026-10-07 00:01:00;1.99
4100010;214 AV. FREDERIC MISTRAL;MANOSQUE;43.824;5.788;R;Gazole;1;2026-10-07 00:01:00;2.25
4100010;214 AV. FREDERIC MISTRAL;MANOSQUE;43.824;5.788;R;E10;5;2026-10-07 00:01:00;1.99
4100010;214 AV. FREDERIC MISTRAL;MANOSQUE;43.824;5.788;R;SP98;6;2026-10-07 00:01:00;1.99
78150005;145, rue de Versailles;LE CHESNAY;48.827;2.128;R;Gazole;1;2026-10-07 08:00:00;2.299
78150005;145, rue de Versailles;LE CHESNAY;48.827;2.128;R;E10;5;2026-10-07 08:00:00;2.169
78150005;145, rue de Versailles;LE CHESNAY;48.827;2.128;R;SP98;6;2026-10-07 08:00:00;2.259
89290007;AUTOROUTE A6 - AIRE DE VENOY-GROSSE-PIERRE;VENOY;47.78765;3.67211;A;Gazole;1;2026-10-07 00:01:00;2.25
89290007;AUTOROUTE A6 - AIRE DE VENOY-GROSSE-PIERRE;VENOY;47.78765;3.67211;A;E85;3;2026-10-07 00:01:00;0.999
89290007;AUTOROUTE A6 - AIRE DE VENOY-GROSSE-PIERRE;VENOY;47.78765;3.67211;A;GPLc;4;2026-10-07 00:01:00;1.095
89290007;AUTOROUTE A6 - AIRE DE VENOY-GROSSE-PIERRE;VENOY;47.78765;3.67211;A;E10;5;2026-10-07 00:01:00;1.99
89290007;AUTOROUTE A6 - AIRE DE VENOY-GROSSE-PIERRE;VENOY;47.78765;3.67211;A;SP98;6;2026-10-07 00:01:00;1.99
85000010;44 ROUTE DE NANTES;LA ROCHE-SUR-YON;46.692;-1.429;R;Gazole;1;2026-10-07 07:42:00;2.392
85000010;44 ROUTE DE NANTES;LA ROCHE-SUR-YON;46.692;-1.429;R;E10;5;2026-10-07 07:42:00;2.193
85000010;44 ROUTE DE NANTES;LA ROCHE-SUR-YON;46.692;-1.429;R;SP98;6;2026-10-07 07:42:00;2.293
31300008;6 AVENUE DU GOUPE MORHANGE;TOULOUSE;43.601;1.399;A;Gazole;1;2026-10-07 09:00:00;2.25
31300008;6 AVENUE DU GOUPE MORHANGE;TOULOUSE;43.601;1.399;A;E85;3;2026-10-07 09:00:00;0.894
31300008;6 AVENUE DU GOUPE MORHANGE;TOULOUSE;43.601;1.399;A;GPLc;4;2026-10-07 09:00:00;1.059
31300008;6 AVENUE DU GOUPE MORHANGE;TOULOUSE;43.601;1.399;A;E10;5;2026-10-07 09:00:00;1.99
73000017;42 AVENUE D'ANNECY;Chambéry;45.59;5.92;R;Gazole;1;2026-10-07 07:10:14;2.299
73000017;42 AVENUE D'ANNECY;Chambéry;45.59;5.92;R;E10;5;2026-10-07 07:06:44;2.179
56270007;15, ROUTE DU FORT BLOQUE;PLOEMEUR;47.737;-3.433;R;Gazole;1;2026-10-07 00:01:00;2.25
56270007;15, ROUTE DU FORT BLOQUE;PLOEMEUR;47.737;-3.433;R;E10;5;2026-10-07 00:01:00;1.99
56270007;15, ROUTE DU FORT BLOQUE;PLOEMEUR;47.737;-3.433;R;SP98;6;2026-10-07 10:33:37;1.99
77183001;Boulevard Georges Bidault;Croissy-Beaubourg;48.828;2.644;R;SP98;6;2026-10-07 09:57:57;2.299
49340001;AIRE DE TREMENTINES A87;TREMENTINES;47.135;-0.826;A;Gazole;1;2026-10-07 08:00:00;2.515
49340001;AIRE DE TREMENTINES A87;TREMENTINES;47.135;-0.826;A;E85;3;2026-10-07 08:00:00;0.979
49340001;AIRE DE TREMENTINES A87;TREMENTINES;47.135;-0.826;A;E10;5;2026-10-07 08:00:00;2.299
49340001;AIRE DE TREMENTINES A87;TREMENTINES;47.135;-0.826;A;SP98;6;2026-10-07 08:00:00;2.363
84120001;Boulevard Jean Guigues (=des Jardins);PERTUIS;43.695;5.493;R;Gazole;1;2026-10-07 09:38:22;2.368
84120001;Boulevard Jean Guigues (=des Jardins);PERTUIS;43.695;5.493;R;SP95;2;2026-10-07 09:38:22;2.25
84120001;Boulevard Jean Guigues (=des Jardins);PERTUIS;43.695;5.493;R;E10;5;2026-10-07 09:38:22;2.205
84120001;Boulevard Jean Guigues (=des Jardins);PERTUIS;43.695;5.493;R;SP98;6;2026-10-07 09:38:22;2.305
56000008;16 AVENUE DE LA MARNE;VANNES;47.669;-2.803;R;Gazole;1;2026-10-07 00:01:00;2.25
56000008;16 AVENUE DE LA MARNE;VANNES;47.669;-2.803;R;E10;5;2026-10-07 00:01:00;1.99
56000008;16 AVENUE DE LA MARNE;VANNES;47.669;-2.803;R;SP98;6;2026-10-07 00:01:00;1.99
85500005;Avenue des Chauvières;Les Herbiers;46.858;-1.015;R;Gazole;1;2026-10-07 09:59:00;2.288
85500005;Avenue des Chauvières;Les Herbiers;46.858;-1.015;R;E85;3;2026-10-07 09:59:00;0.829
85500005;Avenue des Chauvières;Les Herbiers;46.858;-1.015;R;E10;5;2026-10-07 09:59:00;2.096
85500005;Avenue des Chauvières;Les Herbiers;46.858;-1.015;R;SP98;6;2026-10-07 09:59:00;2.195
38300018;37 AV.ALSACE LORRAINE;BOURGOIN JALLIEU;45.586;5.269;R;Gazole;1;2026-10-07 00:01:00;2.25
38300018;37 AV.ALSACE LORRAINE;BOURGOIN JALLIEU;45.586;5.269;R;E85;3;2026-10-07 00:01:00;0.893
38300018;37 AV.ALSACE LORRAINE;BOURGOIN JALLIEU;45.586;5.269;R;E10;5;2026-10-07 00:01:00;1.99
48140002;route de saugues;LE MALZIEU VILLE;44.856;3.332;R;Gazole;1;2026-10-07 06:16:53;2.389
48140002;route de saugues;LE MALZIEU VILLE;44.856;3.332;R;E10;5;2026-10-07 06:16:54;2.339
48140002;route de saugues;LE MALZIEU VILLE;44.856;3.332;R;SP98;6;2026-10-07 06:16:54;2.239
83000011;AV INFANTERIE DE MARINE;TOULON;43.11313;5.93462;R;Gazole;1;2026-10-07 00:01:00;2.25
83000011;AV INFANTERIE DE MARINE;TOULON;43.11313;5.93462;R;E10;5;2026-10-07 00:01:00;1.99
83000011;AV INFANTERIE DE MARINE;TOULON;43.11313;5.93462;R;SP98;6;2026-10-07 00:01:00;1.99
42780001;ZONE ACTIVITE LES GAGERES;VIOLAY;45.85;4.341;R;Gazole;1;2026-10-07 00:01:00;2.25
42780001;ZONE ACTIVITE LES GAGERES;VIOLAY;45.85;4.341;R;SP98;6;2026-10-07 00:01:00;1.99
80044001;Centre Commercial Amiens Sud Rn1;Dury;49.862253148461;2.2775469819;R;Gazole;1;2026-10-07 09:17:16;2.299
33610007;A63 SENS BAYONNE-BORDEAUX;CESTAS;44.743;-0.706;A;Gazole;1;2026-10-07 09:30:00;2.56
33610007;A63 SENS BAYONNE-BORDEAUX;CESTAS;44.743;-0.706;A;E10;5;2026-10-07 09:30:00;2.487
33610007;A63 SENS BAYONNE-BORDEAUX;CESTAS;44.743;-0.706;A;SP98;6;2026-10-07 09:30:00;2.637
71700006;13 AVENUE DU CLOS MOURON;TOURNUS;46.573;4.904;R;Gazole;1;2026-10-07 00:01:00;2.25
71700006;13 AVENUE DU CLOS MOURON;TOURNUS;46.573;4.904;R;E10;5;2026-10-07 00:01:00;1.99
17100007;11 Rue de Lamothe;Saintes;45.739;-0.603;R;Gazole;1;2026-10-07 10:45:41;2.259
51320003;ROUTE NATIONALE 4;SOMMESOUS;48.7319488344;4.205154643659999;R;Gazole;1;2026-10-07 00:01:00;2.25
51320003;ROUTE NATIONALE 4;SOMMESOUS;48.7319488344;4.205154643659999;R;E85;3;2026-10-07 00:01:00;0.879
51320003;ROUTE NATIONALE 4;SOMMESOUS;48.7319488344;4.205154643659999;R;E10;5;2026-10-07 00:01:00;1.99
51320003;ROUTE NATIONALE 4;SOMMESOUS;48.7319488344;4.205154643659999;R;SP98;6;2026-10-07 00:01:00;1.99
29460003;4 Route de Quimper;DAOULAS;48.361;-4.26;R;Gazole;1;2026-10-07 09:50:36;2.25
29460003;4 Route de Quimper;DAOULAS;48.361;-4.26;R;E10;5;2026-10-07 09:50:36;1.99
72190004;A11-AIRE SARTHE SARGE LE MANS NORD;Sargé-lès-le-Mans;48.05557327;0.25581708999999997;A;Gazole;1;2026-10-07 00:01:00;2.25
72190004;A11-AIRE SARTHE SARGE LE MANS NORD;Sargé-lès-le-Mans;48.05557327;0.25581708999999997;A;E85;3;2026-10-07 00:01:00;0.999
72190004;A11-AIRE SARTHE SARGE LE MANS NORD;Sargé-lès-le-Mans;48.05557327;0.25581708999999997;A;GPLc;4;2026-10-07 00:01:00;1.114
72190004;A11-AIRE SARTHE SARGE LE MANS NORD;Sargé-lès-le-Mans;48.05557327;0.25581708999999997;A;E10;5;2026-10-07 00:01:00;1.99
72190004;A11-AIRE SARTHE SARGE LE MANS NORD;Sargé-lès-le-Mans;48.05557327;0.25581708999999997;A;SP98;6;2026-10-07 00:01:00;1.99
63370001;26 Avenue de l Europe;LEMPDES;45.777;3.197;A;Gazole;1;2026-10-07 10:31:41;2.33
63370001;26 Avenue de l Europe;LEMPDES;45.777;3.197;A;SP95;2;2026-10-07 10:31:41;2.257
63370001;26 Avenue de l Europe;LEMPDES;45.777;3.197;A;E85;3;2026-10-07 10:31:41;0.869
63370001;26 Avenue de l Europe;LEMPDES;45.777;3.197;A;GPLc;4;2026-10-07 10:31:41;0.98
63370001;26 Avenue de l Europe;LEMPDES;45.777;3.197;A;E10;5;2026-10-07 10:31:41;2.15
83480006;AUTOROUTE A8 - AIRE DE CANAVER;Puget-sur-Argens;43.466859091819;6.671643191754801;A;Gazole;1;2026-10-07 00:01:00;2.25
83480006;AUTOROUTE A8 - AIRE DE CANAVER;Puget-sur-Argens;43.466859091819;6.671643191754801;A;GPLc;4;2026-10-07 00:01:00;1.104
83480006;AUTOROUTE A8 - AIRE DE CANAVER;Puget-sur-Argens;43.466859091819;6.671643191754801;A;E10;5;2026-10-07 00:01:00;1.99
83480006;AUTOROUTE A8 - AIRE DE CANAVER;Puget-sur-Argens;43.466859091819;6.671643191754801;A;SP98;6;2026-10-07 00:01:00;1.99
43000009;10 BLD MARECHAL JOFFRE;LE PUY EN VELAY;45.0479250728;3.89342284693;R;Gazole;1;2026-10-07 07:34:21;2.25
43000009;10 BLD MARECHAL JOFFRE;LE PUY EN VELAY;45.0479250728;3.89342284693;R;E85;3;2026-10-07 07:34:21;0.913
43000009;10 BLD MARECHAL JOFFRE;LE PUY EN VELAY;45.0479250728;3.89342284693;R;GPLc;4;2026-10-07 07:34:21;0.949
43000009;10 BLD MARECHAL JOFFRE;LE PUY EN VELAY;45.0479250728;3.89342284693;R;E10;5;2026-10-07 07:34:21;1.99
43000009;10 BLD MARECHAL JOFFRE;LE PUY EN VELAY;45.0479250728;3.89342284693;R;SP98;6;2026-10-07 07:34:21;1.99
6140004;891 ROUTE DE ST PAUL;VENCE;43.715025979924;7.117118026644899;R;Gazole;1;2026-10-07 00:01:00;2.25
6140004;891 ROUTE DE ST PAUL;VENCE;43.715025979924;7.117118026644899;R;E10;5;2026-10-07 00:01:00;1.99
34560001;31 rue Sauta Roch;Villeveyrac;43.499;3.592;R;Gazole;1;2026-10-07 10:09:14;2.339
34560001;31 rue Sauta Roch;Villeveyrac;43.499;3.592;R;E10;5;2026-10-07 10:09:14;2.266
34560001;31 rue Sauta Roch;Villeveyrac;43.499;3.592;R;SP98;6;2026-10-07 10:09:15;2.357
38150001;165 RN7;SALAISE-SUR-SANNE;45.34;4.805;R;E10;5;2026-10-07 10:43:39;2.119
24700001;Avenue Georges Pompidou;Montpon-Ménestérol;45.006;0.143;R;Gazole;1;2026-10-07 08:00:00;2.268
24700001;Avenue Georges Pompidou;Montpon-Ménestérol;45.006;0.143;R;GPLc;4;2026-10-07 08:00:00;1.063
24700001;Avenue Georges Pompidou;Montpon-Ménestérol;45.006;0.143;R;E10;5;2026-10-07 08:00:00;2.114
24700001;Avenue Georges Pompidou;Montpon-Ménestérol;45.006;0.143;R;SP98;6;2026-10-07 08:00:00;2.234
83170011;AUTOROUTE A8;BRIGNOLES;43.423740853226;5.9929507895994;A;Gazole;1;2026-10-07 00:01:00;2.669
83170011;AUTOROUTE A8;BRIGNOLES;43.423740853226;5.9929507895994;A;GPLc;4;2026-10-07 00:01:00;1.149
83170011;AUTOROUTE A8;BRIGNOLES;43.423740853226;5.9929507895994;A;E10;5;2026-10-07 00:01:00;2.469
83170011;AUTOROUTE A8;BRIGNOLES;43.423740853226;5.9929507895994;A;SP98;6;2026-10-07 00:01:00;2.549
2200013;AV.DE COMPIEGNE - RN.31;Mercin-et-Vaux;49.381;3.302;R;Gazole;1;2026-10-07 00:01:00;2.25
2200013;AV.DE COMPIEGNE - RN.31;Mercin-et-Vaux;49.381;3.302;R;E85;3;2026-10-07 00:01:00;0.904
2200013;AV.DE COMPIEGNE - RN.31;Mercin-et-Vaux;49.381;3.302;R;E10;5;2026-10-07 00:01:00;1.99
2200013;AV.DE COMPIEGNE - RN.31;Mercin-et-Vaux;49.381;3.302;R;SP98;6;2026-10-07 00:01:00;1.99
23000008;14 AVENUE PIERRE MENDES FRANCE;Guéret;46.162;1.873;R;Gazole;1;2026-10-07 08:43:49;2.359
21490003;AUTOROUTE A31 - AIRE DE DIJON BROGNON;BROGNON;47.422140465593;5.1703182291236995;A;Gazole;1;2026-10-07 00:01:00;2.25
21490003;AUTOROUTE A31 - AIRE DE DIJON BROGNON;BROGNON;47.422140465593;5.1703182291236995;A;E85;3;2026-10-07 00:01:00;0.999
21490003;AUTOROUTE A31 - AIRE DE DIJON BROGNON;BROGNON;47.422140465593;5.1703182291236995;A;GPLc;4;2026-10-07 00:01:00;1.098
21490003;AUTOROUTE A31 - AIRE DE DIJON BROGNON;BROGNON;47.422140465593;5.1703182291236995;A;E10;5;2026-10-07 00:01:00;1.99
21490003;AUTOROUTE A31 - AIRE DE DIJON BROGNON;BROGNON;47.422140465593;5.1703182291236995;A;SP98;6;2026-10-07 00:01:00;1.99
24350002;Lieu-dit Grands Champs de Baunac;Tocane-Saint-Apre;45.25805;0.50632;R;Gazole;1;2026-10-07 09:19:37;2.34
24350002;Lieu-dit Grands Champs de Baunac;Tocane-Saint-Apre;45.25805;0.50632;R;E10;5;2026-10-07 09:19:37;2.175
24350002;Lieu-dit Grands Champs de Baunac;Tocane-Saint-Apre;45.25805;0.50632;R;SP98;6;2026-10-07 09:19:37;2.303
38500007;5 AVENUE DOCTEUR VALOIS;VOIRON;45.357;5.593;R;Gazole;1;2026-10-07 08:22:26;2.25
38500007;5 AVENUE DOCTEUR VALOIS;VOIRON;45.357;5.593;R;E85;3;2026-10-07 08:22:26;0.903
38500007;5 AVENUE DOCTEUR VALOIS;VOIRON;45.357;5.593;R;GPLc;4;2026-10-07 00:01:00;1.009
38500007;5 AVENUE DOCTEUR VALOIS;VOIRON;45.357;5.593;R;E10;5;2026-10-07 08:22:26;1.99
38500007;5 AVENUE DOCTEUR VALOIS;VOIRON;45.357;5.593;R;SP98;6;2026-10-07 08:22:27;1.99
59110005;BOULEVARD ROBERT SCHUMANN;LA MADELEINE;50.651008579;3.06270154852;R;Gazole;1;2026-10-07 00:01:00;2.25
59110005;BOULEVARD ROBERT SCHUMANN;LA MADELEINE;50.651008579;3.06270154852;R;E85;3;2026-10-07 00:01:00;0.868
59110005;BOULEVARD ROBERT SCHUMANN;LA MADELEINE;50.651008579;3.06270154852;R;GPLc;4;2026-10-07 00:01:00;0.974
59110005;BOULEVARD ROBERT SCHUMANN;LA MADELEINE;50.651008579;3.06270154852;R;E10;5;2026-10-07 00:01:00;1.99
44300015;78 BD ROBERT SCHUMAN;NANTES;47.2377;-1.56947;R;Gazole;1;2026-10-07 00:01:00;2.25
44300015;78 BD ROBERT SCHUMAN;NANTES;47.2377;-1.56947;R;E10;5;2026-10-07 00:01:00;1.99
44300015;78 BD ROBERT SCHUMAN;NANTES;47.2377;-1.56947;R;SP98;6;2026-10-07 00:01:00;1.99
93420007;BD ROBERT BALLANGER D115;VILLEPINTE;48.953965389285;2.533686306402;R;Gazole;1;2026-10-07 00:01:00;2.25
93420007;BD ROBERT BALLANGER D115;VILLEPINTE;48.953965389285;2.533686306402;R;GPLc;4;2026-10-07 00:01:00;1.004
93420007;BD ROBERT BALLANGER D115;VILLEPINTE;48.953965389285;2.533686306402;R;E10;5;2026-10-07 00:01:00;1.99
93420007;BD ROBERT BALLANGER D115;VILLEPINTE;48.953965389285;2.533686306402;R;SP98;6;2026-10-07 00:01:00;1.99
30240002;CHEMIN DE TERRE NEUVE;Le Grau-du-Roi;43.528453057941;4.1511370228232005;R;Gazole;1;2026-10-07 04:51:16;2.339
93300009;62-64 AVENUE DE LA REPUBLIQUE;AUBERVILLIERS;48.909;2.386;R;Gazole;1;2026-10-07 00:01:00;2.25
89116003;AUTOROUTE A6 - AIRE DE LA COULINE;Précy-sur-Vrin;47.97408;3.19921;A;Gazole;1;2026-10-07 00:01:00;2.25
89116003;AUTOROUTE A6 - AIRE DE LA COULINE;Précy-sur-Vrin;47.97408;3.19921;A;E85;3;2026-10-07 00:01:00;0.999
89116003;AUTOROUTE A6 - AIRE DE LA COULINE;Précy-sur-Vrin;47.97408;3.19921;A;GPLc;4;2026-10-07 00:01:00;1.078
89116003;AUTOROUTE A6 - AIRE DE LA COULINE;Précy-sur-Vrin;47.97408;3.19921;A;E10;5;2026-10-07 00:01:00;1.99
89116003;AUTOROUTE A6 - AIRE DE LA COULINE;Précy-sur-Vrin;47.97408;3.19921;A;SP98;6;2026-10-07 00:01:00;1.99
33000023;116 QUAI DE LA SOUYS;BORDEAUX;44.829;-0.541;R;Gazole;1;2026-10-07 00:01:00;2.25
33000023;116 QUAI DE LA SOUYS;BORDEAUX;44.829;-0.541;R;E10;5;2026-10-07 00:01:00;1.99
33000023;116 QUAI DE LA SOUYS;BORDEAUX;44.829;-0.541;R;SP98;6;2026-10-07 00:01:00;1.99
40350001;160, route d'Estibeaux;Pouillon;43.60651;-0.99139;R;Gazole;1;2026-10-07 07:33:07;2.359
40350001;160, route d'Estibeaux;Pouillon;43.60651;-0.99139;R;E10;5;2026-10-07 07:33:07;2.129
35000019;21 avenue CHARLES TILLON;RENNES;48.125;-1.701;R;GPLc;4;2026-10-07 00:01:00;0.929
31120009;106 ROUTE D'ESPAGNE;Portet-sur-Garonne;43.525;1.399;R;Gazole;1;2026-10-07 00:01:00;2.25
31120009;106 ROUTE D'ESPAGNE;Portet-sur-Garonne;43.525;1.399;R;GPLc;4;2026-10-07 00:01:00;0.999
54121001;28, rue Charles de Gaulle;VANDIèRES;48.951;6.038;R;Gazole;1;2026-10-07 07:00:02;2.25
54121001;28, rue Charles de Gaulle;VANDIèRES;48.951;6.038;R;E85;3;2026-10-07 07:00:03;0.887
54121001;28, rue Charles de Gaulle;VANDIèRES;48.951;6.038;R;E10;5;2026-10-07 07:00:03;1.99
94150005;AUTOROUTE A106 - AIRE DE RUNGIS DELTA PONDO;RUNGIS;48.7575828377;2.3483460055500003;A;Gazole;1;2026-10-07 00:01:00;2.25
94150005;AUTOROUTE A106 - AIRE DE RUNGIS DELTA PONDO;RUNGIS;48.7575828377;2.3483460055500003;A;E85;3;2026-10-07 00:01:00;0.899
94150005;AUTOROUTE A106 - AIRE DE RUNGIS DELTA PONDO;RUNGIS;48.7575828377;2.3483460055500003;A;E10;5;2026-10-07 00:01:00;1.99
94150005;AUTOROUTE A106 - AIRE DE RUNGIS DELTA PONDO;RUNGIS;48.7575828377;2.3483460055500003;A;SP98;6;2026-10-07 09:05:14;1.99
78280003;10 AV DE L'EUROPE;GUYANCOURT;48.77;2.06;R;Gazole;1;2026-10-07 00:01:00;2.25
78280003;10 AV DE L'EUROPE;GUYANCOURT;48.77;2.06;R;E85;3;2026-10-07 00:01:00;0.894
78280003;10 AV DE L'EUROPE;GUYANCOURT;48.77;2.06;R;E10;5;2026-10-07 00:01:00;1.99
59260007;BOULEVARD DE TOURNAI;LEZENNES;50.616;3.119;R;Gazole;1;2026-10-07 00:01:00;2.25
59260007;BOULEVARD DE TOURNAI;LEZENNES;50.616;3.119;R;E10;5;2026-10-07 00:01:00;1.99
13012022;67 AVENUE DES CAILLOLS;Marseille;43.3038;5.43663;R;Gazole;1;2026-10-07 00:01:00;2.25
13012022;67 AVENUE DES CAILLOLS;Marseille;43.3038;5.43663;R;E10;5;2026-10-07 00:01:00;1.99
24110002;Bd mallebay;SAINT-ASTIER;45.149;0.527;R;Gazole;1;2026-10-07 10:10:24;2.266
24110002;Bd mallebay;SAINT-ASTIER;45.149;0.527;R;E85;3;2026-10-07 10:10:24;0.866
24110002;Bd mallebay;SAINT-ASTIER;45.149;0.527;R;E10;5;2026-10-07 10:10:24;2.114
24110002;Bd mallebay;SAINT-ASTIER;45.149;0.527;R;SP98;6;2026-10-07 10:10:24;2.223
83100006;508 AVENUE FOCH;TOULON;43.128;5.919;R;Gazole;1;2026-10-07 00:01:00;2.25
83100006;508 AVENUE FOCH;TOULON;43.128;5.919;R;E10;5;2026-10-07 00:01:00;1.99
83100006;508 AVENUE FOCH;TOULON;43.128;5.919;R;SP98;6;2026-10-07 00:01:00;1.99
75019015;121 RUE MANIN;PARIS;48.884;2.39;R;Gazole;1;2026-10-07 00:01:00;2.25
75019015;121 RUE MANIN;PARIS;48.884;2.39;R;E10;5;2026-10-07 00:01:00;1.99
56400001;C.C. DE KERFONTAINE;Pluneret;47.672;-2.964;R;Gazole;1;2026-10-07 09:24:27;2.308
56400001;C.C. DE KERFONTAINE;Pluneret;47.672;-2.964;R;E10;5;2026-10-07 09:24:27;2.153
56400001;C.C. DE KERFONTAINE;Pluneret;47.672;-2.964;R;SP98;6;2026-10-07 09:24:27;2.258
51100002;47 Rue Gosset;Reims;49.26584;4.0395;R;E10;5;2026-10-07 08:36:45;2.179
59110006;184 RUE DU GENERAL DE GAULLE;LA MADELEINE;50.655847160039;3.0739416578540997;R;Gazole;1;2026-10-07 00:01:00;2.25
59110006;184 RUE DU GENERAL DE GAULLE;LA MADELEINE;50.655847160039;3.0739416578540997;R;E85;3;2026-10-07 00:01:00;0.863
59110006;184 RUE DU GENERAL DE GAULLE;LA MADELEINE;50.655847160039;3.0739416578540997;R;E10;5;2026-10-07 00:01:00;1.99
35000022;254, ROUTE DE FOUGERES;RENNES;48.127;-1.651;R;Gazole;1;2026-10-07 00:01:00;2.25
6250010;492 ROUTE DU CANNET;MOUGINS;43.5833864141;7.009567855869999;R;Gazole;1;2026-10-07 00:01:00;2.25
6250010;492 ROUTE DU CANNET;MOUGINS;43.5833864141;7.009567855869999;R;E85;3;2026-10-07 00:01:00;0.912
6250010;492 ROUTE DU CANNET;MOUGINS;43.5833864141;7.009567855869999;R;E10;5;2026-10-07 00:01:00;1.99
6250010;492 ROUTE DU CANNET;MOUGINS;43.5833864141;7.009567855869999;R;SP98;6;2026-10-07 00:01:00;1.99
6110009;BOULEVARD JEAN MOULIN;LE CANNET;43.562;6.967;R;Gazole;1;2026-10-07 00:01:00;2.25
6110009;BOULEVARD JEAN MOULIN;LE CANNET;43.562;6.967;R;E10;5;2026-10-07 00:01:00;1.99
6110009;BOULEVARD JEAN MOULIN;LE CANNET;43.562;6.967;R;SP98;6;2026-10-07 00:01:00;1.99
72700007;2 AV GENERAL DE GAULLE;ALLONNES;47.973277870149;0.15860629408471;R;Gazole;1;2026-10-07 09:01:27;2.349
86370001;17, RUE PORTES ROUGES;VIVONNE;46.431;0.262;R;Gazole;1;2026-10-07 09:35:00;2.319
86370001;17, RUE PORTES ROUGES;VIVONNE;46.431;0.262;R;E85;3;2026-10-07 09:35:00;0.848
86370001;17, RUE PORTES ROUGES;VIVONNE;46.431;0.262;R;GPLc;4;2026-10-07 09:35:00;1.038
86370001;17, RUE PORTES ROUGES;VIVONNE;46.431;0.262;R;E10;5;2026-10-07 09:35:00;2.139
86370001;17, RUE PORTES ROUGES;VIVONNE;46.431;0.262;R;SP98;6;2026-10-07 09:35:00;2.248
78520004;60 AV.DE LA PAIX;LIMAY;48.993;1.744;R;Gazole;1;2026-10-07 00:01:00;2.25
78520004;60 AV.DE LA PAIX;LIMAY;48.993;1.744;R;E85;3;2026-10-07 00:01:00;0.894
31800008;ZAC DES LANDES 10 AVENUE DU CAGIRE;ESTANCARBON;43.117851540000004;0.7700343080000001;R;Gazole;1;2026-10-07 10:51:00;2.369
31800008;ZAC DES LANDES 10 AVENUE DU CAGIRE;ESTANCARBON;43.117851540000004;0.7700343080000001;R;SP95;2;2026-10-07 10:51:00;2.275
31800008;ZAC DES LANDES 10 AVENUE DU CAGIRE;ESTANCARBON;43.117851540000004;0.7700343080000001;R;E10;5;2026-10-07 10:51:00;2.169
31800008;ZAC DES LANDES 10 AVENUE DU CAGIRE;ESTANCARBON;43.117851540000004;0.7700343080000001;R;SP98;6;2026-10-07 10:51:00;2.281
64110006;RN134 18 AV HENRI 4;JURANCON;43.28562;-0.38335;R;Gazole;1;2026-10-07 00:01:00;2.25
64110006;RN134 18 AV HENRI 4;JURANCON;43.28562;-0.38335;R;E10;5;2026-10-07 00:01:00;1.99
67600010;50 ROUTE DE STRASBOURG;SELESTAT;48.27267;7.46047;R;Gazole;1;2026-10-07 00:01:00;2.25
34500023;48 Rue Gerry Roufs;Béziers;43.366;3.209;R;Gazole;1;2026-10-07 08:22:57;2.381
34500023;48 Rue Gerry Roufs;Béziers;43.366;3.209;R;E85;3;2026-10-07 08:22:57;0.869
34500023;48 Rue Gerry Roufs;Béziers;43.366;3.209;R;E10;5;2026-10-07 08:22:57;2.187
34500023;48 Rue Gerry Roufs;Béziers;43.366;3.209;R;SP98;6;2026-10-07 08:22:57;2.309
95100033;193 AVENUE HENRI BARBUSSE;ARGENTEUIL;48.933;2.233;R;Gazole;1;2026-10-07 00:01:00;2.25
95100033;193 AVENUE HENRI BARBUSSE;ARGENTEUIL;48.933;2.233;R;E10;5;2026-10-07 00:01:00;1.99
95100033;193 AVENUE HENRI BARBUSSE;ARGENTEUIL;48.933;2.233;R;SP98;6;2026-10-07 00:01:00;1.99
31410003;AUT A 64  AIRE DE GARONNE;Capens;43.336203735223;1.2457064998659;A;Gazole;1;2026-10-07 09:30:00;2.565
31410003;AUT A 64  AIRE DE GARONNE;Capens;43.336203735223;1.2457064998659;A;GPLc;4;2026-10-07 09:30:00;1.108
31410003;AUT A 64  AIRE DE GARONNE;Capens;43.336203735223;1.2457064998659;A;E10;5;2026-10-07 09:30:00;2.491
31410003;AUT A 64  AIRE DE GARONNE;Capens;43.336203735223;1.2457064998659;A;SP98;6;2026-10-07 09:30:00;2.641
91360004;LIAISON CD 25 A CD 17;Épinay-sur-Orge;48.668495636387995;2.3385703993892997;R;Gazole;1;2026-10-07 00:01:00;2.25
91360004;LIAISON CD 25 A CD 17;Épinay-sur-Orge;48.668495636387995;2.3385703993892997;R;E85;3;2026-10-07 00:01:00;0.909
83310011;RN 98 CARREFOUR DE LA FOUX;COGOLIN;43.264;6.577;R;Gazole;1;2026-10-07 00:01:00;2.25
83310011;RN 98 CARREFOUR DE LA FOUX;COGOLIN;43.264;6.577;R;E85;3;2026-10-07 07:55:41;0.913
83310011;RN 98 CARREFOUR DE LA FOUX;COGOLIN;43.264;6.577;R;GPLc;4;2026-10-07 00:01:00;1.004
83310011;RN 98 CARREFOUR DE LA FOUX;COGOLIN;43.264;6.577;R;E10;5;2026-10-07 00:01:00;1.99
83310011;RN 98 CARREFOUR DE LA FOUX;COGOLIN;43.264;6.577;R;SP98;6;2026-10-07 00:01:00;1.99
21000012;7 Rue de Cracovie;Dijon;47.34;5.067;R;E10;5;2026-10-07 09:02:27;2.209
21000012;7 Rue de Cracovie;Dijon;47.34;5.067;R;SP98;6;2026-10-07 09:02:27;2.296
71000021;97 ROUTE DE LYON RN 6;MACON;46.285;4.808;R;Gazole;1;2026-10-07 00:01:00;2.25
71000021;97 ROUTE DE LYON RN 6;MACON;46.285;4.808;R;GPLc;4;2026-10-07 00:01:00;0.999
22000011;RUE GUILLAUME APOLLINAIRE;Saint-Brieuc;48.49806;-2.74533;R;Gazole;1;2026-10-07 00:01:00;2.246
22000011;RUE GUILLAUME APOLLINAIRE;Saint-Brieuc;48.49806;-2.74533;R;GPLc;4;2026-10-07 00:01:00;0.984
28600002;1 rue des Orvilles;Barjouville;48.41;1.463;R;Gazole;1;2026-10-07 07:37:49;2.282
28600002;1 rue des Orvilles;Barjouville;48.41;1.463;R;SP95;2;2026-10-07 07:37:49;2.176
28600002;1 rue des Orvilles;Barjouville;48.41;1.463;R;E10;5;2026-10-07 07:37:49;2.109
28600002;1 rue des Orvilles;Barjouville;48.41;1.463;R;SP98;6;2026-10-07 07:37:50;2.201
42110006;RN 89;FEURS;45.743;4.208;R;Gazole;1;2026-10-07 00:01:00;2.25
42110006;RN 89;FEURS;45.743;4.208;R;GPLc;4;2026-10-07 00:01:00;1.035
42110006;RN 89;FEURS;45.743;4.208;R;E10;5;2026-10-07 00:01:00;1.99
42110006;RN 89;FEURS;45.743;4.208;R;SP98;6;2026-10-07 00:01:00;1.99
94000009;63 Avenue du Général de Gaulle;Créteil;48.790388298253;2.4451740423071002;R;Gazole;1;2026-10-07 00:01:00;2.25
18000018;BOULEVARD DE L'INDUSTRIE;BOURGES;47.072;2.395;R;Gazole;1;2026-10-07 00:01:00;2.25
18000018;BOULEVARD DE L'INDUSTRIE;BOURGES;47.072;2.395;R;E10;5;2026-10-07 00:01:00;1.99
69005002;131 Rue Joliot-Curie;LYON;45.754;4.779;R;Gazole;1;2026-10-07 08:00:00;2.449
69005002;131 Rue Joliot-Curie;LYON;45.754;4.779;R;E10;5;2026-10-07 08:00:00;2.229
69005002;131 Rue Joliot-Curie;LYON;45.754;4.779;R;SP98;6;2026-10-07 08:00:00;2.329
72470004;RN 23 - LES FOSSES;CHAMPAGNE;48.016;0.328;R;E10;5;2026-10-07 10:31:30;1.99
72470004;RN 23 - LES FOSSES;CHAMPAGNE;48.016;0.328;R;SP98;6;2026-10-07 10:31:30;1.99
71170001;1, AVENUE VAN DE WALLE;Chauffailles;46.204;4.336;R;E10;5;2026-10-07 09:15:08;2.199
75017017;190 AVENUE DE CLICHY;PARIS;48.89345;2.3154;R;Gazole;1;2026-10-07 00:01:00;2.25
75017017;190 AVENUE DE CLICHY;PARIS;48.89345;2.3154;R;E10;5;2026-10-07 00:01:00;1.99
75017017;190 AVENUE DE CLICHY;PARIS;48.89345;2.3154;R;SP98;6;2026-10-07 00:01:00;1.99
13700010;92 AEROPORT BP 36;MARIGNANE;43.444;5.225;R;Gazole;1;2026-10-07 00:01:00;2.25
13700010;92 AEROPORT BP 36;MARIGNANE;43.444;5.225;R;E85;3;2026-10-07 00:01:00;0.909
13700010;92 AEROPORT BP 36;MARIGNANE;43.444;5.225;R;E10;5;2026-10-07 00:01:00;1.99
13700010;92 AEROPORT BP 36;MARIGNANE;43.444;5.225;R;SP98;6;2026-10-07 00:01:00;1.99
44800007;205 ROUTE DE VANNES;Saint-Herblain;47.2412179839;-1.59335907484;R;Gazole;1;2026-10-07 00:01:00;2.25
44800007;205 ROUTE DE VANNES;Saint-Herblain;47.2412179839;-1.59335907484;R;E10;5;2026-10-07 00:01:00;1.99
67120005;15 rue de la Gare;DUTTLENHEIM;48.527;7.568;R;Gazole;1;2026-10-07 09:41:00;2.489
7150001;La Plaine;Salavas;44.397;4.382;R;SP95;2;2026-10-07 08:53:51;1.99
60490007;AUTOROUTE A1 - AIRE DE RESSONS EST;RESSONS SUR MATZ;49.5236;2.72292;A;Gazole;1;2026-10-07 00:01:00;2.25
60490007;AUTOROUTE A1 - AIRE DE RESSONS EST;RESSONS SUR MATZ;49.5236;2.72292;A;E85;3;2026-10-07 00:01:00;0.999
60490007;AUTOROUTE A1 - AIRE DE RESSONS EST;RESSONS SUR MATZ;49.5236;2.72292;A;GPLc;4;2026-10-07 00:01:00;1.089
60490007;AUTOROUTE A1 - AIRE DE RESSONS EST;RESSONS SUR MATZ;49.5236;2.72292;A;E10;5;2026-10-07 00:01:00;1.99
60490007;AUTOROUTE A1 - AIRE DE RESSONS EST;RESSONS SUR MATZ;49.5236;2.72292;A;SP98;6;2026-10-07 00:01:00;1.99
12000014;33 Bd Paul ramadier;Rodez;44.359219211413006;2.5698524525378;R;Gazole;1;2026-10-07 08:10:37;2.25
12000014;33 Bd Paul ramadier;Rodez;44.359219211413006;2.5698524525378;R;SP95;2;2026-10-07 08:10:37;1.99
10000020;40, AVENUE CHOMEDEY DE MAISONNEU;TROYES;48.3044;4.0727;R;Gazole;1;2026-10-07 00:01:00;2.25
10000020;40, AVENUE CHOMEDEY DE MAISONNEU;TROYES;48.3044;4.0727;R;E10;5;2026-10-07 00:01:00;1.99
10000020;40, AVENUE CHOMEDEY DE MAISONNEU;TROYES;48.3044;4.0727;R;SP98;6;2026-10-07 00:01:00;1.99
78400004;133 AV DU MARECHAL FOCH;CHATOU;48.892;2.144;R;Gazole;1;2026-10-07 00:01:00;2.25
69290003;26 Avenue Édouard Millaud;CRAPONNE;45.747;4.741;R;SP98;6;2026-10-07 09:16:24;2.282
61790001;ZA LA REMAIZIERE;Saint-Pierre-du-Regard;48.829295599999995;-0.5616943;R;Gazole;1;2026-10-07 10:13:09;2.291
60280003;254 avenue de la république;CLAIROIX;49.4312668816;2.8373434750855;R;Gazole;1;2026-10-07 11:01:51;2.329
60280003;254 avenue de la république;CLAIROIX;49.4312668816;2.8373434750855;R;E10;5;2026-10-07 11:01:51;2.135
60280003;254 avenue de la république;CLAIROIX;49.4312668816;2.8373434750855;R;SP98;6;2026-10-07 11:01:51;2.279
47220003;Lotissement la Tuine;ASTAFFORT;44.059;0.653;R;Gazole;1;2026-10-07 08:17:10;2.299
47220003;Lotissement la Tuine;ASTAFFORT;44.059;0.653;R;E10;5;2026-10-07 08:17:10;2.109
47220003;Lotissement la Tuine;ASTAFFORT;44.059;0.653;R;SP98;6;2026-10-07 08:17:10;2.229
22110003;LE CAP VERT;Rostrenen;48.23682;-3.31209;R;Gazole;1;2026-10-07 09:00:00;2.269
31270007;8 AVENUE DE FRANCAZAL;Villeneuve-Tolosane;43.524;1.343;R;Gazole;1;2026-10-07 00:01:00;2.25
94450004;1 BIS AV GABRIEL PERI;Limeil-Brévannes;48.755;2.484;R;Gazole;1;2026-10-07 00:01:00;2.25
94450004;1 BIS AV GABRIEL PERI;Limeil-Brévannes;48.755;2.484;R;E85;3;2026-10-07 00:01:00;0.909
29120007;45 RUE VICTOR HUGO RN 785;Pont-l'Abbé;47.86938;-4.22187;R;E10;5;2026-10-07 00:01:00;1.99
29120007;45 RUE VICTOR HUGO RN 785;Pont-l'Abbé;47.86938;-4.22187;R;SP98;6;2026-10-07 00:01:00;1.99
35170001;2 Place du Vert Buisson;BRUZ;48.028663730518;-1.7621273108673;R;Gazole;1;2026-10-07 09:01:34;2.296
35170001;2 Place du Vert Buisson;BRUZ;48.028663730518;-1.7621273108673;R;SP95;2;2026-10-07 09:01:34;2.169
35170001;2 Place du Vert Buisson;BRUZ;48.028663730518;-1.7621273108673;R;E85;3;2026-10-07 09:01:34;0.869
35170001;2 Place du Vert Buisson;BRUZ;48.028663730518;-1.7621273108673;R;E10;5;2026-10-07 09:01:35;2.103
35170001;2 Place du Vert Buisson;BRUZ;48.028663730518;-1.7621273108673;R;SP98;6;2026-10-07 09:01:35;2.223
90100003;37 FAUBOURG DE BELFORT;DELLE;47.512;6.999;R;Gazole;1;2026-10-07 08:30:00;2.29
90100003;37 FAUBOURG DE BELFORT;DELLE;47.512;6.999;R;E10;5;2026-10-07 08:30:00;2.162
90100003;37 FAUBOURG DE BELFORT;DELLE;47.512;6.999;R;SP98;6;2026-10-07 08:30:00;2.293
44700002;1 Rue de la Conraie;Orvault;47.262;-1.588;R;Gazole;1;2026-10-07 10:00:00;2.289
44700002;1 Rue de la Conraie;Orvault;47.262;-1.588;R;E10;5;2026-10-07 10:00:00;2.109
44700002;1 Rue de la Conraie;Orvault;47.262;-1.588;R;SP98;6;2026-10-07 10:00:00;2.189
56400010;RN 165 - AIRE DE PLOUGOUMELEN;PLOUGOUMELEN;47.665;-2.903;R;Gazole;1;2026-10-07 00:01:00;2.25
56400010;RN 165 - AIRE DE PLOUGOUMELEN;PLOUGOUMELEN;47.665;-2.903;R;E85;3;2026-10-07 00:01:00;0.896
56400010;RN 165 - AIRE DE PLOUGOUMELEN;PLOUGOUMELEN;47.665;-2.903;R;GPLc;4;2026-10-07 00:01:00;0.959
56400010;RN 165 - AIRE DE PLOUGOUMELEN;PLOUGOUMELEN;47.665;-2.903;R;E10;5;2026-10-07 00:01:00;1.99
56400010;RN 165 - AIRE DE PLOUGOUMELEN;PLOUGOUMELEN;47.665;-2.903;R;SP98;6;2026-10-07 00:01:00;1.99
27340001;75 Avenue Forêt de Bord;Les Damps;49.301637;1.165554;R;Gazole;1;2026-10-07 01:00:00;2.299
27340001;75 Avenue Forêt de Bord;Les Damps;49.301637;1.165554;R;E85;3;2026-10-07 01:00:00;0.909
27340001;75 Avenue Forêt de Bord;Les Damps;49.301637;1.165554;R;E10;5;2026-10-07 01:00:00;2.169
60000012;RN 31 - ROUTE DE CLERMONT;BEAUVAIS;49.431;2.118;R;GPLc;4;2026-10-07 00:01:00;0.949
59800002;94 Rue de Lannoy;LILLE;50.634;3.098;R;Gazole;1;2026-10-07 09:46:17;2.325
26500002;LES JONQUETTES;Bourg-lès-Valence;44.968;4.886;R;Gazole;1;2026-10-07 10:57:51;2.299
13270012;ZI - SECTEUR 83 - RN 568;Fos-sur-Mer;43.471289006001;4.906991525412;R;Gazole;1;2026-10-07 00:01:00;2.25
13270012;ZI - SECTEUR 83 - RN 568;Fos-sur-Mer;43.471289006001;4.906991525412;R;GPLc;4;2026-10-07 00:01:00;0.979
13270012;ZI - SECTEUR 83 - RN 568;Fos-sur-Mer;43.471289006001;4.906991525412;R;E10;5;2026-10-07 00:01:00;1.99
13270012;ZI - SECTEUR 83 - RN 568;Fos-sur-Mer;43.471289006001;4.906991525412;R;SP98;6;2026-10-07 00:01:00;1.99
59200008;398, BOULEVARD DE L'EGALITE;TOURCOING;50.737;3.169;R;Gazole;1;2026-10-07 00:01:00;2.25
59200008;398, BOULEVARD DE L'EGALITE;TOURCOING;50.737;3.169;R;E10;5;2026-10-07 00:01:00;1.99
13710004;Chemin du Jas de Bassas;Fuveau;43.445;5.553;R;Gazole;1;2026-10-07 06:18:00;2.395
62012001;6 rue Claude Bernard;ARRAS;50.301;2.736;R;Gazole;1;2026-10-07 10:32:15;2.272
62012001;6 rue Claude Bernard;ARRAS;50.301;2.736;R;E85;3;2026-10-07 10:32:15;0.869
62012001;6 rue Claude Bernard;ARRAS;50.301;2.736;R;GPLc;4;2026-10-07 10:32:15;0.999
62012001;6 rue Claude Bernard;ARRAS;50.301;2.736;R;E10;5;2026-10-07 10:32:15;2.102
62012001;6 rue Claude Bernard;ARRAS;50.301;2.736;R;SP98;6;2026-10-07 10:32:16;2.196
80130003;12 Avenue du Parc;Friville-Escarbotin;50.07400305217;1.5369777407813;R;Gazole;1;2026-10-07 08:48:28;2.271
80130003;12 Avenue du Parc;Friville-Escarbotin;50.07400305217;1.5369777407813;R;E10;5;2026-10-07 08:48:29;2.123
80130003;12 Avenue du Parc;Friville-Escarbotin;50.07400305217;1.5369777407813;R;SP98;6;2026-10-07 08:48:29;2.247
44000009;16 BD DES MARTYRS NANTAIS;NANTES;47.204;-1.547;R;Gazole;1;2026-10-07 00:01:00;2.25
44000009;16 BD DES MARTYRS NANTAIS;NANTES;47.204;-1.547;R;E10;5;2026-10-07 00:01:00;1.99
13850001;ZAC des Pradeaux;Gréasque;43.436;5.54;R;Gazole;1;2026-10-07 06:19:00;2.39
13850001;ZAC des Pradeaux;Gréasque;43.436;5.54;R;SP98;6;2026-10-07 06:19:00;2.34
29470003;zac ty ar menez;PLOUGASTEL-DAOULAS;48.383;-4.348;R;Gazole;1;2026-10-07 10:35:16;2.329
29470003;zac ty ar menez;PLOUGASTEL-DAOULAS;48.383;-4.348;R;E85;3;2026-10-07 10:35:16;0.849
29470003;zac ty ar menez;PLOUGASTEL-DAOULAS;48.383;-4.348;R;E10;5;2026-10-07 10:35:16;2.109
13200006;Avenue de la libération;Arles;43.706;4.641;R;Gazole;1;2026-10-07 10:54:00;2.25
13200006;Avenue de la libération;Arles;43.706;4.641;R;SP95;2;2026-10-07 10:54:00;2.229
13200006;Avenue de la libération;Arles;43.706;4.641;R;GPLc;4;2026-10-07 10:54:00;0.997
13200006;Avenue de la libération;Arles;43.706;4.641;R;E10;5;2026-10-07 10:54:00;2.168
38140009;ZA le Plan, 180 Rue du 8 Mai 1945;Renage;45.342;5.495;R;Gazole;1;2026-10-07 09:35:55;2.359
47310005;15 Route d'Agen;Laplume;44.112;0.524;R;Gazole;1;2026-10-07 04:27:27;2.349
47310005;15 Route d'Agen;Laplume;44.112;0.524;R;E10;5;2026-10-07 04:27:27;2.109
47310005;15 Route d'Agen;Laplume;44.112;0.524;R;SP98;6;2026-10-07 04:27:27;2.229
38170004;115 AVENUE DE LA REPUBLIQUE;SEYSSINET;45.1758;5.69701;R;Gazole;1;2026-10-07 00:01:00;2.25
27950002;Rue des Prés;SAINT-MARCEL;49.10324;1.45322;R;Gazole;1;2026-10-07 08:37:32;2.264
27950002;Rue des Prés;SAINT-MARCEL;49.10324;1.45322;R;E85;3;2026-10-07 08:37:32;0.869
27950002;Rue des Prés;SAINT-MARCEL;49.10324;1.45322;R;E10;5;2026-10-07 08:37:32;2.097
27950002;Rue des Prés;SAINT-MARCEL;49.10324;1.45322;R;SP98;6;2026-10-07 08:37:32;2.213
67480002;1, PARC ACTIVITE UFRIED nord;ROESCHWOOG;48.823;8.031;R;Gazole;1;2026-10-07 09:02:19;2.489
67480002;1, PARC ACTIVITE UFRIED nord;ROESCHWOOG;48.823;8.031;R;E10;5;2026-10-07 09:02:20;2.309
13150006;BD JULES FERRY RD 99;TARASCON;43.80743;4.66179;R;Gazole;1;2026-10-07 00:01:00;2.25
13150006;BD JULES FERRY RD 99;TARASCON;43.80743;4.66179;R;E10;5;2026-10-07 00:01:00;1.99
63440003;AUTOROUTE A71 - AIRE DES VOLCANS D'AUVERGNE;CHAMPS;46.058707223;3.11405330762;A;Gazole;1;2026-10-07 00:01:00;2.25
63440003;AUTOROUTE A71 - AIRE DES VOLCANS D'AUVERGNE;CHAMPS;46.058707223;3.11405330762;A;E85;3;2026-10-07 00:01:00;0.999
63440003;AUTOROUTE A71 - AIRE DES VOLCANS D'AUVERGNE;CHAMPS;46.058707223;3.11405330762;A;GPLc;4;2026-10-07 00:01:00;1.114
63440003;AUTOROUTE A71 - AIRE DES VOLCANS D'AUVERGNE;CHAMPS;46.058707223;3.11405330762;A;E10;5;2026-10-07 00:01:00;1.99
63440003;AUTOROUTE A71 - AIRE DES VOLCANS D'AUVERGNE;CHAMPS;46.058707223;3.11405330762;A;SP98;6;2026-10-07 00:01:00;1.99
95470006;2 AVENUE HENRI BARBUSSE;FOSSES;49.10021;2.52395;R;Gazole;1;2026-10-07 00:01:00;2.25
95470006;2 AVENUE HENRI BARBUSSE;FOSSES;49.10021;2.52395;R;E10;5;2026-10-07 00:01:00;1.99
84000018;20 AVENUE PIERRE SEMARD;AVIGNON;43.94285490520001;4.81584355961;R;Gazole;1;2026-10-07 00:01:00;2.25
84000018;20 AVENUE PIERRE SEMARD;AVIGNON;43.94285490520001;4.81584355961;R;E85;3;2026-10-07 00:01:00;0.909
84000018;20 AVENUE PIERRE SEMARD;AVIGNON;43.94285490520001;4.81584355961;R;E10;5;2026-10-07 00:01:00;1.99
84000018;20 AVENUE PIERRE SEMARD;AVIGNON;43.94285490520001;4.81584355961;R;SP98;6;2026-10-07 00:01:00;1.99
73420002;La Coua;VIVIERS-DU-LAC;45.6473617151;5.8939178300199995;R;Gazole;1;2026-10-07 10:49:33;2.299
73420002;La Coua;VIVIERS-DU-LAC;45.6473617151;5.8939178300199995;R;E10;5;2026-10-07 10:49:33;2.133
15000017;ZAC de la Sablière;Aurillac;44.894559139204;2.4015925601762;R;Gazole;1;2026-10-07 09:25:43;2.335
78630010;CC ART DE VIVRE - CD 113;ORGEVAL;48.92529;1.99188;R;Gazole;1;2026-10-07 00:01:00;2.25
78630010;CC ART DE VIVRE - CD 113;ORGEVAL;48.92529;1.99188;R;E10;5;2026-10-07 00:01:00;1.99
78630010;CC ART DE VIVRE - CD 113;ORGEVAL;48.92529;1.99188;R;SP98;6;2026-10-07 00:01:00;1.99
62290001;Rue de Mazingarbe;NOEUX-LES-MINES;50.47753377;2.6781464899999996;R;Gazole;1;2026-10-07 08:36:27;2.271
62290001;Rue de Mazingarbe;NOEUX-LES-MINES;50.47753377;2.6781464899999996;R;E85;3;2026-10-07 08:36:27;0.866
62290001;Rue de Mazingarbe;NOEUX-LES-MINES;50.47753377;2.6781464899999996;R;E10;5;2026-10-07 08:36:27;2.126
62290001;Rue de Mazingarbe;NOEUX-LES-MINES;50.47753377;2.6781464899999996;R;SP98;6;2026-10-07 08:36:27;2.229
83120006;24 BOULEVARD JEAN MOULIN - RD559;Sainte-Maxime;43.304;6.627;R;Gazole;1;2026-10-07 00:01:00;2.25
83120006;24 BOULEVARD JEAN MOULIN - RD559;Sainte-Maxime;43.304;6.627;R;E10;5;2026-10-07 00:01:00;1.99
83120006;24 BOULEVARD JEAN MOULIN - RD559;Sainte-Maxime;43.304;6.627;R;SP98;6;2026-10-07 00:01:00;1.99
93240007;21 AV.DE STALINGRAD - COURS ST L;STAINS;48.9487499536;2.3798807028;R;Gazole;1;2026-10-07 00:01:00;2.25
93240007;21 AV.DE STALINGRAD - COURS ST L;STAINS;48.9487499536;2.3798807028;R;E10;5;2026-10-07 00:01:00;1.99
93240007;21 AV.DE STALINGRAD - COURS ST L;STAINS;48.9487499536;2.3798807028;R;SP98;6;2026-10-07 00:01:00;1.99
54800003;N.I. du Val de l'Orne CONFLANS EN JARNISY;JARNY;49.164;5.836;R;Gazole;1;2026-10-07 10:06:00;2.407
54800003;N.I. du Val de l'Orne CONFLANS EN JARNISY;JARNY;49.164;5.836;R;E85;3;2026-10-07 10:06:00;0.929
54800003;N.I. du Val de l'Orne CONFLANS EN JARNISY;JARNY;49.164;5.836;R;GPLc;4;2026-10-07 10:06:00;1.033
54800003;N.I. du Val de l'Orne CONFLANS EN JARNISY;JARNY;49.164;5.836;R;E10;5;2026-10-07 10:06:00;2.239
54800003;N.I. du Val de l'Orne CONFLANS EN JARNISY;JARNY;49.164;5.836;R;SP98;6;2026-10-07 10:06:00;2.259
29280001;RUE DES MYOSOTIS;Plouzané;48.372;-4.589;R;Gazole;1;2026-10-07 10:40:02;2.319
29280001;RUE DES MYOSOTIS;Plouzané;48.372;-4.589;R;E10;5;2026-10-07 10:40:02;2.119
83000010;160 BOULEVARD G.CLEMENCEAU;TOULON;43.124;5.937;R;Gazole;1;2026-10-07 00:01:00;2.25
83000010;160 BOULEVARD G.CLEMENCEAU;TOULON;43.124;5.937;R;GPLc;4;2026-10-07 00:01:00;1.005
83000010;160 BOULEVARD G.CLEMENCEAU;TOULON;43.124;5.937;R;E10;5;2026-10-07 00:01:00;1.99
25700003;1 ROUTE DE BELCHAMP;VALENTIGNEY;47.484;6.834;R;Gazole;1;2026-10-07 09:06:37;2.25
59000017;365, BOULEVARD VICTOR HUGO;LILLE;50.618;3.051;R;Gazole;1;2026-10-07 00:01:00;2.25
59000017;365, BOULEVARD VICTOR HUGO;LILLE;50.618;3.051;R;E10;5;2026-10-07 00:01:00;1.99
85460003;Route de Saint-Michel-en-l'Herm;L'AIGUILLON-SUR-MER;46.3334267726;-1.29125783002;R;Gazole;1;2026-10-07 10:00:56;2.299
85460003;Route de Saint-Michel-en-l'Herm;L'AIGUILLON-SUR-MER;46.3334267726;-1.29125783002;R;E10;5;2026-10-07 10:00:56;2.125
30320006;AUTOROUTE A9 - AIRE DE MARGUERITES NORD;MARGUERITTES;43.875;4.45;A;Gazole;1;2026-10-07 00:01:00;2.25
30320006;AUTOROUTE A9 - AIRE DE MARGUERITES NORD;MARGUERITTES;43.875;4.45;A;E85;3;2026-10-07 00:01:00;0.999
30320006;AUTOROUTE A9 - AIRE DE MARGUERITES NORD;MARGUERITTES;43.875;4.45;A;GPLc;4;2026-10-07 00:01:00;1.104
30320006;AUTOROUTE A9 - AIRE DE MARGUERITES NORD;MARGUERITTES;43.875;4.45;A;E10;5;2026-10-07 00:01:00;1.99
30320006;AUTOROUTE A9 - AIRE DE MARGUERITES NORD;MARGUERITTES;43.875;4.45;A;SP98;6;2026-10-07 00:01:00;1.99
13127009;Quartier des Cadesteaux;Vitrolles;43.473;5.23;R;Gazole;1;2026-10-07 10:00:00;2.409
13127009;Quartier des Cadesteaux;Vitrolles;43.473;5.23;R;E10;5;2026-10-07 10:00:00;2.163
13127009;Quartier des Cadesteaux;Vitrolles;43.473;5.23;R;SP98;6;2026-10-07 10:00:00;2.274
67300003;AV PIERRE MENDES FRANCE;SCHILTIGHEIM;48.60545851;7.758568830000001;R;Gazole;1;2026-10-07 00:01:00;2.25
67300003;AV PIERRE MENDES FRANCE;SCHILTIGHEIM;48.60545851;7.758568830000001;R;GPLc;4;2026-10-07 00:01:00;0.979
25410002;ZAC LES BELLES OUVRIERES;SAINT-VIT;47.186;5.828;R;Gazole;1;2026-10-07 09:23:26;2.375
25410002;ZAC LES BELLES OUVRIERES;SAINT-VIT;47.186;5.828;R;E85;3;2026-10-07 09:23:26;0.879
25410002;ZAC LES BELLES OUVRIERES;SAINT-VIT;47.186;5.828;R;E10;5;2026-10-07 09:23:27;2.209
35580004;D177 - LES BOIS;GUIGNEN;47.917;-1.857;R;Gazole;1;2026-10-07 06:39:48;2.25
35580004;D177 - LES BOIS;GUIGNEN;47.917;-1.857;R;E10;5;2026-10-07 06:39:48;1.99
35580004;D177 - LES BOIS;GUIGNEN;47.917;-1.857;R;SP98;6;2026-10-07 06:39:48;1.99
70400004;100 FAUBOURG DE MONTBELIARD;Héricourt;47.563;6.759;R;Gazole;1;2026-10-07 08:17:02;2.329
70400004;100 FAUBOURG DE MONTBELIARD;Héricourt;47.563;6.759;R;SP95;2;2026-10-07 08:17:02;2.259
70400004;100 FAUBOURG DE MONTBELIARD;Héricourt;47.563;6.759;R;E10;5;2026-10-07 08:17:02;2.229
70400004;100 FAUBOURG DE MONTBELIARD;Héricourt;47.563;6.759;R;SP98;6;2026-10-07 08:17:02;2.329
34800005;341, avenue de la salamane;Clermont-l'Hérault;43.61;3.463;R;Gazole;1;2026-10-07 10:54:00;2.389
34800005;341, avenue de la salamane;Clermont-l'Hérault;43.61;3.463;R;E85;3;2026-10-07 10:54:00;0.879
34800005;341, avenue de la salamane;Clermont-l'Hérault;43.61;3.463;R;GPLc;4;2026-10-07 10:54:00;1.059
34800005;341, avenue de la salamane;Clermont-l'Hérault;43.61;3.463;R;E10;5;2026-10-07 10:54:00;2.177
34800005;341, avenue de la salamane;Clermont-l'Hérault;43.61;3.463;R;SP98;6;2026-10-07 10:54:00;2.279
6670007;RD 6202;COLOMARS;43.76;7.2;R;Gazole;1;2026-10-07 00:01:00;2.25
6670007;RD 6202;COLOMARS;43.76;7.2;R;E10;5;2026-10-07 00:01:00;1.99
60230004;RN1 ROUTE PARIS;CHAMBLY;49.188;2.235;R;Gazole;1;2026-10-07 00:01:00;2.25
91400005;4 Espace trois quartiers;Gometz-la-Ville;48.67;2.12;R;Gazole;1;2026-10-07 08:40:48;2.349
91400005;4 Espace trois quartiers;Gometz-la-Ville;48.67;2.12;R;SP95;2;2026-10-07 08:40:48;2.229
91400005;4 Espace trois quartiers;Gometz-la-Ville;48.67;2.12;R;E10;5;2026-10-07 08:40:48;2.169
91400005;4 Espace trois quartiers;Gometz-la-Ville;48.67;2.12;R;SP98;6;2026-10-07 08:40:48;2.259
68320001;Rue de Colmar;Muntzenheim;48.101;7.467;R;Gazole;1;2026-10-07 11:01:46;2.25
34430001;Route de Montpellier;SAINT-JEAN-DE-VéDAS;43.578;3.835;R;Gazole;1;2026-10-07 06:02:14;2.25
34430001;Route de Montpellier;SAINT-JEAN-DE-VéDAS;43.578;3.835;R;E10;5;2026-10-07 06:02:14;1.99
34430001;Route de Montpellier;SAINT-JEAN-DE-VéDAS;43.578;3.835;R;SP98;6;2026-10-07 06:02:14;1.99
34070016;AVENUE DE LA RECAMBALE;MONTPELLIER;43.60413;3.83911;R;SP95;2;2026-10-07 07:38:05;1.99
95460003;ROUTE D'ECOUEN RN 370;EZANVILLE;49.028241057696;2.3655005925033;R;Gazole;1;2026-10-07 00:01:00;2.25
95460003;ROUTE D'ECOUEN RN 370;EZANVILLE;49.028241057696;2.3655005925033;R;E85;3;2026-10-07 00:01:00;0.887
95460003;ROUTE D'ECOUEN RN 370;EZANVILLE;49.028241057696;2.3655005925033;R;E10;5;2026-10-07 00:01:00;1.99
76430006;RD 910;TANCARVILLE;49.484;0.449;R;Gazole;1;2026-10-07 00:01:00;2.25
76430006;RD 910;TANCARVILLE;49.484;0.449;R;E10;5;2026-10-07 00:01:00;1.99
6500008;PORTE DE FRANCE;MENTON;43.784;7.521;R;Gazole;1;2026-10-07 06:00:00;2.25
6500008;PORTE DE FRANCE;MENTON;43.784;7.521;R;E10;5;2026-10-07 06:00:00;1.99
56800006;ROUTE NATIONALE 24 - AIRE SUD DE BROCÉLIANDE;PLOERMEL;47.918994310637;-2.3637616080019;R;Gazole;1;2026-10-07 00:01:00;2.25
56800006;ROUTE NATIONALE 24 - AIRE SUD DE BROCÉLIANDE;PLOERMEL;47.918994310637;-2.3637616080019;R;E85;3;2026-10-07 00:01:00;0.999
56800006;ROUTE NATIONALE 24 - AIRE SUD DE BROCÉLIANDE;PLOERMEL;47.918994310637;-2.3637616080019;R;GPLc;4;2026-10-07 00:01:00;1.104
56800006;ROUTE NATIONALE 24 - AIRE SUD DE BROCÉLIANDE;PLOERMEL;47.918994310637;-2.3637616080019;R;E10;5;2026-10-07 00:01:00;1.99
56800006;ROUTE NATIONALE 24 - AIRE SUD DE BROCÉLIANDE;PLOERMEL;47.918994310637;-2.3637616080019;R;SP98;6;2026-10-07 00:01:00;1.99
86036001;93 Route de Gençay;Poitiers;46.56606713088;0.35440526256445004;R;Gazole;1;2026-10-07 10:00:00;2.279
86036001;93 Route de Gençay;Poitiers;46.56606713088;0.35440526256445004;R;E85;3;2026-10-07 10:00:00;0.799
86036001;93 Route de Gençay;Poitiers;46.56606713088;0.35440526256445004;R;E10;5;2026-10-07 10:00:00;2.098
86036001;93 Route de Gençay;Poitiers;46.56606713088;0.35440526256445004;R;SP98;6;2026-10-07 10:00:00;2.227
82000006;Rue de l'Abbaye;Montauban;44.003462549649;1.35560564736;R;Gazole;1;2026-10-07 10:51:00;2.349
82000006;Rue de l'Abbaye;Montauban;44.003462549649;1.35560564736;R;E85;3;2026-10-07 10:51:00;0.869
82000006;Rue de l'Abbaye;Montauban;44.003462549649;1.35560564736;R;GPLc;4;2026-10-07 10:51:00;1.043
82000006;Rue de l'Abbaye;Montauban;44.003462549649;1.35560564736;R;E10;5;2026-10-07 10:51:00;2.159
82000006;Rue de l'Abbaye;Montauban;44.003462549649;1.35560564736;R;SP98;6;2026-10-07 10:51:00;2.279
27620002;ROUTE DE FOURGES;GASNY;49.09375;1.60616;R;Gazole;1;2026-10-07 09:16:26;2.264
27620002;ROUTE DE FOURGES;GASNY;49.09375;1.60616;R;E10;5;2026-10-07 09:16:26;2.117
27620002;ROUTE DE FOURGES;GASNY;49.09375;1.60616;R;SP98;6;2026-10-07 09:16:27;2.24
69260011;50-51 ROUTE DE PARIS;CHARBONNIERES;45.784;4.75;R;Gazole;1;2026-10-07 06:30:00;2.529
69260011;50-51 ROUTE DE PARIS;CHARBONNIERES;45.784;4.75;R;E10;5;2026-10-07 06:30:00;2.299
69260011;50-51 ROUTE DE PARIS;CHARBONNIERES;45.784;4.75;R;SP98;6;2026-10-07 06:30:00;2.399
13170011;ROUTE DE MARTIGUES;Les Pennes-Mirabeau;43.409;5.321;R;Gazole;1;2026-10-07 00:01:00;2.25
13170011;ROUTE DE MARTIGUES;Les Pennes-Mirabeau;43.409;5.321;R;GPLc;4;2026-10-07 00:01:00;0.989
13170011;ROUTE DE MARTIGUES;Les Pennes-Mirabeau;43.409;5.321;R;E10;5;2026-10-07 00:01:00;1.99
13170011;ROUTE DE MARTIGUES;Les Pennes-Mirabeau;43.409;5.321;R;SP98;6;2026-10-07 00:01:00;1.99
24600004;ROUTE DE PERIGUEUX;Ribérac;45.254083456596;0.34896174452362;R;Gazole;1;2026-10-07 10:42:34;2.29
24600004;ROUTE DE PERIGUEUX;Ribérac;45.254083456596;0.34896174452362;R;SP95;2;2026-10-07 10:42:35;2.199
24600004;ROUTE DE PERIGUEUX;Ribérac;45.254083456596;0.34896174452362;R;E10;5;2026-10-07 10:42:35;2.114
24600004;ROUTE DE PERIGUEUX;Ribérac;45.254083456596;0.34896174452362;R;SP98;6;2026-10-07 10:42:35;2.23
34500027;1 AVENUE DE LA DEVEZE;BEZIERS;43.332;3.248;R;Gazole;1;2026-10-07 00:01:00;2.25
13090020;67 avenue De Lattre de Tassigny;Aix-en-Provence;43.542891;5.431703000000001;R;Gazole;1;2026-10-07 05:30:00;2.549
13090020;67 avenue De Lattre de Tassigny;Aix-en-Provence;43.542891;5.431703000000001;R;GPLc;4;2026-10-07 05:30:00;1.129
13090020;67 avenue De Lattre de Tassigny;Aix-en-Provence;43.542891;5.431703000000001;R;E10;5;2026-10-07 05:30:00;2.329
13090020;67 avenue De Lattre de Tassigny;Aix-en-Provence;43.542891;5.431703000000001;R;SP98;6;2026-10-07 05:30:00;2.429
83140007;RD 16 - 333 ROUTE DES SABLETTES;Six-Fours-les-Plages;43.089;5.852;R;Gazole;1;2026-10-07 00:01:00;2.25
83140007;RD 16 - 333 ROUTE DES SABLETTES;Six-Fours-les-Plages;43.089;5.852;R;E85;3;2026-10-07 00:01:00;0.911
83140007;RD 16 - 333 ROUTE DES SABLETTES;Six-Fours-les-Plages;43.089;5.852;R;E10;5;2026-10-07 00:01:00;1.99
78300011;45 AV DE LA MALADRERIE;POISSY;48.921;2.034;R;Gazole;1;2026-10-07 00:01:00;2.25
78300011;45 AV DE LA MALADRERIE;POISSY;48.921;2.034;R;E10;5;2026-10-07 00:01:00;1.99
78300011;45 AV DE LA MALADRERIE;POISSY;48.921;2.034;R;SP98;6;2026-10-07 00:01:00;1.99
77165006;RN 330 - ROUTE DE MEAUX;ST SOUPPLETS;49.03354;2.80467;R;Gazole;1;2026-10-07 00:01:00;2.25
80970003;AIRE DE LA BAIE DE SOMME A16;Sailly-Flibeaucourt;50.167;1.755;A;Gazole;1;2026-10-07 09:30:00;2.659
80970003;AIRE DE LA BAIE DE SOMME A16;Sailly-Flibeaucourt;50.167;1.755;A;GPLc;4;2026-10-07 09:30:00;1.177
80970003;AIRE DE LA BAIE DE SOMME A16;Sailly-Flibeaucourt;50.167;1.755;A;E10;5;2026-10-07 09:30:00;2.557
80970003;AIRE DE LA BAIE DE SOMME A16;Sailly-Flibeaucourt;50.167;1.755;A;SP98;6;2026-10-07 09:30:00;2.707
57100006;20 Route d'Arlon - Linkling 3;THIONVILLE;49.363;6.118;R;Gazole;1;2026-10-07 10:10:00;2.388
57100006;20 Route d'Arlon - Linkling 3;THIONVILLE;49.363;6.118;R;E10;5;2026-10-07 10:10:00;2.195
57100006;20 Route d'Arlon - Linkling 3;THIONVILLE;49.363;6.118;R;SP98;6;2026-10-07 10:10:00;2.269
41000005;A10 - Aire de Blois-Villerbon;Villerbon;47.666;1.388;A;Gazole;1;2026-10-07 09:30:00;2.61
41000005;A10 - Aire de Blois-Villerbon;Villerbon;47.666;1.388;A;E10;5;2026-10-07 09:30:00;2.568
41000005;A10 - Aire de Blois-Villerbon;Villerbon;47.666;1.388;A;SP98;6;2026-10-07 09:30:00;2.718
88120001;11 Rue du Général de Gaulle;VAGNEY;48.012;6.715;R;Gazole;1;2026-10-07 10:14:40;2.378
88120001;11 Rue du Général de Gaulle;VAGNEY;48.012;6.715;R;SP95;2;2026-10-07 10:14:40;2.238
88120001;11 Rue du Général de Gaulle;VAGNEY;48.012;6.715;R;E10;5;2026-10-07 10:14:40;2.198
88120001;11 Rue du Général de Gaulle;VAGNEY;48.012;6.715;R;SP98;6;2026-10-07 10:14:41;2.318
69651001;19 avenue Edouard Hérriot;Limas;45.979;4.733;R;Gazole;1;2026-10-07 07:47:39;2.25
69651001;19 avenue Edouard Hérriot;Limas;45.979;4.733;R;E85;3;2026-10-07 07:47:39;0.912
69651001;19 avenue Edouard Hérriot;Limas;45.979;4.733;R;E10;5;2026-10-07 07:47:39;1.99
69651001;19 avenue Edouard Hérriot;Limas;45.979;4.733;R;SP98;6;2026-10-07 07:47:39;1.99
37000014;63 BLD DU TONNELLE;TOURS;47.381;0.668;R;Gazole;1;2026-10-07 00:01:00;2.25
37000014;63 BLD DU TONNELLE;TOURS;47.381;0.668;R;E85;3;2026-10-07 00:01:00;0.895
37000014;63 BLD DU TONNELLE;TOURS;47.381;0.668;R;E10;5;2026-10-07 00:01:00;1.99
37000014;63 BLD DU TONNELLE;TOURS;47.381;0.668;R;SP98;6;2026-10-07 07:52:43;1.99
30900018;35 RUE RUDOLPHE DIESEL;NIMES;43.812;4.339;R;Gazole;1;2026-10-07 06:39:06;2.25
30900018;35 RUE RUDOLPHE DIESEL;NIMES;43.812;4.339;R;E10;5;2026-10-07 06:39:06;1.99
30900018;35 RUE RUDOLPHE DIESEL;NIMES;43.812;4.339;R;SP98;6;2026-10-07 06:39:06;1.99
59118001;491 rue de Quesnoy;WAMBRECHIES;50.692;3.051;R;Gazole;1;2026-10-07 10:54:15;2.347
59118001;491 rue de Quesnoy;WAMBRECHIES;50.692;3.051;R;E10;5;2026-10-07 10:54:15;2.117
59118001;491 rue de Quesnoy;WAMBRECHIES;50.692;3.051;R;SP98;6;2026-10-07 10:54:15;2.242
50000004;Route de Baudre;SAINT-Lô;49.098;-1.077;R;Gazole;1;2026-10-07 09:11:14;2.279
50000004;Route de Baudre;SAINT-Lô;49.098;-1.077;R;E10;5;2026-10-07 09:11:15;2.129
50000004;Route de Baudre;SAINT-Lô;49.098;-1.077;R;SP98;6;2026-10-07 09:11:15;2.249
29170004;16 Route de Quimper;FOUESNANT;47.898;-4.017;R;Gazole;1;2026-10-07 08:35:40;2.25
29170004;16 Route de Quimper;FOUESNANT;47.898;-4.017;R;E10;5;2026-10-07 08:35:40;1.99
29170004;16 Route de Quimper;FOUESNANT;47.898;-4.017;R;SP98;6;2026-10-07 08:35:40;1.99
34000011;812 route de Ganges;MONTPELLIER;43.644;3.844;R;Gazole;1;2026-10-07 09:09:48;2.39
60112002;Rue de Dieppe;Troissereux;49.484;2.047;R;Gazole;1;2026-10-07 08:30:27;2.25
60112002;Rue de Dieppe;Troissereux;49.484;2.047;R;E10;5;2026-10-07 08:30:27;1.99
60112002;Rue de Dieppe;Troissereux;49.484;2.047;R;SP98;6;2026-10-07 08:30:27;1.99
85140001;CC  LES CHARMETTES;Les Essarts;46.765;-1.235;R;Gazole;1;2026-10-07 10:03:46;2.299
85140001;CC  LES CHARMETTES;Les Essarts;46.765;-1.235;R;E85;3;2026-10-07 10:03:46;0.849
85140001;CC  LES CHARMETTES;Les Essarts;46.765;-1.235;R;E10;5;2026-10-07 10:03:46;2.107
85140001;CC  LES CHARMETTES;Les Essarts;46.765;-1.235;R;SP98;6;2026-10-07 10:03:47;2.209
34600001;Route de St Pons;Bédarieux;43.60598;3.14947;R;Gazole;1;2026-10-07 10:33:50;2.356
11400005;211 ROUTE DE VILLASAVARY;CASTELNAUDARY;43.305;1.959;R;Gazole;1;2026-10-07 06:48:44;2.379
78390005;RN 12 ROUTE DE DREUX;Bois-d'Arcy;48.798841163765;2.0034336831272;R;E85;3;2026-10-07 00:01:00;0.887
78390005;RN 12 ROUTE DE DREUX;Bois-d'Arcy;48.798841163765;2.0034336831272;R;GPLc;4;2026-10-07 00:01:00;1.004
64122001;RN 10;Urrugne;43.375;-1.679;R;Gazole;1;2026-10-07 10:50:00;2.363
64122001;RN 10;Urrugne;43.375;-1.679;R;SP95;2;2026-10-07 10:50:00;2.21
64122001;RN 10;Urrugne;43.375;-1.679;R;E10;5;2026-10-07 10:50:00;2.155
64122001;RN 10;Urrugne;43.375;-1.679;R;SP98;6;2026-10-07 10:50:00;2.239
60160003;33, RUE GUY MOQUET;MONTATAIRE;49.256;2.432;R;Gazole;1;2026-10-07 00:01:00;2.25
60160003;33, RUE GUY MOQUET;MONTATAIRE;49.256;2.432;R;E10;5;2026-10-07 00:01:00;1.99
71220002;Lieu-dit Les Renauds;SAINT-BONNET-DE-JOUX;46.479;4.425;R;Gazole;1;2026-10-07 08:18:56;2.329
2100021;rue de la Fère;Neuville-Saint-Amand;49.824379060000005;3.3107543699999997;R;Gazole;1;2026-10-07 10:45:23;2.349
2100021;rue de la Fère;Neuville-Saint-Amand;49.824379060000005;3.3107543699999997;R;E10;5;2026-10-07 10:45:23;2.139
2100021;rue de la Fère;Neuville-Saint-Amand;49.824379060000005;3.3107543699999997;R;SP98;6;2026-10-07 10:45:23;2.237
44260005;Parc comemrcial de la Colleraye;SAVENAY;47.368621940000004;-1.96231179;R;Gazole;1;2026-10-07 08:55:00;2.279
44260005;Parc comemrcial de la Colleraye;SAVENAY;47.368621940000004;-1.96231179;R;E85;3;2026-10-07 08:55:00;0.799
44260005;Parc comemrcial de la Colleraye;SAVENAY;47.368621940000004;-1.96231179;R;GPLc;4;2026-10-07 08:55:00;0.939
44260005;Parc comemrcial de la Colleraye;SAVENAY;47.368621940000004;-1.96231179;R;E10;5;2026-10-07 08:55:00;2.119
44260005;Parc comemrcial de la Colleraye;SAVENAY;47.368621940000004;-1.96231179;R;SP98;6;2026-10-07 08:55:00;2.199
30200006;ROUTE D'AVIGNON - RN 580;ORSAN;44.131;4.675;R;Gazole;1;2026-10-07 00:01:00;2.25
30200006;ROUTE D'AVIGNON - RN 580;ORSAN;44.131;4.675;R;E85;3;2026-10-07 00:01:00;0.909
30200006;ROUTE D'AVIGNON - RN 580;ORSAN;44.131;4.675;R;E10;5;2026-10-07 00:01:00;1.99
30200006;ROUTE D'AVIGNON - RN 580;ORSAN;44.131;4.675;R;SP98;6;2026-10-07 00:01:00;1.99
5000018;10 AV.GUILLAUME FAREL;GAP;44.559;6.074;R;Gazole;1;2026-10-07 00:01:00;2.25
5000018;10 AV.GUILLAUME FAREL;GAP;44.559;6.074;R;E10;5;2026-10-07 00:01:00;1.99
5000018;10 AV.GUILLAUME FAREL;GAP;44.559;6.074;R;SP98;6;2026-10-07 00:01:00;1.99
74450001;223 Route de la Clusaz;SAINT-JEAN-DE-SIXT;45.915;6.419;R;Gazole;1;2026-10-07 08:32:11;2.25
74450001;223 Route de la Clusaz;SAINT-JEAN-DE-SIXT;45.915;6.419;R;E10;5;2026-10-07 08:32:11;1.99
74450001;223 Route de la Clusaz;SAINT-JEAN-DE-SIXT;45.915;6.419;R;SP98;6;2026-10-07 08:32:11;1.99
94380004;AVENUE JEAN ROSTAND;Bonneuil-sur-Marne;48.76736;2.48537;R;Gazole;1;2026-10-07 00:01:00;2.25
94380004;AVENUE JEAN ROSTAND;Bonneuil-sur-Marne;48.76736;2.48537;R;E10;5;2026-10-07 00:01:00;1.99
60180001;Rue du Marais Sec;NOGENT-SUR-OISE;49.276;2.486;R;Gazole;1;2026-10-07 08:59:30;2.281
60180001;Rue du Marais Sec;NOGENT-SUR-OISE;49.276;2.486;R;E10;5;2026-10-07 08:59:30;2.108
60180001;Rue du Marais Sec;NOGENT-SUR-OISE;49.276;2.486;R;SP98;6;2026-10-07 08:59:30;2.187
30100011;2 AVENUE D'INDY;ALES;44.135;4.092;R;Gazole;1;2026-10-07 08:07:55;2.39
30100011;2 AVENUE D'INDY;ALES;44.135;4.092;R;SP95;2;2026-10-07 08:07:55;2.29
30100011;2 AVENUE D'INDY;ALES;44.135;4.092;R;E85;3;2026-10-07 08:07:55;0.85
30100011;2 AVENUE D'INDY;ALES;44.135;4.092;R;E10;5;2026-10-07 08:07:55;2.23
30100011;2 AVENUE D'INDY;ALES;44.135;4.092;R;SP98;6;2026-10-07 08:07:55;2.32
73160002;Rue de l'Épine;Cognin;45.5623;5.89429;R;Gazole;1;2026-10-07 07:10:42;2.299
57370004;rue de Strasbourg Zac Louvois;Phalsbourg;48.774;7.244;R;SP98;6;2026-10-07 07:25:52;2.299
24590002;Avenue de Sarlat;SALIGNAC-EYVIGUES;44.974;1.321;R;Gazole;1;2026-10-07 08:49:49;2.399
24590002;Avenue de Sarlat;SALIGNAC-EYVIGUES;44.974;1.321;R;E10;5;2026-10-07 08:49:49;2.169
24590002;Avenue de Sarlat;SALIGNAC-EYVIGUES;44.974;1.321;R;SP98;6;2026-10-07 08:49:50;2.289
10150003;AIRE DE SERVICE - AUTOROUTE A26 SUD;Charmont-sous-Barbuise;48.4110575553;4.14348044661;A;Gazole;1;2026-10-07 09:30:00;2.435
10150003;AIRE DE SERVICE - AUTOROUTE A26 SUD;Charmont-sous-Barbuise;48.4110575553;4.14348044661;A;E10;5;2026-10-07 09:30:00;2.259
62100024;RUE MARCEL DASSAULT;CALAIS;50.95575;1.90807;R;Gazole;1;2026-10-07 00:01:00;2.25
62100024;RUE MARCEL DASSAULT;CALAIS;50.95575;1.90807;R;E85;3;2026-10-07 00:01:00;0.864
62100024;RUE MARCEL DASSAULT;CALAIS;50.95575;1.90807;R;GPLc;4;2026-10-07 00:01:00;0.991
62100024;RUE MARCEL DASSAULT;CALAIS;50.95575;1.90807;R;E10;5;2026-10-07 00:01:00;1.99
62100024;RUE MARCEL DASSAULT;CALAIS;50.95575;1.90807;R;SP98;6;2026-10-07 00:01:00;1.99
86100009;144, Avenue Foch;Châtellerault;46.824661551043995;0.56038786210756;R;Gazole;1;2026-10-07 08:30:00;2.299
60300007;64/66 AV. MAL FOCH;SENLIS;49.211;2.593;R;Gazole;1;2026-10-07 00:01:00;2.25
60300007;64/66 AV. MAL FOCH;SENLIS;49.211;2.593;R;GPLc;4;2026-10-07 00:01:00;0.995
54390001;2 Rue du Bois;Frouard;48.742;6.149;R;Gazole;1;2026-10-07 10:07:00;2.377
54390001;2 Rue du Bois;Frouard;48.742;6.149;R;E85;3;2026-10-07 10:07:00;0.905
54390001;2 Rue du Bois;Frouard;48.742;6.149;R;E10;5;2026-10-07 10:07:00;2.189
54390001;2 Rue du Bois;Frouard;48.742;6.149;R;SP98;6;2026-10-07 10:07:00;2.298
87150002;32 Rue de Saint-Mathieu;CUSSAC;45.708;0.845;R;Gazole;1;2026-10-07 10:24:37;2.359
87150002;32 Rue de Saint-Mathieu;CUSSAC;45.708;0.845;R;SP95;2;2026-10-07 10:24:37;2.199
87150002;32 Rue de Saint-Mathieu;CUSSAC;45.708;0.845;R;E10;5;2026-10-07 10:24:38;2.129
87150002;32 Rue de Saint-Mathieu;CUSSAC;45.708;0.845;R;SP98;6;2026-10-07 10:24:38;2.259
95370007;175 BOULEVARD DE PONTOISE;Montigny-lès-Cormeilles;48.985054207800005;2.18181283895;R;Gazole;1;2026-10-07 00:01:00;2.25
95370007;175 BOULEVARD DE PONTOISE;Montigny-lès-Cormeilles;48.985054207800005;2.18181283895;R;E10;5;2026-10-07 00:01:00;1.99
95370007;175 BOULEVARD DE PONTOISE;Montigny-lès-Cormeilles;48.985054207800005;2.18181283895;R;SP98;6;2026-10-07 00:01:00;1.99
13127005;AIRE DE VITROLLES EST AUTOROUTE 7;VITROLLES;43.446460806624;5.2431698394589;A;Gazole;1;2026-10-07 05:45:00;2.669
13127005;AIRE DE VITROLLES EST AUTOROUTE 7;VITROLLES;43.446460806624;5.2431698394589;A;E10;5;2026-10-07 05:45:00;2.449
13127005;AIRE DE VITROLLES EST AUTOROUTE 7;VITROLLES;43.446460806624;5.2431698394589;A;SP98;6;2026-10-07 05:45:00;2.529
84700005;2232 AV. D'ORANGE;SORGUES;44.027;4.874;R;Gazole;1;2026-10-07 00:01:00;2.25
84700005;2232 AV. D'ORANGE;SORGUES;44.027;4.874;R;E10;5;2026-10-07 00:01:00;1.99
84700005;2232 AV. D'ORANGE;SORGUES;44.027;4.874;R;SP98;6;2026-10-07 00:01:00;1.99
35200007;334 RUE DE NANTES;RENNES;48.085;-1.696;R;Gazole;1;2026-10-07 00:01:00;2.25
75019014;BLD DU PERIPHERIQUE INTERIEUR;Paris;48.9;2.373;R;E85;3;2026-10-07 00:01:00;0.899
75019014;BLD DU PERIPHERIQUE INTERIEUR;Paris;48.9;2.373;R;GPLc;4;2026-10-07 00:01:00;1.019
75019014;BLD DU PERIPHERIQUE INTERIEUR;Paris;48.9;2.373;R;E10;5;2026-10-07 00:01:00;1.99
75019014;BLD DU PERIPHERIQUE INTERIEUR;Paris;48.9;2.373;R;SP98;6;2026-10-07 00:01:00;1.99
33700020;127 AV. DE L YSER;MERIGNAC;44.842;-0.666;R;Gazole;1;2026-10-07 00:01:00;2.25
33700020;127 AV. DE L YSER;MERIGNAC;44.842;-0.666;R;GPLc;4;2026-10-07 00:01:00;0.979
33700020;127 AV. DE L YSER;MERIGNAC;44.842;-0.666;R;SP98;6;2026-10-07 00:01:00;1.99
44300017;14 route de Paris;NANTES;47.251;-1.518;R;Gazole;1;2026-10-07 01:18:00;2.299
44300017;14 route de Paris;NANTES;47.251;-1.518;R;E10;5;2026-10-07 01:18:00;2.109
44300017;14 route de Paris;NANTES;47.251;-1.518;R;SP98;6;2026-10-07 01:18:00;2.209
13560004;ZAC DE LA CAPELETTE;Sénas;43.742;5.086;R;Gazole;1;2026-10-07 10:19:10;2.359
13560004;ZAC DE LA CAPELETTE;Sénas;43.742;5.086;R;E10;5;2026-10-07 10:19:11;2.179
13560004;ZAC DE LA CAPELETTE;Sénas;43.742;5.086;R;SP98;6;2026-10-07 10:19:11;2.289
88110002;Avenue du 21ème B.C.P.;Raon-l'Étape;48.407;6.858;R;Gazole;1;2026-10-07 09:41:00;2.356
88110002;Avenue du 21ème B.C.P.;Raon-l'Étape;48.407;6.858;R;SP95;2;2026-10-07 09:41:00;2.348
88110002;Avenue du 21ème B.C.P.;Raon-l'Étape;48.407;6.858;R;E10;5;2026-10-07 09:41:00;2.245
88110002;Avenue du 21ème B.C.P.;Raon-l'Étape;48.407;6.858;R;SP98;6;2026-10-07 09:41:00;2.381
77181002;ROUTE DE CHELLES;LE PIN;48.906;2.619;R;Gazole;1;2026-10-07 00:01:00;2.25
77181002;ROUTE DE CHELLES;LE PIN;48.906;2.619;R;E10;5;2026-10-07 00:01:00;1.99
37800004;75 ROUTE DE CHINON;Noyant-de-Touraine;47.109;0.584;R;Gazole;1;2026-10-07 09:10:40;2.25
37800004;75 ROUTE DE CHINON;Noyant-de-Touraine;47.109;0.584;R;E10;5;2026-10-07 09:10:40;1.99
37800004;75 ROUTE DE CHINON;Noyant-de-Touraine;47.109;0.584;R;SP98;6;2026-10-07 09:10:40;1.99
31100010;222 ROUTE DE SAINT SIMON;TOULOUSE;43.58;1.395;R;GPLc;4;2026-10-07 00:01:00;0.999
14111001;Longue Vue des Photographes;Louvigny;49.161;-0.4;R;Gazole;1;2026-10-07 09:00:00;2.339
95712004;1 RUE DE L'OR - BP.20212;Roissy-en-France;49.0091;2.53736;R;Gazole;1;2026-10-07 09:39:09;2.25
95712004;1 RUE DE L'OR - BP.20212;Roissy-en-France;49.0091;2.53736;R;E85;3;2026-10-07 09:39:09;0.887
95712004;1 RUE DE L'OR - BP.20212;Roissy-en-France;49.0091;2.53736;R;GPLc;4;2026-10-07 09:39:09;1.009
95712004;1 RUE DE L'OR - BP.20212;Roissy-en-France;49.0091;2.53736;R;E10;5;2026-10-07 09:39:09;1.99
68130001;14 RUE D'ALTKIRCH;WITTERSDORF;47.62337553930001;7.27143926147;R;E85;3;2026-10-07 09:30:48;0.936
68130001;14 RUE D'ALTKIRCH;WITTERSDORF;47.62337553930001;7.27143926147;R;E10;5;2026-10-07 09:30:49;1.99
63112001;ZA la Fontaine;BLANZAT;45.825;3.073;R;Gazole;1;2026-10-07 09:13:41;2.339
63112001;ZA la Fontaine;BLANZAT;45.825;3.073;R;E10;5;2026-10-07 09:13:41;2.159
63112001;ZA la Fontaine;BLANZAT;45.825;3.073;R;SP98;6;2026-10-07 09:13:42;2.279
72300004;AUT A11 - AIRE DE PARCE EST;Parcé-sur-Sarthe;47.803;-0.168;A;Gazole;1;2026-10-07 09:30:00;2.607
72300004;AUT A11 - AIRE DE PARCE EST;Parcé-sur-Sarthe;47.803;-0.168;A;GPLc;4;2026-10-07 09:30:00;1.167
72300004;AUT A11 - AIRE DE PARCE EST;Parcé-sur-Sarthe;47.803;-0.168;A;E10;5;2026-10-07 09:30:00;2.57
72300004;AUT A11 - AIRE DE PARCE EST;Parcé-sur-Sarthe;47.803;-0.168;A;SP98;6;2026-10-07 09:30:00;2.72
35743001;boulevard Giraudais;PACé;48.141;-1.766;R;Gazole;1;2026-10-07 10:08:45;2.324
35743001;boulevard Giraudais;PACé;48.141;-1.766;R;E85;3;2026-10-07 10:08:45;0.922
35743001;boulevard Giraudais;PACé;48.141;-1.766;R;GPLc;4;2026-10-07 10:08:46;0.936
35743001;boulevard Giraudais;PACé;48.141;-1.766;R;E10;5;2026-10-07 10:08:46;2.125
40300005;Plaine de la Règle RN 117;Cauneille;43.544;-1.075;R;E10;5;2026-10-07 08:43:17;2.169
51200006;13 BLD DE LA MOTTE;EPERNAY;49.046;3.956;R;Gazole;1;2026-10-07 00:01:00;2.25
51200006;13 BLD DE LA MOTTE;EPERNAY;49.046;3.956;R;E85;3;2026-10-07 00:01:00;0.885
51200006;13 BLD DE LA MOTTE;EPERNAY;49.046;3.956;R;GPLc;4;2026-10-07 00:01:00;0.995
51200006;13 BLD DE LA MOTTE;EPERNAY;49.046;3.956;R;E10;5;2026-10-07 00:01:00;1.99
33370015;RN 89;ARTIGUES;44.867477485277995;-0.49283912227866994;R;Gazole;1;2026-10-07 00:01:00;2.25
33370015;RN 89;ARTIGUES;44.867477485277995;-0.49283912227866994;R;E10;5;2026-10-07 00:01:00;1.99
33370015;RN 89;ARTIGUES;44.867477485277995;-0.49283912227866994;R;SP98;6;2026-10-07 00:01:00;1.99
74150002;Boulevard de l'Europe;RUMILLY;45.856339986284006;5.9484181554018996;R;E10;5;2026-10-07 08:45:50;2.169
74150002;Boulevard de l'Europe;RUMILLY;45.856339986284006;5.9484181554018996;R;SP98;6;2026-10-07 08:45:51;2.269
86390002;ROUTE DE MONTMORRILON;Lathus-Saint-Rémy;46.3605613;0.9724554;R;E10;5;2026-10-07 09:56:30;2.229
68160004;RN 59 Sur-le-Pré;Sainte-Marie-aux-Mines;48.254;7.204;R;Gazole;1;2026-10-07 00:01:00;2.25
68160004;RN 59 Sur-le-Pré;Sainte-Marie-aux-Mines;48.254;7.204;R;GPLc;4;2026-10-07 00:01:00;1.029
68160004;RN 59 Sur-le-Pré;Sainte-Marie-aux-Mines;48.254;7.204;R;E10;5;2026-10-07 00:01:00;1.99
49120004;PARC D ACTIVITE DES 3 ROUTES;CHEMILLE;47.235;-0.723;R;Gazole;1;2026-10-07 07:53:56;2.329
49120004;PARC D ACTIVITE DES 3 ROUTES;CHEMILLE;47.235;-0.723;R;E85;3;2026-10-07 07:53:56;0.839
49120004;PARC D ACTIVITE DES 3 ROUTES;CHEMILLE;47.235;-0.723;R;E10;5;2026-10-07 07:53:57;2.119
49120004;PARC D ACTIVITE DES 3 ROUTES;CHEMILLE;47.235;-0.723;R;SP98;6;2026-10-07 07:53:57;2.229
36250007;96 AVENUE D'OCCITANIE;Saint-Maur;46.78058;1.65276;R;Gazole;1;2026-10-07 00:01:00;2.25
36250007;96 AVENUE D'OCCITANIE;Saint-Maur;46.78058;1.65276;R;E85;3;2026-10-07 00:01:00;0.904
36250007;96 AVENUE D'OCCITANIE;Saint-Maur;46.78058;1.65276;R;E10;5;2026-10-07 00:01:00;1.99
36250007;96 AVENUE D'OCCITANIE;Saint-Maur;46.78058;1.65276;R;SP98;6;2026-10-07 00:01:00;1.99
84400007;382 AV. DE LANCON RN 100;APT;43.883454;5.38128;R;Gazole;1;2026-10-07 00:01:00;2.25
84400007;382 AV. DE LANCON RN 100;APT;43.883454;5.38128;R;GPLc;4;2026-10-07 00:01:00;1.019
84400007;382 AV. DE LANCON RN 100;APT;43.883454;5.38128;R;E10;5;2026-10-07 00:01:00;1.99
76270003;CENTRE COMMERCIAL SAINT JEAN;NEUVILLE-FERRIERES;49.725277201557;1.4597834195908;R;Gazole;1;2026-10-07 09:15:08;2.349
76270003;CENTRE COMMERCIAL SAINT JEAN;NEUVILLE-FERRIERES;49.725277201557;1.4597834195908;R;E85;3;2026-10-07 01:00:00;0.909
32120002;Route d'Auch;MAUVEZIN;43.731;0.881;R;Gazole;1;2026-10-07 08:45:21;2.309
32120002;Route d'Auch;MAUVEZIN;43.731;0.881;R;E85;3;2026-10-07 08:45:21;0.945
32120002;Route d'Auch;MAUVEZIN;43.731;0.881;R;E10;5;2026-10-07 08:45:21;2.199
32120002;Route d'Auch;MAUVEZIN;43.731;0.881;R;SP98;6;2026-10-07 08:45:22;2.289
79190001;Route de Montalembert;SAUZé-VAUSSAIS;46.133;0.12;R;Gazole;1;2026-10-07 09:00:00;2.299
51303001;Route de Vitry en Perthois;Vitry-le-François;48.731;4.6;R;Gazole;1;2026-10-07 10:10:00;2.368
51303001;Route de Vitry en Perthois;Vitry-le-François;48.731;4.6;R;SP95;2;2026-10-07 10:10:00;2.244
51303001;Route de Vitry en Perthois;Vitry-le-François;48.731;4.6;R;E85;3;2026-10-07 10:10:00;0.871
51303001;Route de Vitry en Perthois;Vitry-le-François;48.731;4.6;R;GPLc;4;2026-10-07 10:10:00;1.082
51303001;Route de Vitry en Perthois;Vitry-le-François;48.731;4.6;R;E10;5;2026-10-07 10:10:00;2.154
51303001;Route de Vitry en Perthois;Vitry-le-François;48.731;4.6;R;SP98;6;2026-10-07 10:10:00;2.256
41200009;AUTOROUTE A85 - AIRE DE ROMORANTIN;Pruniers-en-Sologne;47.338097659342;1.6660467695594;A;Gazole;1;2026-10-07 00:01:00;2.25
41200009;AUTOROUTE A85 - AIRE DE ROMORANTIN;Pruniers-en-Sologne;47.338097659342;1.6660467695594;A;E85;3;2026-10-07 00:01:00;0.978
41200009;AUTOROUTE A85 - AIRE DE ROMORANTIN;Pruniers-en-Sologne;47.338097659342;1.6660467695594;A;GPLc;4;2026-10-07 00:01:00;1.088
41200009;AUTOROUTE A85 - AIRE DE ROMORANTIN;Pruniers-en-Sologne;47.338097659342;1.6660467695594;A;E10;5;2026-10-07 00:01:00;1.99
41200009;AUTOROUTE A85 - AIRE DE ROMORANTIN;Pruniers-en-Sologne;47.338097659342;1.6660467695594;A;SP98;6;2026-10-07 00:01:00;1.99
33410006;70 avenue de la Libération;Béguey;44.646;-0.324;R;Gazole;1;2026-10-07 10:54:00;2.359
33410006;70 avenue de la Libération;Béguey;44.646;-0.324;R;SP95;2;2026-10-07 10:54:00;2.246
33410006;70 avenue de la Libération;Béguey;44.646;-0.324;R;E10;5;2026-10-07 10:54:00;2.149
33410006;70 avenue de la Libération;Béguey;44.646;-0.324;R;SP98;6;2026-10-07 10:54:00;2.249
60680003;RN 31 - ROUTE DE CLERMONT;JONQUIERES;49.403;2.739;R;Gazole;1;2026-10-07 00:01:00;2.25
60680003;RN 31 - ROUTE DE CLERMONT;JONQUIERES;49.403;2.739;R;E85;3;2026-10-07 00:01:00;0.884
59850002;Drève Du Bailly;Nieppe;50.687;2.84;R;Gazole;1;2026-10-07 02:15:00;2.351
59850002;Drève Du Bailly;Nieppe;50.687;2.84;R;E85;3;2026-10-07 02:15:00;0.849
59850002;Drève Du Bailly;Nieppe;50.687;2.84;R;GPLc;4;2026-10-07 02:15:00;1.119
59850002;Drève Du Bailly;Nieppe;50.687;2.84;R;E10;5;2026-10-07 02:15:00;2.121
59850002;Drève Du Bailly;Nieppe;50.687;2.84;R;SP98;6;2026-10-07 02:15:00;2.202
33300005;140 BOULEVARD GODARD;BORDEAUX;44.8619;-0.58571999999999;R;Gazole;1;2026-10-07 00:01:00;2.25
33300005;140 BOULEVARD GODARD;BORDEAUX;44.8619;-0.58571999999999;R;E10;5;2026-10-07 09:48:59;1.99
33300005;140 BOULEVARD GODARD;BORDEAUX;44.8619;-0.58571999999999;R;SP98;6;2026-10-07 09:48:59;1.99
79330001;Avenue des Platanes;SAINT-VARENT;46.894;-0.234;R;SP98;6;2026-10-07 09:34:03;2.235
77550005;AUTOROUTE A5A - AIRE DU PLESSIS-PICARD;REAU;48.62473;2.59212;A;Gazole;1;2026-10-07 00:01:00;2.25
77550005;AUTOROUTE A5A - AIRE DU PLESSIS-PICARD;REAU;48.62473;2.59212;A;E85;3;2026-10-07 00:01:00;0.999
77550005;AUTOROUTE A5A - AIRE DU PLESSIS-PICARD;REAU;48.62473;2.59212;A;GPLc;4;2026-10-07 00:01:00;1.069
77550005;AUTOROUTE A5A - AIRE DU PLESSIS-PICARD;REAU;48.62473;2.59212;A;E10;5;2026-10-07 00:01:00;1.99
77550005;AUTOROUTE A5A - AIRE DU PLESSIS-PICARD;REAU;48.62473;2.59212;A;SP98;6;2026-10-07 00:01:00;1.99
92400018;53-55 RUE DE L'ALMA;COURBEVOIE;48.897;2.254;R;Gazole;1;2026-10-07 06:00:00;2.25
92400018;53-55 RUE DE L'ALMA;COURBEVOIE;48.897;2.254;R;E10;5;2026-10-07 06:00:00;1.99
64240006;Route d'Elizaberri;Hasparren;43.386440367815;-1.313921444;R;Gazole;1;2026-10-07 10:53:00;2.327
64240006;Route d'Elizaberri;Hasparren;43.386440367815;-1.313921444;R;E10;5;2026-10-07 10:53:00;2.119
64240006;Route d'Elizaberri;Hasparren;43.386440367815;-1.313921444;R;SP98;6;2026-10-07 10:53:00;2.235
64530004;AUTOROUTE A64 AIRE DE PYRÉNÉES - AIRE DES PYRÉNÉES;GER;43.23019;-0.07925;A;Gazole;1;2026-10-07 00:01:00;2.25
64530004;AUTOROUTE A64 AIRE DE PYRÉNÉES - AIRE DES PYRÉNÉES;GER;43.23019;-0.07925;A;GPLc;4;2026-10-07 00:01:00;1.104
64530004;AUTOROUTE A64 AIRE DE PYRÉNÉES - AIRE DES PYRÉNÉES;GER;43.23019;-0.07925;A;E10;5;2026-10-07 00:01:00;1.99
64530004;AUTOROUTE A64 AIRE DE PYRÉNÉES - AIRE DES PYRÉNÉES;GER;43.23019;-0.07925;A;SP98;6;2026-10-07 00:01:00;1.99
44000001;Route de PARIS;NANTES;47.257;-1.513;R;Gazole;1;2026-10-07 06:07:57;2.282
44000001;Route de PARIS;NANTES;47.257;-1.513;R;SP95;2;2026-10-07 06:07:57;2.174
44000001;Route de PARIS;NANTES;47.257;-1.513;R;GPLc;4;2026-10-07 06:07:57;0.929
44000001;Route de PARIS;NANTES;47.257;-1.513;R;E10;5;2026-10-07 06:07:57;2.13
17450001;9 rue Dieu me Garde;FOURAS;45.99074;-1.0762;R;Gazole;1;2026-10-07 06:23:44;2.309
17450001;9 rue Dieu me Garde;FOURAS;45.99074;-1.0762;R;E85;3;2026-10-07 06:23:44;0.849
17450001;9 rue Dieu me Garde;FOURAS;45.99074;-1.0762;R;E10;5;2026-10-07 06:23:44;2.142
17450001;9 rue Dieu me Garde;FOURAS;45.99074;-1.0762;R;SP98;6;2026-10-07 06:23:44;2.242
60300010;DEVIATION NORD DE SENLIS - Avenue du Poteau;CHAMANT;49.221;2.593;R;Gazole;1;2026-10-07 00:01:00;2.25
60300010;DEVIATION NORD DE SENLIS - Avenue du Poteau;CHAMANT;49.221;2.593;R;E85;3;2026-10-07 00:01:00;0.882
88200015;ROUTE NATIONALE 57 - AIRE DE LA CROIX SAINT JACQUES;ST NABORD;48.04948393;6.58206806;R;Gazole;1;2026-10-07 07:42:29;2.25
88200015;ROUTE NATIONALE 57 - AIRE DE LA CROIX SAINT JACQUES;ST NABORD;48.04948393;6.58206806;R;E85;3;2026-10-07 07:42:29;0.931
88200015;ROUTE NATIONALE 57 - AIRE DE LA CROIX SAINT JACQUES;ST NABORD;48.04948393;6.58206806;R;E10;5;2026-10-07 07:42:29;1.99
76176001;AVENUE DE BRETAGNE;ROUEN;49.432;1.083;R;Gazole;1;2026-10-07 10:00:00;2.346
76176001;AVENUE DE BRETAGNE;ROUEN;49.432;1.083;R;E85;3;2026-10-07 10:00:00;0.949
76176001;AVENUE DE BRETAGNE;ROUEN;49.432;1.083;R;E10;5;2026-10-07 10:00:00;2.131
17290003; Place de la Renaissance;AIGREFEUILLE-D'AUNIS;46.11624;-0.93553;R;Gazole;1;2026-10-07 11:08:14;2.289
17290003; Place de la Renaissance;AIGREFEUILLE-D'AUNIS;46.11624;-0.93553;R;E10;5;2026-10-07 11:08:14;2.105
17290003; Place de la Renaissance;AIGREFEUILLE-D'AUNIS;46.11624;-0.93553;R;SP98;6;2026-10-07 11:08:14;2.225
28420001;id Brieure;VICHèRES;48.261;0.913;R;Gazole;1;2026-10-07 10:06:13;2.25
28420001;id Brieure;VICHèRES;48.261;0.913;R;SP98;6;2026-10-07 10:06:13;1.99
74200003;RTE DE GENEVE;MARGENCEL;46.349;6.432;R;Gazole;1;2026-10-07 05:51:58;2.365
74200003;RTE DE GENEVE;MARGENCEL;46.349;6.432;R;E10;5;2026-10-07 05:51:58;2.209
94550002;14 AV DU GENERAL DE GAULLE;Chevilly-Larue;48.77313;2.3378;R;Gazole;1;2026-10-07 00:01:00;2.25
19300005;Avenue Général De Gaulle;EGLETONS;45.402;2.042;R;Gazole;1;2026-10-07 09:06:40;2.407
19300005;Avenue Général De Gaulle;EGLETONS;45.402;2.042;R;SP98;6;2026-10-07 09:06:41;2.256
71140003;6 route de Digoin;Bourbon-Lancy;46.628;3.736;R;Gazole;1;2026-10-07 00:00:00;2.339
71140003;6 route de Digoin;Bourbon-Lancy;46.628;3.736;R;E10;5;2026-10-07 00:00:00;2.195
71140003;6 route de Digoin;Bourbon-Lancy;46.628;3.736;R;SP98;6;2026-10-07 00:00:00;2.325
29470004; Avenue Charles de Gaulle;PLOUGASTEL-DAOULAS;48.37935;-4.37494;R;Gazole;1;2026-10-07 10:57:03;2.339
29470004; Avenue Charles de Gaulle;PLOUGASTEL-DAOULAS;48.37935;-4.37494;R;SP95;2;2026-10-07 10:57:03;2.195
29470004; Avenue Charles de Gaulle;PLOUGASTEL-DAOULAS;48.37935;-4.37494;R;E10;5;2026-10-07 10:57:03;2.159
29470004; Avenue Charles de Gaulle;PLOUGASTEL-DAOULAS;48.37935;-4.37494;R;SP98;6;2026-10-07 10:57:03;2.24
71600012;35 QUAI DE L'INDUSTRIE;Paray-le-Monial;46.454;4.103;R;Gazole;1;2026-10-07 10:24:17;2.319
71600012;35 QUAI DE L'INDUSTRIE;Paray-le-Monial;46.454;4.103;R;SP95;2;2026-10-07 10:24:17;2.239
71600012;35 QUAI DE L'INDUSTRIE;Paray-le-Monial;46.454;4.103;R;E10;5;2026-10-07 10:24:17;2.179
25200005;LE PIED DES GOUTTES;MONTBELIARD;47.499;6.814;R;Gazole;1;2026-10-07 09:41:00;2.433
25200005;LE PIED DES GOUTTES;MONTBELIARD;47.499;6.814;R;SP95;2;2026-10-07 09:41:00;2.297
25200005;LE PIED DES GOUTTES;MONTBELIARD;47.499;6.814;R;E85;3;2026-10-07 09:41:00;0.908
25200005;LE PIED DES GOUTTES;MONTBELIARD;47.499;6.814;R;E10;5;2026-10-07 09:41:00;2.269
25200005;LE PIED DES GOUTTES;MONTBELIARD;47.499;6.814;R;SP98;6;2026-10-07 09:41:00;2.369
69007006;112/116 RUE DE GERLAND;LYON;45.73519;4.83936;R;Gazole;1;2026-10-07 00:01:00;2.25
69007006;112/116 RUE DE GERLAND;LYON;45.73519;4.83936;R;E10;5;2026-10-07 00:01:00;1.99
69007006;112/116 RUE DE GERLAND;LYON;45.73519;4.83936;R;SP98;6;2026-10-07 00:01:00;1.99
7200010;56 Avenue de Bellande;Aubenas;44.605;4.387;R;Gazole;1;2026-10-07 08:26:25;2.345
73100001;136 Rue des Allobroges;Grésy-sur-Aix;45.72;5.922;R;Gazole;1;2026-10-07 09:05:38;2.369
73100001;136 Rue des Allobroges;Grésy-sur-Aix;45.72;5.922;R;E10;5;2026-10-07 09:05:39;2.216
67500009;37 AVENUE DU PROFESSEUR LERICHE;HAGUENAU;48.799;7.78;R;Gazole;1;2026-10-07 08:25:27;2.398
67500009;37 AVENUE DU PROFESSEUR LERICHE;HAGUENAU;48.799;7.78;R;SP95;2;2026-10-07 08:25:28;2.268
67500009;37 AVENUE DU PROFESSEUR LERICHE;HAGUENAU;48.799;7.78;R;E10;5;2026-10-07 08:25:28;2.238
67500009;37 AVENUE DU PROFESSEUR LERICHE;HAGUENAU;48.799;7.78;R;SP98;6;2026-10-07 08:25:28;2.298
49300016;BOULEVARD DE TOURAINE ZIL;CHOLET;47.071855132799996;-0.856768078224;R;E85;3;2026-10-07 00:01:00;0.897
49300016;BOULEVARD DE TOURAINE ZIL;CHOLET;47.071855132799996;-0.856768078224;R;GPLc;4;2026-10-07 00:01:00;0.929
37100011;RUE ABEL GANCE - ZAC DE L'AEROGA;TOURS;47.426444732494;0.71075649892812;R;Gazole;1;2026-10-07 00:01:00;2.25
37100011;RUE ABEL GANCE - ZAC DE L'AEROGA;TOURS;47.426444732494;0.71075649892812;R;E85;3;2026-10-07 00:01:00;0.895
37100011;RUE ABEL GANCE - ZAC DE L'AEROGA;TOURS;47.426444732494;0.71075649892812;R;E10;5;2026-10-07 00:01:00;1.99
22350004;Rue du 19 Mars 1962;CAULNES;48.291;-2.152;R;Gazole;1;2026-10-07 09:16:08;2.349
22350004;Rue du 19 Mars 1962;CAULNES;48.291;-2.152;R;E10;5;2026-10-07 09:16:08;2.125
22350004;Rue du 19 Mars 1962;CAULNES;48.291;-2.152;R;SP98;6;2026-10-07 09:16:08;2.249
33210011;16 ROUTE DE BORDEAUX;LANGON;44.5700702602;-0.299294925695;R;Gazole;1;2026-10-07 00:01:00;2.25
33210011;16 ROUTE DE BORDEAUX;LANGON;44.5700702602;-0.299294925695;R;E10;5;2026-10-07 00:01:00;1.99
33210011;16 ROUTE DE BORDEAUX;LANGON;44.5700702602;-0.299294925695;R;SP98;6;2026-10-07 00:01:00;1.99
48000005;14 AVENUE FOCH;MENDE;44.518;3.492;R;Gazole;1;2026-10-07 00:01:00;2.25
48000005;14 AVENUE FOCH;MENDE;44.518;3.492;R;E85;3;2026-10-07 00:01:00;0.906
48000005;14 AVENUE FOCH;MENDE;44.518;3.492;R;E10;5;2026-10-07 00:01:00;1.99
48000005;14 AVENUE FOCH;MENDE;44.518;3.492;R;SP98;6;2026-10-07 00:01:00;1.99
83470006;RN.7 ROUTE DE NICE;Saint-Maximin-la-Sainte-Baume;43.447;5.863;R;Gazole;1;2026-10-07 00:01:00;2.25
83470006;RN.7 ROUTE DE NICE;Saint-Maximin-la-Sainte-Baume;43.447;5.863;R;E85;3;2026-10-07 00:01:00;0.911
83470006;RN.7 ROUTE DE NICE;Saint-Maximin-la-Sainte-Baume;43.447;5.863;R;GPLc;4;2026-10-07 00:01:00;1.039
68390002;Avenue du Général de Gaulle;SAUSHEIM;47.777;7.379;R;Gazole;1;2026-10-07 09:30:00;2.747
68390002;Avenue du Général de Gaulle;SAUSHEIM;47.777;7.379;R;SP98;6;2026-10-07 09:30:00;2.576
14200009;1, RUE GUYON DE GUERCHEVILLE;Hérouville-Saint-Clair;49.2002530377;-0.34489711733600004;R;Gazole;1;2026-10-07 00:01:00;2.25
14200009;1, RUE GUYON DE GUERCHEVILLE;Hérouville-Saint-Clair;49.2002530377;-0.34489711733600004;R;GPLc;4;2026-10-07 00:01:00;0.981
14200009;1, RUE GUYON DE GUERCHEVILLE;Hérouville-Saint-Clair;49.2002530377;-0.34489711733600004;R;E10;5;2026-10-07 00:01:00;1.99
14200009;1, RUE GUYON DE GUERCHEVILLE;Hérouville-Saint-Clair;49.2002530377;-0.34489711733600004;R;SP98;6;2026-10-07 00:01:00;1.99
31500012;144 Avenue Jean Chaubet;Toulouse;43.605;1.479;R;Gazole;1;2026-10-07 07:03:08;2.399
31500012;144 Avenue Jean Chaubet;Toulouse;43.605;1.479;R;E10;5;2026-10-07 07:03:08;2.249
31500012;144 Avenue Jean Chaubet;Toulouse;43.605;1.479;R;SP98;6;2026-10-07 07:03:08;2.359
85300002;4 rue Charles Milcendeau;SALLERTAINE;46.856;-1.897;R;Gazole;1;2026-10-07 10:00:00;2.305
85300002;4 rue Charles Milcendeau;SALLERTAINE;46.856;-1.897;R;E85;3;2026-10-07 10:00:00;0.824
85300002;4 rue Charles Milcendeau;SALLERTAINE;46.856;-1.897;R;GPLc;4;2026-10-07 10:00:00;1.029
85300002;4 rue Charles Milcendeau;SALLERTAINE;46.856;-1.897;R;E10;5;2026-10-07 10:00:00;2.133
85300002;4 rue Charles Milcendeau;SALLERTAINE;46.856;-1.897;R;SP98;6;2026-10-07 10:00:00;2.226
38540001;zac les brosses;HEYRIEUX;45.639;5.044;R;Gazole;1;2026-10-07 07:06:27;2.248
38540001;zac les brosses;HEYRIEUX;45.639;5.044;R;E10;5;2026-10-07 07:06:27;2.149
38540001;zac les brosses;HEYRIEUX;45.639;5.044;R;SP98;6;2026-10-07 07:06:27;2.289
9110001;RN 20;SAVIGNAC-LES-ORMEAUX;42.73;1.821;R;Gazole;1;2026-10-07 10:34:47;2.375
9110001;RN 20;SAVIGNAC-LES-ORMEAUX;42.73;1.821;R;SP95;2;2026-10-07 10:34:48;2.241
9110001;RN 20;SAVIGNAC-LES-ORMEAUX;42.73;1.821;R;E10;5;2026-10-07 10:34:48;2.179
69360012;AUTOROUTE A 46 - AIRE COMMUNAY NORD;COMMUNAY;45.591;4.826;A;Gazole;1;2026-10-07 00:01:00;2.25
69360012;AUTOROUTE A 46 - AIRE COMMUNAY NORD;COMMUNAY;45.591;4.826;A;E85;3;2026-10-07 00:01:00;0.978
69360012;AUTOROUTE A 46 - AIRE COMMUNAY NORD;COMMUNAY;45.591;4.826;A;GPLc;4;2026-10-07 00:01:00;1.019
69360012;AUTOROUTE A 46 - AIRE COMMUNAY NORD;COMMUNAY;45.591;4.826;A;E10;5;2026-10-07 00:01:00;1.99
69360012;AUTOROUTE A 46 - AIRE COMMUNAY NORD;COMMUNAY;45.591;4.826;A;SP98;6;2026-10-07 00:01:00;1.99
28500008;RN 12 COTE NORD;Vert-en-Drouais;48.76;1.24;R;E85;3;2026-10-07 00:01:00;0.904
28500008;RN 12 COTE NORD;Vert-en-Drouais;48.76;1.24;R;E10;5;2026-10-07 00:01:00;1.99
28500008;RN 12 COTE NORD;Vert-en-Drouais;48.76;1.24;R;SP98;6;2026-10-07 00:01:00;1.99
93700003;80, rue Saint Stenay;DRANCY;48.918;2.418;R;Gazole;1;2026-10-07 08:26:00;2.345
93700003;80, rue Saint Stenay;DRANCY;48.918;2.418;R;SP95;2;2026-10-07 08:26:00;2.255
93700003;80, rue Saint Stenay;DRANCY;48.918;2.418;R;E85;3;2026-10-07 08:26:00;0.972
93700003;80, rue Saint Stenay;DRANCY;48.918;2.418;R;GPLc;4;2026-10-07 08:26:00;1.009
93700003;80, rue Saint Stenay;DRANCY;48.918;2.418;R;E10;5;2026-10-07 08:26:00;2.198
93700003;80, rue Saint Stenay;DRANCY;48.918;2.418;R;SP98;6;2026-10-07 08:26:00;2.318
48200004;Route du Malzieu;Saint-Chély-d'Apcher;44.805;3.281;R;SP98;6;2026-10-07 09:56:20;2.315
69400010;477 Rue Jules Ferry;VILLEFRANCHE-SUR-SAôNE;45.98;4.735;R;Gazole;1;2026-10-07 07:57:27;2.429
69400010;477 Rue Jules Ferry;VILLEFRANCHE-SUR-SAôNE;45.98;4.735;R;E85;3;2026-10-07 07:57:27;0.869
69400010;477 Rue Jules Ferry;VILLEFRANCHE-SUR-SAôNE;45.98;4.735;R;E10;5;2026-10-07 07:57:27;2.209
69400010;477 Rue Jules Ferry;VILLEFRANCHE-SUR-SAôNE;45.98;4.735;R;SP98;6;2026-10-07 07:57:27;2.329
84660002;Avenue du Tourail;Maubec;43.86696;5.1488199999999;R;Gazole;1;2026-10-07 10:59:36;2.319
84660002;Avenue du Tourail;Maubec;43.86696;5.1488199999999;R;E85;3;2026-10-07 10:59:37;0.869
84660002;Avenue du Tourail;Maubec;43.86696;5.1488199999999;R;E10;5;2026-10-07 10:59:37;2.169
77500004;route de Montfermeil;CHELLES;48.89216;2.58113;R;Gazole;1;2026-10-07 09:38:16;2.359
35520004;rue du phare de la Balue CAP MALO;La Mézière;48.204;-1.729;R;Gazole;1;2026-10-07 10:00:00;2.319
35520004;rue du phare de la Balue CAP MALO;La Mézière;48.204;-1.729;R;E85;3;2026-10-07 10:00:00;0.793
35520004;rue du phare de la Balue CAP MALO;La Mézière;48.204;-1.729;R;E10;5;2026-10-07 10:00:00;2.118
35520004;rue du phare de la Balue CAP MALO;La Mézière;48.204;-1.729;R;SP98;6;2026-10-07 10:00:00;2.225
67300004;90 ROUTE DU GENERAL DE GAULLE;SCHILTIGHEIM;48.610653;7.737855;R;Gazole;1;2026-10-07 09:28:46;2.399
67300004;90 ROUTE DU GENERAL DE GAULLE;SCHILTIGHEIM;48.610653;7.737855;R;E10;5;2026-10-07 09:28:46;2.269
67300004;90 ROUTE DU GENERAL DE GAULLE;SCHILTIGHEIM;48.610653;7.737855;R;SP98;6;2026-10-07 09:28:46;2.389
77870003;44 Route d'Héricy;Vulaines sur Seine;48.433550793536;2.7525081683748;R;Gazole;1;2026-10-07 10:59:11;2.329
56860004;165 ROUTE DE NANTES;SENE;47.65;-2.722;R;Gazole;1;2026-10-07 00:01:00;2.25
56860004;165 ROUTE DE NANTES;SENE;47.65;-2.722;R;E85;3;2026-10-07 00:01:00;0.898
49000014;BD CHARLES BARANGE;ANGERS;47.456;-0.571;R;E85;3;2026-10-07 00:01:00;0.901
44115003;226 BLD DE LA LOIRE;Basse-Goulaine;47.222;-1.473;R;Gazole;1;2026-10-07 00:01:00;2.25
44115003;226 BLD DE LA LOIRE;Basse-Goulaine;47.222;-1.473;R;GPLc;4;2026-10-07 00:01:00;0.929
34540001;ROUTE DE SETE;BALARUC-LE-VIEUX;43.461;3.691;R;Gazole;1;2026-10-07 08:26:00;2.302
34540001;ROUTE DE SETE;BALARUC-LE-VIEUX;43.461;3.691;R;SP95;2;2026-10-07 08:26:00;2.201
34540001;ROUTE DE SETE;BALARUC-LE-VIEUX;43.461;3.691;R;E10;5;2026-10-07 08:26:00;2.152
34540001;ROUTE DE SETE;BALARUC-LE-VIEUX;43.461;3.691;R;SP98;6;2026-10-07 08:26:00;2.257
6000026;10 BOULEVARD ARMEE DES ALPES;NICE;43.707;7.292;R;Gazole;1;2026-10-07 00:01:00;2.25
6000026;10 BOULEVARD ARMEE DES ALPES;NICE;43.707;7.292;R;E85;3;2026-10-07 00:01:00;0.914
6000026;10 BOULEVARD ARMEE DES ALPES;NICE;43.707;7.292;R;GPLc;4;2026-10-07 00:01:00;0.999
6000026;10 BOULEVARD ARMEE DES ALPES;NICE;43.707;7.292;R;E10;5;2026-10-07 00:01:00;1.99
6000026;10 BOULEVARD ARMEE DES ALPES;NICE;43.707;7.292;R;SP98;6;2026-10-07 00:01:00;1.99
78140008;AUTOROUTE A86 - AIRE DE VELIZY OUEST;Vélizy-Villacoublay;48.781;2.173;A;Gazole;1;2026-10-07 00:01:00;2.25
78140008;AUTOROUTE A86 - AIRE DE VELIZY OUEST;Vélizy-Villacoublay;48.781;2.173;A;GPLc;4;2026-10-07 00:01:00;1.049
78140008;AUTOROUTE A86 - AIRE DE VELIZY OUEST;Vélizy-Villacoublay;48.781;2.173;A;E10;5;2026-10-07 00:01:00;1.99
78140008;AUTOROUTE A86 - AIRE DE VELIZY OUEST;Vélizy-Villacoublay;48.781;2.173;A;SP98;6;2026-10-07 00:01:00;1.99
38200017;19 avenue Berthelot;Vienne;45.538;4.874;R;Gazole;1;2026-10-07 08:31:38;2.449
38200017;19 avenue Berthelot;Vienne;45.538;4.874;R;SP95;2;2026-10-07 08:31:38;2.289
38200017;19 avenue Berthelot;Vienne;45.538;4.874;R;SP98;6;2026-10-07 08:31:38;2.369
72170004;GARE DE PEAGE MARESCHE A28;Maresché;48.197533;0.16889;A;Gazole;1;2026-10-07 00:01:00;2.25
72170004;GARE DE PEAGE MARESCHE A28;Maresché;48.197533;0.16889;A;E10;5;2026-10-07 00:01:00;1.99
6370003;1005 Chemin des Gourettes;Mouans Sartoux;43.613699062005004;6.9763560462734;R;Gazole;1;2026-10-07 10:26:01;2.305
6370003;1005 Chemin des Gourettes;Mouans Sartoux;43.613699062005004;6.9763560462734;R;E85;3;2026-10-07 10:26:02;0.839
6370003;1005 Chemin des Gourettes;Mouans Sartoux;43.613699062005004;6.9763560462734;R;E10;5;2026-10-07 10:26:02;2.162
6370003;1005 Chemin des Gourettes;Mouans Sartoux;43.613699062005004;6.9763560462734;R;SP98;6;2026-10-07 10:26:02;2.249
21190006;AUTOROUTE A6 - AIRE DE BEAUNE TAILLY;MERCEUIL;46.96466385;4.83683207;A;Gazole;1;2026-10-07 00:01:00;2.25
21190006;AUTOROUTE A6 - AIRE DE BEAUNE TAILLY;MERCEUIL;46.96466385;4.83683207;A;E85;3;2026-10-07 00:01:00;0.978
21190006;AUTOROUTE A6 - AIRE DE BEAUNE TAILLY;MERCEUIL;46.96466385;4.83683207;A;E10;5;2026-10-07 00:01:00;1.99
21190006;AUTOROUTE A6 - AIRE DE BEAUNE TAILLY;MERCEUIL;46.96466385;4.83683207;A;SP98;6;2026-10-07 00:01:00;1.99
13670001;RN7 - Quartier des Jesuites;VERQUIèRES;43.8454877277;4.93273027405;R;Gazole;1;2026-10-07 10:00:00;2.389
13670001;RN7 - Quartier des Jesuites;VERQUIèRES;43.8454877277;4.93273027405;R;SP95;2;2026-10-07 10:00:00;2.336
13670001;RN7 - Quartier des Jesuites;VERQUIèRES;43.8454877277;4.93273027405;R;E85;3;2026-10-07 10:00:00;0.929
13670001;RN7 - Quartier des Jesuites;VERQUIèRES;43.8454877277;4.93273027405;R;E10;5;2026-10-07 10:00:00;2.253
13670001;RN7 - Quartier des Jesuites;VERQUIèRES;43.8454877277;4.93273027405;R;SP98;6;2026-10-07 10:00:00;2.349
88100005;116 Rue d'Alsace;SAINT-DIé-DES-VOSGES;48.278;6.961;R;Gazole;1;2026-10-07 07:43:06;2.466
88100005;116 Rue d'Alsace;SAINT-DIé-DES-VOSGES;48.278;6.961;R;E85;3;2026-10-07 07:43:06;0.869
88100005;116 Rue d'Alsace;SAINT-DIé-DES-VOSGES;48.278;6.961;R;E10;5;2026-10-07 07:43:06;2.229
88100005;116 Rue d'Alsace;SAINT-DIé-DES-VOSGES;48.278;6.961;R;SP98;6;2026-10-07 07:43:06;2.37
75015026;QUAI D'ISSY LES MOULINEAUX;Paris;48.835;2.266;R;E85;3;2026-10-07 00:01:00;0.909
75015026;QUAI D'ISSY LES MOULINEAUX;Paris;48.835;2.266;R;E10;5;2026-10-07 00:01:00;1.99
75015026;QUAI D'ISSY LES MOULINEAUX;Paris;48.835;2.266;R;SP98;6;2026-10-07 00:01:00;1.99
63170008;10 AV. DU ROUSSILLON;AUBIERE;45.755;3.13;R;Gazole;1;2026-10-07 07:57:19;2.25
63170008;10 AV. DU ROUSSILLON;AUBIERE;45.755;3.13;R;E85;3;2026-10-07 00:01:00;0.891
63170008;10 AV. DU ROUSSILLON;AUBIERE;45.755;3.13;R;E10;5;2026-10-07 07:57:19;1.99
63170008;10 AV. DU ROUSSILLON;AUBIERE;45.755;3.13;R;SP98;6;2026-10-07 07:57:19;1.99
31330001;AVENUE KENNEDY;Grenade;43.761;1.3;R;Gazole;1;2026-10-07 07:51:41;2.319
22980002;8 Rue des Rouairies;Plélan-le-Petit;48.432;-2.217;R;SP98;6;2026-10-07 08:47:00;2.279
69520001;Centre Commercial du Jayon;GRIGNY;45.605;4.782;R;Gazole;1;2026-10-07 09:20:15;2.309
69520001;Centre Commercial du Jayon;GRIGNY;45.605;4.782;R;E10;5;2026-10-07 09:20:15;2.159
59450001;Zone du Luc;DECHY;50.34;3.1;R;Gazole;1;2026-10-07 08:00:55;2.329
39100012;Rue du Général Bethouart;DOLE;47.086;5.49;R;Gazole;1;2026-10-07 09:26:51;2.319
21200009;A6 AIRE DE BEAUNE TAILLY;BLIGNY LES BEAUNE;46.965045628392;4.8362053860605005;A;Gazole;1;2026-10-07 00:01:00;2.25
53200005;AVENUE GEORGES POMPIDOU;CHâTEAU-GONTIER;47.83;-0.686;R;Gazole;1;2026-10-07 09:59:00;2.312
53200005;AVENUE GEORGES POMPIDOU;CHâTEAU-GONTIER;47.83;-0.686;R;SP95;2;2026-10-07 09:59:00;2.209
53200005;AVENUE GEORGES POMPIDOU;CHâTEAU-GONTIER;47.83;-0.686;R;E85;3;2026-10-07 09:59:00;0.797
53200005;AVENUE GEORGES POMPIDOU;CHâTEAU-GONTIER;47.83;-0.686;R;GPLc;4;2026-10-07 09:59:00;0.99
53200005;AVENUE GEORGES POMPIDOU;CHâTEAU-GONTIER;47.83;-0.686;R;SP98;6;2026-10-07 09:59:00;2.229
81100008;Lieu-Dit Plombières;CASTRES;43.622;2.215;R;Gazole;1;2026-10-07 10:54:00;2.32
81100008;Lieu-Dit Plombières;CASTRES;43.622;2.215;R;E85;3;2026-10-07 10:54:00;0.879
81100008;Lieu-Dit Plombières;CASTRES;43.622;2.215;R;E10;5;2026-10-07 10:54:00;2.186
81100008;Lieu-Dit Plombières;CASTRES;43.622;2.215;R;SP98;6;2026-10-07 10:54:00;2.263
44460001;Avenue Jean Burel;Saint-Nicolas-de-Redon;47.647;-2.078;R;Gazole;1;2026-10-07 10:00:00;2.303
44460001;Avenue Jean Burel;Saint-Nicolas-de-Redon;47.647;-2.078;R;E85;3;2026-10-07 10:00:00;0.799
44460001;Avenue Jean Burel;Saint-Nicolas-de-Redon;47.647;-2.078;R;E10;5;2026-10-07 10:00:00;2.119
44460001;Avenue Jean Burel;Saint-Nicolas-de-Redon;47.647;-2.078;R;SP98;6;2026-10-07 10:00:00;2.199
84550003;Route d'orange;Mornas;44.197;4.737;R;E10;5;2026-10-07 10:26:50;2.189
76440003;Route de Neufchâtel;Serqueux;49.62214;1.53814;R;Gazole;1;2026-10-07 09:17:03;2.349
76440003;Route de Neufchâtel;Serqueux;49.62214;1.53814;R;E85;3;2026-10-07 01:00:00;0.909
91160009;31 ROUTE D'ORLEANS;BALLAINVILLIERS;48.677;2.282;R;Gazole;1;2026-10-07 08:23:56;2.25
91160009;31 ROUTE D'ORLEANS;BALLAINVILLIERS;48.677;2.282;R;GPLc;4;2026-10-07 08:23:56;1.014
91160009;31 ROUTE D'ORLEANS;BALLAINVILLIERS;48.677;2.282;R;E10;5;2026-10-07 08:23:56;1.99
38780003;3725 route du péage;OYTIER ST OBLAS;45.5669888;5.0081483;R;Gazole;1;2026-10-07 06:35:28;2.339
72700002;Route de la Suze;ALLONNES;47.976245864270005;0.15674966213108;R;Gazole;1;2026-10-07 09:01:46;2.349
61700003;16 Rue du Mont Margantin;Domfront en Poiraie;48.588908700000005;-0.6437785;R;Gazole;1;2026-10-07 08:45:14;2.33
61700003;16 Rue du Mont Margantin;Domfront en Poiraie;48.588908700000005;-0.6437785;R;E10;5;2026-10-07 08:45:14;2.14
61700003;16 Rue du Mont Margantin;Domfront en Poiraie;48.588908700000005;-0.6437785;R;SP98;6;2026-10-07 08:45:14;2.31
77500010;Avenue Sylvie;Chelles;48.86978081385;2.5892321205182003;R;Gazole;1;2026-10-07 10:28:31;2.349
51140005;N31;MUIZON;49.274863981363;3.869878999253;R;Gazole;1;2026-10-07 06:14:41;2.25
44250003;Zone d'activités de la Guerche;Saint-Brevin-les-Pins;47.242;-2.158;R;Gazole;1;2026-10-07 10:00:00;2.315
44250003;Zone d'activités de la Guerche;Saint-Brevin-les-Pins;47.242;-2.158;R;E10;5;2026-10-07 10:00:00;2.139
44250003;Zone d'activités de la Guerche;Saint-Brevin-les-Pins;47.242;-2.158;R;SP98;6;2026-10-07 10:00:00;2.239
95500011;RD 370 RUE NUNGESSER ET COLI;GONESSE;48.9811274725;2.4450748025399998;R;Gazole;1;2026-10-07 00:01:00;2.25
95500011;RD 370 RUE NUNGESSER ET COLI;GONESSE;48.9811274725;2.4450748025399998;R;E85;3;2026-10-07 00:01:00;0.885
95500011;RD 370 RUE NUNGESSER ET COLI;GONESSE;48.9811274725;2.4450748025399998;R;E10;5;2026-10-07 00:01:00;1.99
51800012;A4;Valmy;49.074;4.791;A;Gazole;1;2026-10-07 09:48:04;2.465
51800012;A4;Valmy;49.074;4.791;A;E85;3;2026-10-07 09:48:04;0.977
51800012;A4;Valmy;49.074;4.791;A;GPLc;4;2026-10-07 09:48:04;1.128
51800012;A4;Valmy;49.074;4.791;A;E10;5;2026-10-07 09:48:04;2.254
51800012;A4;Valmy;49.074;4.791;A;SP98;6;2026-10-07 09:48:04;2.319
62700001;1115 avenue de la liberation;BRUAY-LA-BUISSIèRE;50.494;2.572;R;Gazole;1;2026-10-07 10:26:11;2.299
62700001;1115 avenue de la liberation;BRUAY-LA-BUISSIèRE;50.494;2.572;R;E10;5;2026-10-07 10:26:11;2.134
62700001;1115 avenue de la liberation;BRUAY-LA-BUISSIèRE;50.494;2.572;R;SP98;6;2026-10-07 10:26:11;2.247
35510001;Rue de la Rigourdière;CESSON-SéVIGNé;48.112;-1.59;R;Gazole;1;2026-10-07 00:46:00;2.29
35510001;Rue de la Rigourdière;CESSON-SéVIGNé;48.112;-1.59;R;SP95;2;2026-10-07 00:46:00;2.211
35510001;Rue de la Rigourdière;CESSON-SéVIGNé;48.112;-1.59;R;GPLc;4;2026-10-07 00:46:00;0.905
35510001;Rue de la Rigourdière;CESSON-SéVIGNé;48.112;-1.59;R;E10;5;2026-10-07 00:46:00;2.118
35510001;Rue de la Rigourdière;CESSON-SéVIGNé;48.112;-1.59;R;SP98;6;2026-10-07 00:46:00;2.249
55160015;15 rue de VERDUN;FRESNES EN WOEVRE;49.1;5.624;R;Gazole;1;2026-10-07 06:28:13;2.379
55160015;15 rue de VERDUN;FRESNES EN WOEVRE;49.1;5.624;R;E10;5;2026-10-07 06:28:13;2.238
55160015;15 rue de VERDUN;FRESNES EN WOEVRE;49.1;5.624;R;SP98;6;2026-10-07 06:28:13;2.329
56700004;LA GARDELOUPE;Hennebont;47.799;-3.258;R;Gazole;1;2026-10-07 10:00:00;2.327
56700004;LA GARDELOUPE;Hennebont;47.799;-3.258;R;SP95;2;2026-10-07 10:00:00;2.172
56700004;LA GARDELOUPE;Hennebont;47.799;-3.258;R;E85;3;2026-10-07 10:00:00;0.809
56700004;LA GARDELOUPE;Hennebont;47.799;-3.258;R;E10;5;2026-10-07 10:00:00;2.127
56700004;LA GARDELOUPE;Hennebont;47.799;-3.258;R;SP98;6;2026-10-07 10:00:00;2.215
49306001;1, Avenue du Maréchal Koenig;Cholet;47.052;-0.85;R;Gazole;1;2026-10-07 10:01:00;2.315
49306001;1, Avenue du Maréchal Koenig;Cholet;47.052;-0.85;R;E10;5;2026-10-07 10:01:00;2.108
49306001;1, Avenue du Maréchal Koenig;Cholet;47.052;-0.85;R;SP98;6;2026-10-07 10:01:00;2.229
41200006;La Brigaudière;Pruniers-en-Sologne / Romorantin;47.346;1.728;R;Gazole;1;2026-10-07 09:48:08;2.325
41200006;La Brigaudière;Pruniers-en-Sologne / Romorantin;47.346;1.728;R;SP95;2;2026-10-07 09:48:08;2.225
41200006;La Brigaudière;Pruniers-en-Sologne / Romorantin;47.346;1.728;R;E10;5;2026-10-07 09:48:08;2.185
41200006;La Brigaudière;Pruniers-en-Sologne / Romorantin;47.346;1.728;R;SP98;6;2026-10-07 09:48:08;2.245
28310004;AUT A 10 - AIRE DE VAL NEUVY;FRESNAY-L'ÉVêQUE;48.272;1.858;A;Gazole;1;2026-10-07 09:30:00;2.61
28310004;AUT A 10 - AIRE DE VAL NEUVY;FRESNAY-L'ÉVêQUE;48.272;1.858;A;E10;5;2026-10-07 09:30:00;2.568
28310004;AUT A 10 - AIRE DE VAL NEUVY;FRESNAY-L'ÉVêQUE;48.272;1.858;A;SP98;6;2026-10-07 09:30:00;2.718
44100005;49-61 BLD DALBY;NANTES;47.224;-1.53;R;Gazole;1;2026-10-07 08:59:34;2.25
44100005;49-61 BLD DALBY;NANTES;47.224;-1.53;R;E85;3;2026-10-07 08:59:34;0.895
44100005;49-61 BLD DALBY;NANTES;47.224;-1.53;R;E10;5;2026-10-07 08:59:34;1.99
69160006;35 Avenue Général Brosset;Tassin la Demi Lune;45.757;4.781;R;Gazole;1;2026-10-07 09:23:34;2.368
69160006;35 Avenue Général Brosset;Tassin la Demi Lune;45.757;4.781;R;E85;3;2026-10-07 09:23:34;1.083
69160006;35 Avenue Général Brosset;Tassin la Demi Lune;45.757;4.781;R;E10;5;2026-10-07 09:23:35;2.21
69160006;35 Avenue Général Brosset;Tassin la Demi Lune;45.757;4.781;R;SP98;6;2026-10-07 09:23:35;2.336
44300016;272, ROUTE DE SAINTE LUCE;NANTES;47.241;-1.508;R;Gazole;1;2026-10-07 00:01:00;2.25
44300016;272, ROUTE DE SAINTE LUCE;NANTES;47.241;-1.508;R;E85;3;2026-10-07 00:01:00;0.894
44300016;272, ROUTE DE SAINTE LUCE;NANTES;47.241;-1.508;R;GPLc;4;2026-10-07 00:01:00;0.929
44300016;272, ROUTE DE SAINTE LUCE;NANTES;47.241;-1.508;R;E10;5;2026-10-07 00:01:00;1.99
44300016;272, ROUTE DE SAINTE LUCE;NANTES;47.241;-1.508;R;SP98;6;2026-10-07 00:01:00;1.99
73420005;AUTOROUTE A41N - AIRE DE DRUMETTAZ;Mouxy;45.67291;5.92696;A;Gazole;1;2026-10-07 00:01:00;2.25
73420005;AUTOROUTE A41N - AIRE DE DRUMETTAZ;Mouxy;45.67291;5.92696;A;E85;3;2026-10-07 00:01:00;0.999
73420005;AUTOROUTE A41N - AIRE DE DRUMETTAZ;Mouxy;45.67291;5.92696;A;GPLc;4;2026-10-07 00:01:00;1.119
73420005;AUTOROUTE A41N - AIRE DE DRUMETTAZ;Mouxy;45.67291;5.92696;A;E10;5;2026-10-07 00:01:00;1.99
73420005;AUTOROUTE A41N - AIRE DE DRUMETTAZ;Mouxy;45.67291;5.92696;A;SP98;6;2026-10-07 00:01:00;1.99
34290003;AUT A 9  AIRE DE MONTBLANC SUD;SERVIAN;43.357;3.34;A;Gazole;1;2026-10-07 09:30:00;2.577
34290003;AUT A 9  AIRE DE MONTBLANC SUD;SERVIAN;43.357;3.34;A;E10;5;2026-10-07 09:30:00;2.548
34290003;AUT A 9  AIRE DE MONTBLANC SUD;SERVIAN;43.357;3.34;A;SP98;6;2026-10-07 09:30:00;2.698
14100007;Avenue Georges Pompidou;LISIEUX;49.133;0.225;R;Gazole;1;2026-10-07 10:31:56;2.321
14100007;Avenue Georges Pompidou;LISIEUX;49.133;0.225;R;E10;5;2026-10-07 10:31:56;2.126
14100007;Avenue Georges Pompidou;LISIEUX;49.133;0.225;R;SP98;6;2026-10-07 10:31:56;2.232
2200012;2 Rue d'Acy;Venizel;49.362237748902004;3.4035793389285;R;Gazole;1;2026-10-07 10:44:53;2.289
2200012;2 Rue d'Acy;Venizel;49.362237748902004;3.4035793389285;R;SP95;2;2026-10-07 10:44:53;2.199
2200012;2 Rue d'Acy;Venizel;49.362237748902004;3.4035793389285;R;SP98;6;2026-10-07 10:44:53;2.249
37110004;RN 10;VILLEDOMER;47.5836102961;0.897356013533;R;Gazole;1;2026-10-07 00:01:00;2.25
37110004;RN 10;VILLEDOMER;47.5836102961;0.897356013533;R;E10;5;2026-10-07 00:01:00;1.99
44200002;Rue du Traité d'Amsterdam;Pornic;47.125;-2.123;R;Gazole;1;2026-10-07 10:00:00;2.315
44200002;Rue du Traité d'Amsterdam;Pornic;47.125;-2.123;R;E10;5;2026-10-07 10:00:00;2.109
44200002;Rue du Traité d'Amsterdam;Pornic;47.125;-2.123;R;SP98;6;2026-10-07 10:00:00;2.229
57000001;45 Avenue André Malraux;METZ;49.10449;6.17949;R;Gazole;1;2026-10-07 10:20:13;2.307
84500007;Avenue Jean Giono STATION 2 ROND POINT;Bollène;44.286892034091;4.7506355196328;R;Gazole;1;2026-10-07 09:04:02;2.375
84500007;Avenue Jean Giono STATION 2 ROND POINT;Bollène;44.286892034091;4.7506355196328;R;E85;3;2026-10-07 09:04:02;0.869
84500007;Avenue Jean Giono STATION 2 ROND POINT;Bollène;44.286892034091;4.7506355196328;R;E10;5;2026-10-07 09:04:02;2.199
84500007;Avenue Jean Giono STATION 2 ROND POINT;Bollène;44.286892034091;4.7506355196328;R;SP98;6;2026-10-07 09:04:02;2.31
93420009;Boulevard Roger Ballanger;Villepinte;48.960079;2.553484;R;Gazole;1;2026-10-07 08:57:47;2.38
93420009;Boulevard Roger Ballanger;Villepinte;48.960079;2.553484;R;E85;3;2026-10-07 08:57:47;0.869
93420009;Boulevard Roger Ballanger;Villepinte;48.960079;2.553484;R;E10;5;2026-10-07 08:57:47;2.156
93420009;Boulevard Roger Ballanger;Villepinte;48.960079;2.553484;R;SP98;6;2026-10-07 08:57:47;2.269
35560003;Rue de Fougères;Antrain;48.457;-1.482;R;Gazole;1;2026-10-07 08:51:25;2.295
35560003;Rue de Fougères;Antrain;48.457;-1.482;R;SP95;2;2026-10-07 08:51:25;2.199
35560003;Rue de Fougères;Antrain;48.457;-1.482;R;SP98;6;2026-10-07 08:51:26;2.249
9100001;Route de Mirepoix;PAMIERS;43.103;1.631;R;Gazole;1;2026-10-07 08:20:56;2.299
9100001;Route de Mirepoix;PAMIERS;43.103;1.631;R;E10;5;2026-10-07 08:20:56;2.178
21350002;A6 Aire du Chien Blanc;Gissey le Vieil;47.314944846589;4.4959178929596;A;Gazole;1;2026-10-07 09:30:00;2.435
21350002;A6 Aire du Chien Blanc;Gissey le Vieil;47.314944846589;4.4959178929596;A;E10;5;2026-10-07 09:30:00;2.289
21350002;A6 Aire du Chien Blanc;Gissey le Vieil;47.314944846589;4.4959178929596;A;SP98;6;2026-10-07 09:30:00;2.376
6200027;280 ROUTE DE GRENOBLE;NICE;43.68801625970001;7.197364288269999;R;Gazole;1;2026-10-07 00:01:00;2.25
6200027;280 ROUTE DE GRENOBLE;NICE;43.68801625970001;7.197364288269999;R;E10;5;2026-10-07 00:01:00;1.99
6200027;280 ROUTE DE GRENOBLE;NICE;43.68801625970001;7.197364288269999;R;SP98;6;2026-10-07 00:01:00;1.99
49380001;2 BD DE LA REPUBLIQUE;Thouarcé;47.2698;-0.50396;R;E10;5;2026-10-07 08:29:28;2.149
49380001;2 BD DE LA REPUBLIQUE;Thouarcé;47.2698;-0.50396;R;SP98;6;2026-10-07 08:38:26;2.249
81500003;44 Avenue Jacques Besse;Lavaur;43.709;1.817;R;Gazole;1;2026-10-07 07:37:44;2.345
81500003;44 Avenue Jacques Besse;Lavaur;43.709;1.817;R;E10;5;2026-10-07 07:37:44;2.165
81500003;44 Avenue Jacques Besse;Lavaur;43.709;1.817;R;SP98;6;2026-10-07 07:37:44;2.259
69360015;ROUTE DE CORBAS CD 148;Saint-Symphorien-d'Ozon;45.636;4.869;R;Gazole;1;2026-10-07 00:01:00;2.25
69360015;ROUTE DE CORBAS CD 148;Saint-Symphorien-d'Ozon;45.636;4.869;R;E85;3;2026-10-07 00:01:00;0.913
69360015;ROUTE DE CORBAS CD 148;Saint-Symphorien-d'Ozon;45.636;4.869;R;E10;5;2026-10-07 00:01:00;1.99
89700002;route de Paris;TONNERRE;47.873;3.967;R;Gazole;1;2026-10-07 10:10:00;2.405
89700002;route de Paris;TONNERRE;47.873;3.967;R;E85;3;2026-10-07 10:10:00;0.858
89700002;route de Paris;TONNERRE;47.873;3.967;R;E10;5;2026-10-07 10:10:00;2.155
89700002;route de Paris;TONNERRE;47.873;3.967;R;SP98;6;2026-10-07 10:10:00;2.285
68250004;RN 83;ROUFFACH;47.945;7.289;R;GPLc;4;2026-10-07 00:01:00;1.059
2430001; Rue Auguste Delaune;GAUCHY;49.82606;3.2792;R;Gazole;1;2026-10-07 07:21:11;2.349
2430001; Rue Auguste Delaune;GAUCHY;49.82606;3.2792;R;E85;3;2026-10-07 07:21:11;0.869
2430001; Rue Auguste Delaune;GAUCHY;49.82606;3.2792;R;GPLc;4;2026-10-07 07:21:11;1.076
2430001; Rue Auguste Delaune;GAUCHY;49.82606;3.2792;R;E10;5;2026-10-07 07:21:11;2.139
2430001; Rue Auguste Delaune;GAUCHY;49.82606;3.2792;R;SP98;6;2026-10-07 07:21:11;2.259
37000015;65 BOULEVARD HEURTELOUP;TOURS;47.391;0.697;R;Gazole;1;2026-10-07 06:00:00;2.25
37000015;65 BOULEVARD HEURTELOUP;TOURS;47.391;0.697;R;E10;5;2026-10-07 06:00:00;1.99
37000015;65 BOULEVARD HEURTELOUP;TOURS;47.391;0.697;R;SP98;6;2026-10-07 06:00:00;1.99
85110006;PARC ACTIVITE POLARIS NORD;Chantonnay;46.7;-1.051;R;Gazole;1;2026-10-07 10:02:00;2.34
85110006;PARC ACTIVITE POLARIS NORD;Chantonnay;46.7;-1.051;R;SP95;2;2026-10-07 10:02:00;2.21
85110006;PARC ACTIVITE POLARIS NORD;Chantonnay;46.7;-1.051;R;E10;5;2026-10-07 10:02:00;2.136
85110006;PARC ACTIVITE POLARIS NORD;Chantonnay;46.7;-1.051;R;SP98;6;2026-10-07 10:02:00;2.23
76131001;Rue de la Vatine;MONT-SAINT-AIGNAN;49.472;1.094;R;Gazole;1;2026-10-07 00:46:00;2.351
76131001;Rue de la Vatine;MONT-SAINT-AIGNAN;49.472;1.094;R;E85;3;2026-10-07 00:46:00;0.87
76131001;Rue de la Vatine;MONT-SAINT-AIGNAN;49.472;1.094;R;E10;5;2026-10-07 00:46:00;2.126
76131001;Rue de la Vatine;MONT-SAINT-AIGNAN;49.472;1.094;R;SP98;6;2026-10-07 00:46:00;2.244
69320008;18 rue du 11 Novembre;FEYZIN;45.66967;4.85043;R;Gazole;1;2026-10-07 00:01:00;2.25
69320008;18 rue du 11 Novembre;FEYZIN;45.66967;4.85043;R;E85;3;2026-10-07 00:01:00;0.906
69320008;18 rue du 11 Novembre;FEYZIN;45.66967;4.85043;R;E10;5;2026-10-07 00:01:00;1.99
69320008;18 rue du 11 Novembre;FEYZIN;45.66967;4.85043;R;SP98;6;2026-10-07 00:01:00;1.99
25640009;aire de champoux;MARCHAUX;47.3255547;6.133140600000001;A;Gazole;1;2026-10-07 09:30:00;2.437
25640009;aire de champoux;MARCHAUX;47.3255547;6.133140600000001;A;E10;5;2026-10-07 09:30:00;2.287
25640009;aire de champoux;MARCHAUX;47.3255547;6.133140600000001;A;SP98;6;2026-10-07 09:30:00;2.373
80380001;21 RUE DES TAVERNES;VILLERS-BRETONNEUX;49.871;2.512;R;Gazole;1;2026-10-07 07:58:13;2.25
80380001;21 RUE DES TAVERNES;VILLERS-BRETONNEUX;49.871;2.512;R;E10;5;2026-10-07 07:58:13;1.99
80380001;21 RUE DES TAVERNES;VILLERS-BRETONNEUX;49.871;2.512;R;SP98;6;2026-10-07 07:58:13;1.99
83110002;255 Rte de Bandol, RN559;Sanary-sur-Mer;43.124085919765996;5.790495087502101;R;Gazole;1;2026-10-07 00:01:00;2.25
83110002;255 Rte de Bandol, RN559;Sanary-sur-Mer;43.124085919765996;5.790495087502101;R;E85;3;2026-10-07 00:01:00;0.913
44412001;10 Rond Point de la Corbinerie;REZé;47.16;-1.545;R;GPLc;4;2026-10-07 09:59:00;0.929
44412001;10 Rond Point de la Corbinerie;REZé;47.16;-1.545;R;E10;5;2026-10-07 09:59:00;2.149
44412001;10 Rond Point de la Corbinerie;REZé;47.16;-1.545;R;SP98;6;2026-10-07 09:59:00;2.223
44110003;route de St Nazaire;CHâTEAUBRIANT;47.706;-1.388;R;Gazole;1;2026-10-07 09:59:00;2.317
44110003;route de St Nazaire;CHâTEAUBRIANT;47.706;-1.388;R;E85;3;2026-10-07 09:59:00;0.82
44110003;route de St Nazaire;CHâTEAUBRIANT;47.706;-1.388;R;GPLc;4;2026-10-07 09:59:00;0.948
44110003;route de St Nazaire;CHâTEAUBRIANT;47.706;-1.388;R;E10;5;2026-10-07 09:59:00;2.109
44110003;route de St Nazaire;CHâTEAUBRIANT;47.706;-1.388;R;SP98;6;2026-10-07 09:59:00;2.209
53400002;68 ROUTE DE NANTES;CRAON;47.843;-0.969;R;Gazole;1;2026-10-07 08:17:29;2.25
53400002;68 ROUTE DE NANTES;CRAON;47.843;-0.969;R;E10;5;2026-10-07 08:17:29;1.99
53400002;68 ROUTE DE NANTES;CRAON;47.843;-0.969;R;SP98;6;2026-10-07 08:17:29;1.99
83160009;Angle avenue Pasteur et RN 97;Toulon la valette du Var;43.1283;5.9895;R;Gazole;1;2026-10-07 07:55:37;2.265
83160009;Angle avenue Pasteur et RN 97;Toulon la valette du Var;43.1283;5.9895;R;E10;5;2026-10-07 07:55:37;2.156
83160009;Angle avenue Pasteur et RN 97;Toulon la valette du Var;43.1283;5.9895;R;SP98;6;2026-10-07 07:55:37;2.284
1440002;531 Route de Strasbourg;VIRIAT;46.236;5.263;R;Gazole;1;2026-10-07 05:56:12;2.25
1440002;531 Route de Strasbourg;VIRIAT;46.236;5.263;R;E10;5;2026-10-07 05:56:12;1.99
1440002;531 Route de Strasbourg;VIRIAT;46.236;5.263;R;SP98;6;2026-10-07 05:56:12;1.99
36400006;33 Rte de Neuvy;Montgivray;46.576;1.961;R;Gazole;1;2026-10-07 08:36:58;2.339
36400006;33 Rte de Neuvy;Montgivray;46.576;1.961;R;E10;5;2026-10-07 08:36:59;2.129
36400006;33 Rte de Neuvy;Montgivray;46.576;1.961;R;SP98;6;2026-10-07 08:36:59;2.229
74130004;Aire de Pontchy Bonneville - A40;BONNEVILLE;46.065;6.409;A;Gazole;1;2026-10-07 09:30:00;2.604
74130004;Aire de Pontchy Bonneville - A40;BONNEVILLE;46.065;6.409;A;E10;5;2026-10-07 09:30:00;2.561
74130004;Aire de Pontchy Bonneville - A40;BONNEVILLE;46.065;6.409;A;SP98;6;2026-10-07 09:30:00;2.711
43700001;1 Avenue de Coubon;BRIVES-CHARENSAC;45.048;3.917;R;Gazole;1;2026-10-07 08:46:45;2.339
43700001;1 Avenue de Coubon;BRIVES-CHARENSAC;45.048;3.917;R;E10;5;2026-10-07 08:46:45;2.159
43700001;1 Avenue de Coubon;BRIVES-CHARENSAC;45.048;3.917;R;SP98;6;2026-10-07 08:46:45;2.249
52250001;Rue du Vernoy;Longeau-Percey;47.76383;5.30652;R;Gazole;1;2026-10-07 10:23:30;2.399
52250001;Rue du Vernoy;Longeau-Percey;47.76383;5.30652;R;E10;5;2026-10-07 10:23:30;2.165
63780001;D19 CHAMPS GRELIERE;Saint-Georges-de-Mons;45.94;2.837;R;Gazole;1;2026-10-07 09:52:24;2.349
63780001;D19 CHAMPS GRELIERE;Saint-Georges-de-Mons;45.94;2.837;R;E85;3;2026-10-07 09:52:24;0.869
63780001;D19 CHAMPS GRELIERE;Saint-Georges-de-Mons;45.94;2.837;R;E10;5;2026-10-07 09:52:25;2.159
63780001;D19 CHAMPS GRELIERE;Saint-Georges-de-Mons;45.94;2.837;R;SP98;6;2026-10-07 09:52:25;2.339
67129001;1 RUE MERCURE;MOLSHEIM;48.526;7.494;R;E85;3;2026-10-07 10:17:08;0.914
67129001;1 RUE MERCURE;MOLSHEIM;48.526;7.494;R;E10;5;2026-10-07 10:17:09;2.297
67129001;1 RUE MERCURE;MOLSHEIM;48.526;7.494;R;SP98;6;2026-10-07 10:17:09;2.41
49290001;PLACE DU LAYON;CHALONNES-SUR-LOIRE;47.347873868522;-0.75958487000826;R;E10;5;2026-10-07 08:41:14;2.129
49290001;PLACE DU LAYON;CHALONNES-SUR-LOIRE;47.347873868522;-0.75958487000826;R;SP98;6;2026-10-07 08:41:14;2.239
93130009;20-30 RUE JULES AUFFRET;Noisy-le-Sec;48.888;2.455;R;Gazole;1;2026-10-07 00:01:00;2.25
93130009;20-30 RUE JULES AUFFRET;Noisy-le-Sec;48.888;2.455;R;E10;5;2026-10-07 00:01:00;1.99
93130009;20-30 RUE JULES AUFFRET;Noisy-le-Sec;48.888;2.455;R;SP98;6;2026-10-07 00:01:00;1.99
60120005;88 rue d`Amiens les Hiebles ZAC NORD;BRETEUIL;49.641;2.279;R;Gazole;1;2026-10-07 08:59:56;2.302
60120005;88 rue d`Amiens les Hiebles ZAC NORD;BRETEUIL;49.641;2.279;R;SP95;2;2026-10-07 08:59:56;2.187
60120005;88 rue d`Amiens les Hiebles ZAC NORD;BRETEUIL;49.641;2.279;R;E85;3;2026-10-07 08:59:56;0.874
19270003;155 rue de la riviére;Donzenac;45.219;1.521;R;Gazole;1;2026-10-07 08:24:37;2.389
19270003;155 rue de la riviére;Donzenac;45.219;1.521;R;E10;5;2026-10-07 08:24:37;2.149
19270003;155 rue de la riviére;Donzenac;45.219;1.521;R;SP98;6;2026-10-07 08:24:37;2.239
6600024;RD 35 1856 RTE DE GRASSE;ANTIBES;43.599;7.087;R;Gazole;1;2026-10-07 00:01:00;2.25
6600024;RD 35 1856 RTE DE GRASSE;ANTIBES;43.599;7.087;R;E85;3;2026-10-07 00:01:00;0.912
33480007;17 Route D'AVENSAN;Castelnau-de-Médoc;45.029;-0.787;R;Gazole;1;2026-10-07 07:41:00;2.344
33480007;17 Route D'AVENSAN;Castelnau-de-Médoc;45.029;-0.787;R;E10;5;2026-10-07 07:41:00;2.144
33480007;17 Route D'AVENSAN;Castelnau-de-Médoc;45.029;-0.787;R;SP98;6;2026-10-07 07:41:00;2.228
23290001;8 route de la souterraine;FURSAC;46.15;1.51;R;Gazole;1;2026-10-07 00:31:00;2.399
23290001;8 route de la souterraine;FURSAC;46.15;1.51;R;E10;5;2026-10-07 00:31:00;2.229
23290001;8 route de la souterraine;FURSAC;46.15;1.51;R;SP98;6;2026-10-07 00:31:00;2.339
2500004;102 RUE CHARLES DE GAULLE;HIRSON;49.921;4.084;R;Gazole;1;2026-10-07 00:01:00;2.25
44210003;Boulevard de Linz;PORNIC;47.12229;-2.11717;R;Gazole;1;2026-10-07 10:07:34;2.315
44210003;Boulevard de Linz;PORNIC;47.12229;-2.11717;R;E10;5;2026-10-07 08:38:44;2.129
72400002;94-96 Av. de Verdun;La Ferté-Bernard;48.194;0.669;R;Gazole;1;2026-10-07 09:44:21;2.25
72400002;94-96 Av. de Verdun;La Ferté-Bernard;48.194;0.669;R;E10;5;2026-10-07 09:44:22;1.99
72400002;94-96 Av. de Verdun;La Ferté-Bernard;48.194;0.669;R;SP98;6;2026-10-07 09:44:22;1.99
44240011;BOULEVARD ALEXANDRE FLEMING;La Chapelle-sur-Erdre;47.257;-1.546;R;E85;3;2026-10-07 00:01:00;0.891
44240011;BOULEVARD ALEXANDRE FLEMING;La Chapelle-sur-Erdre;47.257;-1.546;R;GPLc;4;2026-10-07 00:01:00;0.929
10270006;AUTOROUTE A5 - AIRE DE TROYES-FRESNOY-LE-CHÂTEAU;Fresnoy-le-Château;48.211;4.241;A;Gazole;1;2026-10-07 00:01:00;2.25
10270006;AUTOROUTE A5 - AIRE DE TROYES-FRESNOY-LE-CHÂTEAU;Fresnoy-le-Château;48.211;4.241;A;E85;3;2026-10-07 00:01:00;0.999
10270006;AUTOROUTE A5 - AIRE DE TROYES-FRESNOY-LE-CHÂTEAU;Fresnoy-le-Château;48.211;4.241;A;GPLc;4;2026-10-07 00:01:00;1.119
10270006;AUTOROUTE A5 - AIRE DE TROYES-FRESNOY-LE-CHÂTEAU;Fresnoy-le-Château;48.211;4.241;A;E10;5;2026-10-07 00:01:00;1.99
10270006;AUTOROUTE A5 - AIRE DE TROYES-FRESNOY-LE-CHÂTEAU;Fresnoy-le-Château;48.211;4.241;A;SP98;6;2026-10-07 00:01:00;1.99
59113006;ZI de l'Epinette;Seclin;50.55;3.053;R;Gazole;1;2026-10-07 10:07:00;2.339
59113006;ZI de l'Epinette;Seclin;50.55;3.053;R;E85;3;2026-10-07 10:07:00;0.844
59113006;ZI de l'Epinette;Seclin;50.55;3.053;R;E10;5;2026-10-07 10:07:00;2.108
59113006;ZI de l'Epinette;Seclin;50.55;3.053;R;SP98;6;2026-10-07 10:07:00;2.229
66160001;Route de Perpignan;LE BOULOU;42.532;2.84;R;Gazole;1;2026-10-07 10:51:00;2.329
66160001;Route de Perpignan;LE BOULOU;42.532;2.84;R;E85;3;2026-10-07 10:51:00;0.879
66160001;Route de Perpignan;LE BOULOU;42.532;2.84;R;E10;5;2026-10-07 10:51:00;2.185
66160001;Route de Perpignan;LE BOULOU;42.532;2.84;R;SP98;6;2026-10-07 10:51:00;2.275
6150008;AEROPORT CANNES MANDELIEU RN 7;Cannes;43.55;6.958;R;Gazole;1;2026-10-07 00:01:00;2.25
6150008;AEROPORT CANNES MANDELIEU RN 7;Cannes;43.55;6.958;R;E85;3;2026-10-07 00:01:00;0.912
6150008;AEROPORT CANNES MANDELIEU RN 7;Cannes;43.55;6.958;R;E10;5;2026-10-07 00:01:00;1.99
6150008;AEROPORT CANNES MANDELIEU RN 7;Cannes;43.55;6.958;R;SP98;6;2026-10-07 00:01:00;1.99
59231002;181 Avenue du Général de Gaulle;GOUZEAUCOURT;50.057;3.131;R;Gazole;1;2026-10-07 10:17:12;2.329
59231002;181 Avenue du Général de Gaulle;GOUZEAUCOURT;50.057;3.131;R;E10;5;2026-10-07 10:17:12;2.149
59231002;181 Avenue du Général de Gaulle;GOUZEAUCOURT;50.057;3.131;R;SP98;6;2026-10-07 10:17:12;2.279
60390001;450 Rue des Aulnes;AUNEUIL;49.368;1.987;R;Gazole;1;2026-10-07 08:54:51;2.359
60390001;450 Rue des Aulnes;AUNEUIL;49.368;1.987;R;E10;5;2026-10-07 08:54:51;2.138
60390001;450 Rue des Aulnes;AUNEUIL;49.368;1.987;R;SP98;6;2026-10-07 08:54:51;2.259
50000002;ROUTE DE VILLEDIEU;SAINT-Lô;49.102;-1.116;R;SP98;6;2026-10-07 10:40:10;1.99
94370008;63/71 AV DU GENERAL LECLERC;Sucy-en-Brie;48.777;2.511;R;Gazole;1;2026-10-07 00:01:00;2.25
94370008;63/71 AV DU GENERAL LECLERC;Sucy-en-Brie;48.777;2.511;R;E10;5;2026-10-07 00:01:00;1.99
45130005;ROUTE NATIONALE 152;BAULE;47.82;1.682;R;Gazole;1;2026-10-07 09:23:04;2.369
45130005;ROUTE NATIONALE 152;BAULE;47.82;1.682;R;E10;5;2026-10-07 09:23:04;2.189
44330003;28 Route de clisson;Vallet;47.158229280939;-1.2747920508980999;R;SP95;2;2026-10-07 09:00:00;2.184
44330003;28 Route de clisson;Vallet;47.158229280939;-1.2747920508980999;R;E10;5;2026-10-07 09:00:00;2.118
44300018;95 rue du Perray;NANTES;47.248;-1.512;R;Gazole;1;2026-10-07 01:17:00;2.299
44300018;95 rue du Perray;NANTES;47.248;-1.512;R;E10;5;2026-10-07 01:17:00;2.109
44300018;95 rue du Perray;NANTES;47.248;-1.512;R;SP98;6;2026-10-07 01:17:00;2.209
65100008;Avenue François Abadie;Lourdes;43.10985;-0.03764;R;Gazole;1;2026-10-07 05:52:13;2.349
65100008;Avenue François Abadie;Lourdes;43.10985;-0.03764;R;E10;5;2026-10-07 05:52:23;2.139
26000016;BOULEVARD GUSTAVE ANDRE;VALENCE;44.94;4.91;R;E85;3;2026-10-07 00:01:00;0.895
26000016;BOULEVARD GUSTAVE ANDRE;VALENCE;44.94;4.91;R;GPLc;4;2026-10-07 00:01:00;1.015
80200011;28 avenue des australiens;Péronne;49.942;2.941;R;Gazole;1;2026-10-07 08:30:00;2.319
80200011;28 avenue des australiens;Péronne;49.942;2.941;R;E85;3;2026-10-07 08:30:00;0.879
14700004;ZONE EXPANSIA RUE DES SENTES;FALAISE;48.911;-0.206;R;Gazole;1;2026-10-07 07:50:00;2.261
14700004;ZONE EXPANSIA RUE DES SENTES;FALAISE;48.911;-0.206;R;E85;3;2026-10-07 07:50:00;0.881
37540001;247 Boulevard Charles de Gaulle;SAINT-CYR-SUR-LOIRE;47.426;0.656;R;Gazole;1;2026-10-07 08:45:40;2.319
44130003;7 impasse de la boulonnerie;BLAIN;47.476;-1.75;R;Gazole;1;2026-10-07 01:17:00;2.305
44130003;7 impasse de la boulonnerie;BLAIN;47.476;-1.75;R;E85;3;2026-10-07 01:17:00;0.835
44130003;7 impasse de la boulonnerie;BLAIN;47.476;-1.75;R;E10;5;2026-10-07 01:17:00;2.099
44130003;7 impasse de la boulonnerie;BLAIN;47.476;-1.75;R;SP98;6;2026-10-07 01:17:00;2.229
33130007;468 Route de Toulouse;Bègles;44.789965;-0.566601;R;SP98;6;2026-10-07 09:12:28;2.253
44260006;BOULEVARD BRANLY;Savenay;47.362;-1.956;R;Gazole;1;2026-10-07 08:38:38;2.299
44260006;BOULEVARD BRANLY;Savenay;47.362;-1.956;R;SP98;6;2026-10-07 08:38:38;2.269
27600006;15 Rue de la Côté des Sables;GAILLON;49.153;1.366;R;E85;3;2026-10-07 00:01:00;0.893
38190006;Rue de Belledonne;Crolles;45.279;5.89;R;Gazole;1;2026-10-07 07:33:08;2.366
38190006;Rue de Belledonne;Crolles;45.279;5.89;R;E85;3;2026-10-07 07:33:08;1.068
38190006;Rue de Belledonne;Crolles;45.279;5.89;R;E10;5;2026-10-07 07:33:08;2.224
59610005;61 Rue Jean Jaurès;Fourmies;50.01785;4.051843;R;Gazole;1;2026-10-07 08:53:46;2.278
59610005;61 Rue Jean Jaurès;Fourmies;50.01785;4.051843;R;E10;5;2026-10-07 08:53:47;2.109
59610005;61 Rue Jean Jaurès;Fourmies;50.01785;4.051843;R;SP98;6;2026-10-07 08:53:47;2.203
49600004;Rue Sainte Anne;Beaupréau;47.204;-0.977;R;Gazole;1;2026-10-07 10:57:51;2.329
49600004;Rue Sainte Anne;Beaupréau;47.204;-0.977;R;E10;5;2026-10-07 08:44:14;2.159
49600004;Rue Sainte Anne;Beaupréau;47.204;-0.977;R;SP98;6;2026-10-07 08:44:14;2.269
69510002; Route des Monts du Lyonnais;MESSIMY;45.69128;4.67995;R;Gazole;1;2026-10-07 08:59:39;2.389
48500001;74 AVENUE DU LOT;Banassac;44.432;3.214;R;Gazole;1;2026-10-07 09:34:22;2.329
48500001;74 AVENUE DU LOT;Banassac;44.432;3.214;R;E10;5;2026-10-07 09:34:22;2.189
48500001;74 AVENUE DU LOT;Banassac;44.432;3.214;R;SP98;6;2026-10-07 09:34:23;2.279
61250003;AUTOROUTE A28 - AIRE DE LA DENTELLE D'ALENÇON;VALFRAMBERT;48.456738391763;0.12705878900904;A;Gazole;1;2026-10-07 00:01:00;2.25
61250003;AUTOROUTE A28 - AIRE DE LA DENTELLE D'ALENÇON;VALFRAMBERT;48.456738391763;0.12705878900904;A;E85;3;2026-10-07 00:01:00;0.999
61250003;AUTOROUTE A28 - AIRE DE LA DENTELLE D'ALENÇON;VALFRAMBERT;48.456738391763;0.12705878900904;A;GPLc;4;2026-10-07 00:01:00;1.078
61250003;AUTOROUTE A28 - AIRE DE LA DENTELLE D'ALENÇON;VALFRAMBERT;48.456738391763;0.12705878900904;A;E10;5;2026-10-07 00:01:00;1.99
61250003;AUTOROUTE A28 - AIRE DE LA DENTELLE D'ALENÇON;VALFRAMBERT;48.456738391763;0.12705878900904;A;SP98;6;2026-10-07 00:01:00;1.99
33350002;Route de Libourne;Saint-Magne-de-Castillon;44.854;-0.061;R;Gazole;1;2026-10-07 10:51:00;2.33
33350002;Route de Libourne;Saint-Magne-de-Castillon;44.854;-0.061;R;SP95;2;2026-10-07 10:51:00;2.168
33350002;Route de Libourne;Saint-Magne-de-Castillon;44.854;-0.061;R;E85;3;2026-10-07 10:51:00;0.875
33350002;Route de Libourne;Saint-Magne-de-Castillon;44.854;-0.061;R;E10;5;2026-10-07 10:51:00;2.112
33350002;Route de Libourne;Saint-Magne-de-Castillon;44.854;-0.061;R;SP98;6;2026-10-07 10:51:00;2.275
77570001;Rue de Nisceville;CHâTEAU-LANDON;48.145;2.694;R;E10;5;2026-10-07 10:10:02;2.199
45460002;ROUTE DE SOLOGNE;BONNéE;47.789;2.378;R;Gazole;1;2026-10-07 10:31:30;2.349
83240001;Avenue des Alliés;CAVALAIRE-SUR-MER;43.17;6.526;R;Gazole;1;2026-10-07 09:12:15;2.379
83240001;Avenue des Alliés;CAVALAIRE-SUR-MER;43.17;6.526;R;E10;5;2026-10-07 09:12:15;2.194
83240001;Avenue des Alliés;CAVALAIRE-SUR-MER;43.17;6.526;R;SP98;6;2026-10-07 09:12:16;2.294
31470008;615 route de Toulouse;SAINT LYS;43.519;1.182;R;Gazole;1;2026-10-07 10:52:00;2.359
31470008;615 route de Toulouse;SAINT LYS;43.519;1.182;R;E85;3;2026-10-07 10:52:00;0.879
31470008;615 route de Toulouse;SAINT LYS;43.519;1.182;R;E10;5;2026-10-07 10:52:00;2.169
31470008;615 route de Toulouse;SAINT LYS;43.519;1.182;R;SP98;6;2026-10-07 10:52:00;2.289
42153001;53 Rue Jules Faron;RIORGES;46.041;4.038;R;Gazole;1;2026-10-07 08:07:54;2.379
42153001;53 Rue Jules Faron;RIORGES;46.041;4.038;R;E10;5;2026-10-07 08:07:54;2.183
42153001;53 Rue Jules Faron;RIORGES;46.041;4.038;R;SP98;6;2026-10-07 08:07:54;2.295
79400004;7 voie Charles VII;Saint-Maixent-l'École;46.418;-0.195;R;Gazole;1;2026-10-07 09:34:27;2.261
79400004;7 voie Charles VII;Saint-Maixent-l'École;46.418;-0.195;R;E10;5;2026-10-07 09:34:27;2.113
79400004;7 voie Charles VII;Saint-Maixent-l'École;46.418;-0.195;R;SP98;6;2026-10-07 09:34:27;2.236
84550005;Autoroute A7 Aire de Mornas Les Adrets;Mornas;44.216;4.723;A;E85;3;2026-10-07 09:37:53;0.995
40280005;600 AVENUE DE SAINT SEVER;Saint-Pierre-du-Mont;43.876;-0.507;R;Gazole;1;2026-10-07 10:51:00;2.366
40280005;600 AVENUE DE SAINT SEVER;Saint-Pierre-du-Mont;43.876;-0.507;R;E85;3;2026-10-07 10:51:00;0.889
40280005;600 AVENUE DE SAINT SEVER;Saint-Pierre-du-Mont;43.876;-0.507;R;E10;5;2026-10-07 10:51:00;2.157
40280005;600 AVENUE DE SAINT SEVER;Saint-Pierre-du-Mont;43.876;-0.507;R;SP98;6;2026-10-07 10:51:00;2.246
52100012;12 Route de Nancy;SAINT-DIZIER;48.637;4.98;R;Gazole;1;2026-10-07 09:15:52;2.392
52100012;12 Route de Nancy;SAINT-DIZIER;48.637;4.98;R;E85;3;2026-10-07 09:15:52;1.039
52100012;12 Route de Nancy;SAINT-DIZIER;48.637;4.98;R;E10;5;2026-10-07 09:15:52;2.242
52100012;12 Route de Nancy;SAINT-DIZIER;48.637;4.98;R;SP98;6;2026-10-07 09:15:52;2.375
59310010;Route départementale 938;Orchies;50.476112948813004;3.234930234968;R;Gazole;1;2026-10-07 09:06:08;2.349
86200005;BOULEVARD JEAN PASCAULT;LOUDUN;47.006;0.081;R;Gazole;1;2026-10-07 08:27:42;2.329
1630003;148 Rue des Chalets;SAINT-GENIS-POUILLY;46.26326;6.0295;R;Gazole;1;2026-10-07 08:39:10;2.335
1630003;148 Rue des Chalets;SAINT-GENIS-POUILLY;46.26326;6.0295;R;E10;5;2026-10-07 08:39:10;2.169
67760001;120A ROUTE NATIONALE;GAMBSHEIM;48.699248714218;7.889266294415299;R;Gazole;1;2026-10-07 08:14:25;2.465
40260006;rue des morilles;LINXE;43.928;-1.255;R;Gazole;1;2026-10-07 10:53:00;2.392
40260006;rue des morilles;LINXE;43.928;-1.255;R;SP95;2;2026-10-07 10:53:00;2.279
40260006;rue des morilles;LINXE;43.928;-1.255;R;E10;5;2026-10-07 10:53:00;2.165
40260006;rue des morilles;LINXE;43.928;-1.255;R;SP98;6;2026-10-07 10:53:00;2.28
67500001;Route du rhin;HAGUENAU;48.802;7.835;R;Gazole;1;2026-10-07 10:12:44;2.399
67500001;Route du rhin;HAGUENAU;48.802;7.835;R;GPLc;4;2026-10-07 10:12:44;0.985
67500001;Route du rhin;HAGUENAU;48.802;7.835;R;E10;5;2026-10-07 10:12:44;2.239
67500001;Route du rhin;HAGUENAU;48.802;7.835;R;SP98;6;2026-10-07 10:12:44;2.299
86700004;TOTAL 1 centre routier des Minières Payré;VALENCE EN POITOU;46.336;0.186;R;Gazole;1;2026-10-07 10:23:24;2.25
86700004;TOTAL 1 centre routier des Minières Payré;VALENCE EN POITOU;46.336;0.186;R;SP95;2;2026-10-07 10:23:24;1.99
47130001;2734 ROUTE DE BORDEAUX;PORT-SAINTE-MARIE;44.252;0.382;R;SP95;2;2026-10-07 09:57:40;2.199
51100001;5 Avenue Georges Clemenceau;REIMS;49.25166;4.04689;R;Gazole;1;2026-10-07 09:47:42;2.359
51100001;5 Avenue Georges Clemenceau;REIMS;49.25166;4.04689;R;SP95;2;2026-10-07 09:47:42;2.198
51100001;5 Avenue Georges Clemenceau;REIMS;49.25166;4.04689;R;SP98;6;2026-10-07 09:47:42;2.253
61500004;Rue du général Leclerc;Sées;48.599262;0.17176349999999999;R;Gazole;1;2026-10-07 09:58:01;2.419
61500004;Rue du général Leclerc;Sées;48.599262;0.17176349999999999;R;E10;5;2026-10-07 09:58:01;2.179
61500004;Rue du général Leclerc;Sées;48.599262;0.17176349999999999;R;SP98;6;2026-10-07 09:58:01;2.289
50150002;Route de Mortain;SOURDEVAL;48.72;-0.922;R;Gazole;1;2026-10-07 09:19:02;2.349
50150002;Route de Mortain;SOURDEVAL;48.72;-0.922;R;E85;3;2026-10-07 09:19:02;0.879
50150002;Route de Mortain;SOURDEVAL;48.72;-0.922;R;E10;5;2026-10-07 09:19:02;2.149
50150002;Route de Mortain;SOURDEVAL;48.72;-0.922;R;SP98;6;2026-10-07 09:19:02;2.249
31190003;89 Route de Toulouse;AUTERIVE;43.363538424000005;1.4577713618900001;R;E85;3;2026-10-07 08:24:41;0.879
31190003;89 Route de Toulouse;AUTERIVE;43.363538424000005;1.4577713618900001;R;E10;5;2026-10-07 08:24:41;2.179
54204001;POLE COMMERCIAL JEANNE D'ARC;DOMMARTIN-LèS-TOUL;48.674;5.925;R;Gazole;1;2026-10-07 08:34:28;2.391
54204001;POLE COMMERCIAL JEANNE D'ARC;DOMMARTIN-LèS-TOUL;48.674;5.925;R;SP95;2;2026-10-07 07:33:26;2.299
74500003;267 ROUTE DE VERS LES GRANGES;VINZIER;46.352;6.616;R;Gazole;1;2026-10-07 10:42:50;2.389
74500003;267 ROUTE DE VERS LES GRANGES;VINZIER;46.352;6.616;R;E10;5;2026-10-07 10:42:50;2.209
74500003;267 ROUTE DE VERS LES GRANGES;VINZIER;46.352;6.616;R;SP98;6;2026-10-07 10:42:50;2.299
80800008;Rue de Démuin;Villers bretonneux;49.856854902938;2.5251600843959;R;Gazole;1;2026-10-07 09:32:14;2.339
80800008;Rue de Démuin;Villers bretonneux;49.856854902938;2.5251600843959;R;E85;3;2026-10-07 09:32:14;0.869
80800008;Rue de Démuin;Villers bretonneux;49.856854902938;2.5251600843959;R;E10;5;2026-10-07 09:32:14;2.119
80800008;Rue de Démuin;Villers bretonneux;49.856854902938;2.5251600843959;R;SP98;6;2026-10-07 09:32:14;2.219
27310009;A13 - AIRE DE BOSGOUET NORD;Bosgouet;49.36118;0.8644569999999999;A;Gazole;1;2026-10-07 00:01:00;2.25
27310009;A13 - AIRE DE BOSGOUET NORD;Bosgouet;49.36118;0.8644569999999999;A;E85;3;2026-10-07 00:01:00;0.999
27310009;A13 - AIRE DE BOSGOUET NORD;Bosgouet;49.36118;0.8644569999999999;A;E10;5;2026-10-07 00:01:00;1.99
27310009;A13 - AIRE DE BOSGOUET NORD;Bosgouet;49.36118;0.8644569999999999;A;SP98;6;2026-10-07 00:01:00;1.99
35290001;RUE HENRI LETORT;Saint-Méen-le-Grand;48.189;-2.199;R;SP95;2;2026-10-07 08:59:51;2.189
35290001;RUE HENRI LETORT;Saint-Méen-le-Grand;48.189;-2.199;R;E10;5;2026-10-07 08:59:51;2.159
35290001;RUE HENRI LETORT;Saint-Méen-le-Grand;48.189;-2.199;R;SP98;6;2026-10-07 08:59:51;2.239
76340001;1 ROUTE NATIONALE;FOUCARMONT;49.847;1.565;R;Gazole;1;2026-10-07 10:03:21;2.25
76340001;1 ROUTE NATIONALE;FOUCARMONT;49.847;1.565;R;SP95;2;2026-10-07 10:03:21;1.99
76340001;1 ROUTE NATIONALE;FOUCARMONT;49.847;1.565;R;SP98;6;2026-10-07 10:03:21;1.99
40100005;Route de la Parcelle;Dax;43.692561158399;-1.0498232325563002;R;Gazole;1;2026-10-07 09:00:41;2.363
40100005;Route de la Parcelle;Dax;43.692561158399;-1.0498232325563002;R;E85;3;2026-10-07 09:00:41;0.869
40100005;Route de la Parcelle;Dax;43.692561158399;-1.0498232325563002;R;E10;5;2026-10-07 09:00:41;2.138
40100005;Route de la Parcelle;Dax;43.692561158399;-1.0498232325563002;R;SP98;6;2026-10-07 09:00:41;2.259
72100001;168 Rue d'Arnage;LE MANS;47.985;0.186;R;Gazole;1;2026-10-07 09:45:00;2.379
72100001;168 Rue d'Arnage;LE MANS;47.985;0.186;R;GPLc;4;2026-10-07 09:45:00;0.999
72100001;168 Rue d'Arnage;LE MANS;47.985;0.186;R;E10;5;2026-10-07 09:45:00;2.179
72100001;168 Rue d'Arnage;LE MANS;47.985;0.186;R;SP98;6;2026-10-07 09:45:00;2.279
31120006;1 Allée de Fraïxinet;Roques;43.512;1.369;R;Gazole;1;2026-10-07 10:51:00;2.299
31120006;1 Allée de Fraïxinet;Roques;43.512;1.369;R;E85;3;2026-10-07 10:51:00;0.879
31120006;1 Allée de Fraïxinet;Roques;43.512;1.369;R;E10;5;2026-10-07 10:51:00;2.159
31120006;1 Allée de Fraïxinet;Roques;43.512;1.369;R;SP98;6;2026-10-07 10:51:00;2.261
67211001;67 Boulevard de l'Europe;OBERNAI;48.467;7.496;R;Gazole;1;2026-10-07 09:41:00;2.51
67211001;67 Boulevard de l'Europe;OBERNAI;48.467;7.496;R;E85;3;2026-10-07 09:41:00;0.922
67211001;67 Boulevard de l'Europe;OBERNAI;48.467;7.496;R;E10;5;2026-10-07 09:41:00;2.296
67211001;67 Boulevard de l'Europe;OBERNAI;48.467;7.496;R;SP98;6;2026-10-07 09:41:00;2.409
72220001;CENTRE COMMERCIAL LE BELINOIS;ÉCOMMOY;47.8396825321;0.262623079173;R;Gazole;1;2026-10-07 08:43:49;2.339
72220001;CENTRE COMMERCIAL LE BELINOIS;ÉCOMMOY;47.8396825321;0.262623079173;R;SP98;6;2026-10-07 08:43:49;2.239
17640002;5 rue Jacques Yves Cousteau;Vaux-sur-Mer;45.647;-1.049;R;Gazole;1;2026-10-07 08:56:31;2.289
17640002;5 rue Jacques Yves Cousteau;Vaux-sur-Mer;45.647;-1.049;R;SP95;2;2026-10-07 09:00:00;2.224
17640002;5 rue Jacques Yves Cousteau;Vaux-sur-Mer;45.647;-1.049;R;E10;5;2026-10-07 09:00:00;2.156
69008008;86 AVENUE JEAN MERMOZ;LYON;45.733;4.881;R;Gazole;1;2026-10-07 00:01:00;2.25
69008008;86 AVENUE JEAN MERMOZ;LYON;45.733;4.881;R;E10;5;2026-10-07 00:01:00;1.99
69008008;86 AVENUE JEAN MERMOZ;LYON;45.733;4.881;R;SP98;6;2026-10-07 00:01:00;1.99
18200001;93 Avenue du Général de Gaulle;Saint-Amand-Montrond;46.730351458895996;2.4937252949649;R;Gazole;1;2026-10-07 09:59:24;2.329
22600006;PARC ACTIVITÉS DE KER D'HERVÉ;Loudéac;48.19337648347;-2.7574038780979997;R;Gazole;1;2026-10-07 09:23:59;2.28
22600006;PARC ACTIVITÉS DE KER D'HERVÉ;Loudéac;48.19337648347;-2.7574038780979997;R;SP95;2;2026-10-07 09:31:23;2.15
59721001;Rue de Villars;DENAIN;50.327;3.394;R;Gazole;1;2026-10-07 08:14:52;2.369
59721001;Rue de Villars;DENAIN;50.327;3.394;R;SP95;2;2026-10-07 08:14:52;2.269
59721001;Rue de Villars;DENAIN;50.327;3.394;R;E85;3;2026-10-07 08:14:52;0.929
59721001;Rue de Villars;DENAIN;50.327;3.394;R;E10;5;2026-10-07 08:14:52;2.229
59721001;Rue de Villars;DENAIN;50.327;3.394;R;SP98;6;2026-10-07 08:14:53;2.339
31100004;138 bis Route de Seysses;TOULOUSE;43.559244413510996;1.4041227151955;R;Gazole;1;2026-10-07 09:26:05;2.329
31100004;138 bis Route de Seysses;TOULOUSE;43.559244413510996;1.4041227151955;R;SP95;2;2026-10-07 09:26:06;2.229
77171003;38, RUE DE PARIS;SOURDUN;48.535;3.361;R;Gazole;1;2026-10-07 00:01:00;2.25
77171003;38, RUE DE PARIS;SOURDUN;48.535;3.361;R;E85;3;2026-10-07 00:01:00;0.895
77171003;38, RUE DE PARIS;SOURDUN;48.535;3.361;R;E10;5;2026-10-07 00:01:00;1.99
77171003;38, RUE DE PARIS;SOURDUN;48.535;3.361;R;SP98;6;2026-10-07 07:58:35;1.99
44000010;BOULEVARD GUY MOLLET;NANTES;47.247;-1.555;R;Gazole;1;2026-10-07 00:01:00;2.25
51230004;Aire de Sommesous - A26;Sommesous;48.729;4.228;A;Gazole;1;2026-10-07 09:30:00;2.435
51230004;Aire de Sommesous - A26;Sommesous;48.729;4.228;A;GPLc;4;2026-10-07 09:30:00;1.133
51230004;Aire de Sommesous - A26;Sommesous;48.729;4.228;A;E10;5;2026-10-07 09:30:00;2.259
51230004;Aire de Sommesous - A26;Sommesous;48.729;4.228;A;SP98;6;2026-10-07 09:30:00;2.353
14123009;Rue des Frères Lumière;Cormelles-le-Royal;49.154;-0.314;R;Gazole;1;2026-10-07 07:11:10;2.319
34600003;Route de Bédarieux;VILLEMAGNE-L'ARGENTIèRE;43.595;3.128;R;Gazole;1;2026-10-07 10:04:38;2.357
77140012;Aire de Darvault A6;Darvault;48.264;2.722;A;Gazole;1;2026-10-07 09:30:00;2.559
77140012;Aire de Darvault A6;Darvault;48.264;2.722;A;E10;5;2026-10-07 09:30:00;2.35
77140012;Aire de Darvault A6;Darvault;48.264;2.722;A;SP98;6;2026-10-07 09:30:00;2.5
67160002;6a Allée des Peupliers;WISSEMBOURG;49.029;7.96;R;Gazole;1;2026-10-07 09:07:47;2.283
67160002;6a Allée des Peupliers;WISSEMBOURG;49.029;7.96;R;SP95;2;2026-10-07 09:07:48;2.339
1200001;69 Rue de la République;Bellegarde-sur-Valserine;46.106;5.823;R;Gazole;1;2026-10-07 08:41:37;2.369
1200001;69 Rue de la République;Bellegarde-sur-Valserine;46.106;5.823;R;E10;5;2026-10-07 08:41:38;2.219
1200001;69 Rue de la République;Bellegarde-sur-Valserine;46.106;5.823;R;SP98;6;2026-10-07 08:41:38;2.289
76191001;Rue Jean Moulin;YVETOT;49.612;0.775;R;E85;3;2026-10-07 08:30:00;0.829
76191001;Rue Jean Moulin;YVETOT;49.612;0.775;R;E10;5;2026-10-07 08:30:00;2.249
73000009;345 Quai du 11 Novembre;CHAMBERY;45.56727366449999;5.9350464324;R;Gazole;1;2026-10-07 00:01:00;2.299
13340004;RN113 QUARTIER LE BOSQUET;Rognac;43.487;5.22;R;Gazole;1;2026-10-07 09:08:39;2.359
22600002;8 Boulevard des Peupliers;LOUDéAC;48.166;-2.751;R;Gazole;1;2026-10-07 08:59:26;2.25
22600002;8 Boulevard des Peupliers;LOUDéAC;48.166;-2.751;R;SP95;2;2026-10-07 08:59:27;1.99
31100003;30 Chemin de Ferro-Lébrès;TOULOUSE;43.584;1.372;R;Gazole;1;2026-10-07 09:14:41;2.387
62100025;TERMINAL EUROTUNNEL;COQUELLES;50.9340083071;1.8175652035499998;R;Gazole;1;2026-10-07 00:01:00;2.25
62100025;TERMINAL EUROTUNNEL;COQUELLES;50.9340083071;1.8175652035499998;R;E85;3;2026-10-07 00:01:00;0.866
62100025;TERMINAL EUROTUNNEL;COQUELLES;50.9340083071;1.8175652035499998;R;E10;5;2026-10-07 00:01:00;1.99
62100025;TERMINAL EUROTUNNEL;COQUELLES;50.9340083071;1.8175652035499998;R;SP98;6;2026-10-07 00:01:00;1.99
89190007;Aire de Villeneuve l'Archevêque autoroute A5 Sens PARIS TROYES;Villeneuve-l'Archevêque;48.242996678371;3.5544017645264;A;Gazole;1;2026-10-07 09:30:00;2.435
89190007;Aire de Villeneuve l'Archevêque autoroute A5 Sens PARIS TROYES;Villeneuve-l'Archevêque;48.242996678371;3.5544017645264;A;GPLc;4;2026-10-07 09:30:00;1.108
89190007;Aire de Villeneuve l'Archevêque autoroute A5 Sens PARIS TROYES;Villeneuve-l'Archevêque;48.242996678371;3.5544017645264;A;E10;5;2026-10-07 09:30:00;2.321
89190007;Aire de Villeneuve l'Archevêque autoroute A5 Sens PARIS TROYES;Villeneuve-l'Archevêque;48.242996678371;3.5544017645264;A;SP98;6;2026-10-07 09:30:00;2.403
22310001;RUE DES CLOS;PLESTIN-LES-GRèVES;48.657;-3.633;R;Gazole;1;2026-10-07 09:16:03;2.329
28400002;route de Chartres;Nogent-le-Rotrou;48.330441413155;0.8306446531378401;R;Gazole;1;2026-10-07 10:01:13;2.295
28400002;route de Chartres;Nogent-le-Rotrou;48.330441413155;0.8306446531378401;R;E10;5;2026-10-07 10:01:13;2.129
83300003;ZI SAINT HERMENTAIRE;DRAGUIGNAN;43.532;6.456;R;Gazole;1;2026-10-07 00:46:00;2.267
83300003;ZI SAINT HERMENTAIRE;DRAGUIGNAN;43.532;6.456;R;E10;5;2026-10-07 00:46:00;2.142
83300003;ZI SAINT HERMENTAIRE;DRAGUIGNAN;43.532;6.456;R;SP98;6;2026-10-07 00:46:00;2.321
26750001;95 RUE CLAIR;Saint-Paul-lès-Romans;45.057;5.099;R;Gazole;1;2026-10-07 09:40:00;2.31
26750001;95 RUE CLAIR;Saint-Paul-lès-Romans;45.057;5.099;R;SP95;2;2026-10-07 09:40:00;2.209
26750001;95 RUE CLAIR;Saint-Paul-lès-Romans;45.057;5.099;R;E85;3;2026-10-07 09:40:00;0.862
26750001;95 RUE CLAIR;Saint-Paul-lès-Romans;45.057;5.099;R;GPLc;4;2026-10-07 09:40:00;1.038
26750001;95 RUE CLAIR;Saint-Paul-lès-Romans;45.057;5.099;R;E10;5;2026-10-07 09:40:00;2.149
26750001;95 RUE CLAIR;Saint-Paul-lès-Romans;45.057;5.099;R;SP98;6;2026-10-07 09:40:00;2.242
26700001;CC LA CROIX D'OR;PIERRELATTE;44.37701;4.70128;R;Gazole;1;2026-10-07 10:46:18;2.299
27350003;Route de Médine;Valletot;49.371;0.629;R;Gazole;1;2026-10-07 08:11:26;2.25
27350003;Route de Médine;Valletot;49.371;0.629;R;E10;5;2026-10-07 08:11:26;1.99
27350003;Route de Médine;Valletot;49.371;0.629;R;SP98;6;2026-10-07 08:11:26;1.99
30140006;RTE D'ALES;ANDUZE;44.055;3.99;R;Gazole;1;2026-10-07 08:08:45;2.39
30140006;RTE D'ALES;ANDUZE;44.055;3.99;R;SP95;2;2026-10-07 08:08:45;2.29
30140006;RTE D'ALES;ANDUZE;44.055;3.99;R;E85;3;2026-10-07 08:08:45;0.85
36130004;RD 920;Déols;46.85027308094801;1.7074160371734999;R;Gazole;1;2026-10-07 00:01:00;2.25
36130004;RD 920;Déols;46.85027308094801;1.7074160371734999;R;E85;3;2026-10-07 00:01:00;0.902
36130004;RD 920;Déols;46.85027308094801;1.7074160371734999;R;E10;5;2026-10-07 00:01:00;1.99
36130004;RD 920;Déols;46.85027308094801;1.7074160371734999;R;SP98;6;2026-10-07 00:01:00;1.99
51140003;RN 31;JONCHERY-SUR-VESLE;49.285;3.808;R;Gazole;1;2026-10-07 10:09:00;2.328
51140003;RN 31;JONCHERY-SUR-VESLE;49.285;3.808;R;E85;3;2026-10-07 10:09:00;0.869
51140003;RN 31;JONCHERY-SUR-VESLE;49.285;3.808;R;E10;5;2026-10-07 10:09:00;2.148
51140003;RN 31;JONCHERY-SUR-VESLE;49.285;3.808;R;SP98;6;2026-10-07 10:09:00;2.241
17260001;ROUTE DE SAINTES;GEMOZAC;45.576;-0.678;R;Gazole;1;2026-10-07 09:32:42;2.289
17260001;ROUTE DE SAINTES;GEMOZAC;45.576;-0.678;R;E10;5;2026-10-07 09:32:42;2.119
17260001;ROUTE DE SAINTES;GEMOZAC;45.576;-0.678;R;SP98;6;2026-10-07 09:32:42;2.229
6230003;1280 BOULEVARD NAPOLEON 3;Villefranche-sur-Mer;43.706;7.32;R;Gazole;1;2026-10-07 00:01:00;2.25
6230003;1280 BOULEVARD NAPOLEON 3;Villefranche-sur-Mer;43.706;7.32;R;E10;5;2026-10-07 00:01:00;1.99
6230003;1280 BOULEVARD NAPOLEON 3;Villefranche-sur-Mer;43.706;7.32;R;SP98;6;2026-10-07 00:01:00;1.99
11106001;199 avenue de Bordeaux;NARBONNE;43.181;2.97;R;Gazole;1;2026-10-07 10:51:00;2.339
11106001;199 avenue de Bordeaux;NARBONNE;43.181;2.97;R;E10;5;2026-10-07 10:51:00;2.175
11106001;199 avenue de Bordeaux;NARBONNE;43.181;2.97;R;SP98;6;2026-10-07 10:51:00;2.259
26240002;31 avenue de quebec;Saint-Vallier;45.195;4.814;R;Gazole;1;2026-10-07 10:13:56;2.25
26240002;31 avenue de quebec;Saint-Vallier;45.195;4.814;R;E85;3;2026-10-07 10:13:56;0.905
26240002;31 avenue de quebec;Saint-Vallier;45.195;4.814;R;E10;5;2026-10-07 10:13:56;1.99
26240002;31 avenue de quebec;Saint-Vallier;45.195;4.814;R;SP98;6;2026-10-07 10:13:56;1.99
21130008;AVENUE GENERAL DE GAULLE;Auxonne;47.181;5.401;R;Gazole;1;2026-10-07 09:40:00;2.388
21130008;AVENUE GENERAL DE GAULLE;Auxonne;47.181;5.401;R;E10;5;2026-10-07 09:40:00;2.203
21130008;AVENUE GENERAL DE GAULLE;Auxonne;47.181;5.401;R;SP98;6;2026-10-07 09:40:00;2.312
2000011;ZAC DU CHAMP DU ROY;Laon;49.571;3.655;R;Gazole;1;2026-10-07 00:01:00;2.25
2000011;ZAC DU CHAMP DU ROY;Laon;49.571;3.655;R;E85;3;2026-10-07 00:01:00;0.889
2000011;ZAC DU CHAMP DU ROY;Laon;49.571;3.655;R;E10;5;2026-10-07 00:01:00;1.99
2000011;ZAC DU CHAMP DU ROY;Laon;49.571;3.655;R;SP98;6;2026-10-07 00:01:00;1.99
29870003;14 rue Alsace-Lorraine;Lannilis;48.573;-4.512;R;Gazole;1;2026-10-07 08:35:03;2.25
29870003;14 rue Alsace-Lorraine;Lannilis;48.573;-4.512;R;E10;5;2026-10-07 08:35:03;1.99
29870003;14 rue Alsace-Lorraine;Lannilis;48.573;-4.512;R;SP98;6;2026-10-07 08:35:03;1.99
62800001;2 Rue Marie Liétard;LIévin;50.422;2.774;R;Gazole;1;2026-10-07 08:26:00;2.273
62800001;2 Rue Marie Liétard;LIévin;50.422;2.774;R;SP95;2;2026-10-07 08:26:00;2.244
62800001;2 Rue Marie Liétard;LIévin;50.422;2.774;R;E85;3;2026-10-07 08:26:00;0.868
62800001;2 Rue Marie Liétard;LIévin;50.422;2.774;R;E10;5;2026-10-07 08:26:00;2.14
62800001;2 Rue Marie Liétard;LIévin;50.422;2.774;R;SP98;6;2026-10-07 08:26:00;2.235
65800002;Route d'Auch;ORLEIX;43.278;0.116;R;Gazole;1;2026-10-07 10:52:00;2.367
65800002;Route d'Auch;ORLEIX;43.278;0.116;R;E85;3;2026-10-07 10:52:00;0.869
65800002;Route d'Auch;ORLEIX;43.278;0.116;R;E10;5;2026-10-07 10:52:00;2.157
65800002;Route d'Auch;ORLEIX;43.278;0.116;R;SP98;6;2026-10-07 10:52:00;2.259
62370002;174 rue de Calais;SAINT-FOLQUIN;50.945;2.119;R;Gazole;1;2026-10-07 08:19:31;2.315
72240001;ROUTE DU MANS;Conlie;48.12;-0.011;R;Gazole;1;2026-10-07 07:35:48;2.345
72240001;ROUTE DU MANS;Conlie;48.12;-0.011;R;SP95;2;2026-10-07 07:35:48;2.199
72240001;ROUTE DU MANS;Conlie;48.12;-0.011;R;E10;5;2026-10-07 07:35:49;2.155
72240001;ROUTE DU MANS;Conlie;48.12;-0.011;R;SP98;6;2026-10-07 07:35:49;2.267
9000006;Route d'Espagne;Foix;42.949216138418;1.6263515913231;R;Gazole;1;2026-10-07 08:31:36;2.319
9000006;Route d'Espagne;Foix;42.949216138418;1.6263515913231;R;SP95;2;2026-10-07 08:31:36;2.249
9000006;Route d'Espagne;Foix;42.949216138418;1.6263515913231;R;E10;5;2026-10-07 08:31:37;2.179
88307001;67b, Avenue de la Division Leclerc;NEUFCHâTEAU;48.36903;5.705138100000001;R;Gazole;1;2026-10-07 08:12:00;2.369
53120001;ROUTE D AMBIERES;Gorron;48.411;-0.805;R;Gazole;1;2026-10-07 09:40:23;2.299
27110002;Route de Louviers;Le Neubourg;49.149;0.919;R;Gazole;1;2026-10-07 08:32:29;2.267
27110002;Route de Louviers;Le Neubourg;49.149;0.919;R;E10;5;2026-10-07 08:32:29;2.076
27110002;Route de Louviers;Le Neubourg;49.149;0.919;R;SP98;6;2026-10-07 08:32:29;2.185
31140010;16 AVENUE DE FRONTON;Saint-Alban;43.67109;1.42731;R;GPLc;4;2026-10-07 00:01:00;0.999
1590002;ZAC sous la Combe;LAVANCIA-EPERCY;46.325;5.672;R;Gazole;1;2026-10-07 08:32:17;2.364
1590002;ZAC sous la Combe;LAVANCIA-EPERCY;46.325;5.672;R;E10;5;2026-10-07 08:32:17;2.184
49000002;RUE DU GRAND LAUNAY;ANGERS;47.468;-0.594;R;Gazole;1;2026-10-07 08:26:00;2.355
49000002;RUE DU GRAND LAUNAY;ANGERS;47.468;-0.594;R;SP95;2;2026-10-07 08:26:00;2.191
49000002;RUE DU GRAND LAUNAY;ANGERS;47.468;-0.594;R;E85;3;2026-10-07 08:26:00;0.864
49000002;RUE DU GRAND LAUNAY;ANGERS;47.468;-0.594;R;E10;5;2026-10-07 08:26:00;2.169
49000002;RUE DU GRAND LAUNAY;ANGERS;47.468;-0.594;R;SP98;6;2026-10-07 08:26:00;2.252
51370005;75 route de reims;saint brice courcelles;49.264752;3.9898559999999996;R;Gazole;1;2026-10-07 07:45:55;2.25
51370005;75 route de reims;saint brice courcelles;49.264752;3.9898559999999996;R;E85;3;2026-10-07 07:45:55;0.901
51370005;75 route de reims;saint brice courcelles;49.264752;3.9898559999999996;R;E10;5;2026-10-07 07:45:55;1.99
77350004;Avenue Jean Monnet;BOISSISE-LA-BERTRAND;48.54;2.612;R;Gazole;1;2026-10-07 07:59:24;2.329
77350004;Avenue Jean Monnet;BOISSISE-LA-BERTRAND;48.54;2.612;R;E10;5;2026-10-07 07:59:24;2.139
77350004;Avenue Jean Monnet;BOISSISE-LA-BERTRAND;48.54;2.612;R;SP98;6;2026-10-07 07:59:24;2.259
68560001;7, rue de Bettendorf;Hirsingue;47.587;7.258;R;Gazole;1;2026-10-07 09:41:00;2.479
68560001;7, rue de Bettendorf;Hirsingue;47.587;7.258;R;SP95;2;2026-10-07 09:41:00;2.405
68560001;7, rue de Bettendorf;Hirsingue;47.587;7.258;R;E85;3;2026-10-07 09:41:00;0.887
68560001;7, rue de Bettendorf;Hirsingue;47.587;7.258;R;E10;5;2026-10-07 09:41:00;2.267
68560001;7, rue de Bettendorf;Hirsingue;47.587;7.258;R;SP98;6;2026-10-07 09:41:00;2.357
86000014;250 AVE DU 8 MAI 1945;POITIERS;46.551;0.299;R;Gazole;1;2026-10-07 08:58:50;2.324
86000014;250 AVE DU 8 MAI 1945;POITIERS;46.551;0.299;R;E10;5;2026-10-07 08:58:50;2.149
86000014;250 AVE DU 8 MAI 1945;POITIERS;46.551;0.299;R;SP98;6;2026-10-07 08:58:50;2.249
73800005;Chemin de la Caronnière;Montmélian;45.504;6.069;R;Gazole;1;2026-10-07 08:47:10;2.299
79025002;580, avenue de Paris;Niort;46.336669152692;-0.41352274430541003;R;Gazole;1;2026-10-07 09:53:19;2.244
79025002;580, avenue de Paris;Niort;46.336669152692;-0.41352274430541003;R;E10;5;2026-10-07 09:12:58;2.129
27810001;90 route de dreux;Marcilly Sur Eure;48.816919000000006;1.344276;R;Gazole;1;2026-10-07 08:55:08;2.329
27810001;90 route de dreux;Marcilly Sur Eure;48.816919000000006;1.344276;R;SP95;2;2026-10-07 08:55:08;2.249
27810001;90 route de dreux;Marcilly Sur Eure;48.816919000000006;1.344276;R;E85;3;2026-10-07 08:55:08;0.929
47510001;21 Avenue du Caoulet;Foulayronnes;44.23225;0.6387999999999799;R;Gazole;1;2026-10-07 08:19:49;2.25
76520002;Départemental RD 6014;Boos;49.389;1.2;R;Gazole;1;2026-10-07 09:09:31;2.386
76520002;Départemental RD 6014;Boos;49.389;1.2;R;SP95;2;2026-10-07 09:09:31;2.216
76520002;Départemental RD 6014;Boos;49.389;1.2;R;E10;5;2026-10-07 09:09:31;2.176
31170001;Route de Tarbes;Tournefeuille;43.57552;1.31989;R;Gazole;1;2026-10-07 09:02:56;2.429
31170001;Route de Tarbes;Tournefeuille;43.57552;1.31989;R;GPLc;4;2026-10-07 09:02:56;1.019
31170001;Route de Tarbes;Tournefeuille;43.57552;1.31989;R;E10;5;2026-10-07 09:02:56;2.199
31170001;Route de Tarbes;Tournefeuille;43.57552;1.31989;R;SP98;6;2026-10-07 09:02:56;2.319
35470004;ROUTE NATIONALE 137;Bain-de-Bretagne;47.801;-1.69;R;Gazole;1;2026-10-07 00:01:00;2.25
35470004;ROUTE NATIONALE 137;Bain-de-Bretagne;47.801;-1.69;R;E85;3;2026-10-07 00:01:00;0.999
35470004;ROUTE NATIONALE 137;Bain-de-Bretagne;47.801;-1.69;R;GPLc;4;2026-10-07 00:01:00;1.068
35470004;ROUTE NATIONALE 137;Bain-de-Bretagne;47.801;-1.69;R;E10;5;2026-10-07 00:01:00;1.99
35470004;ROUTE NATIONALE 137;Bain-de-Bretagne;47.801;-1.69;R;SP98;6;2026-10-07 00:01:00;1.99
56660001;9 Rue des Hêtres;Saint-Jean-Brévelay;47.84;-2.708;R;Gazole;1;2026-10-07 07:39:30;2.329
56660001;9 Rue des Hêtres;Saint-Jean-Brévelay;47.84;-2.708;R;SP98;6;2026-10-07 07:39:30;2.269
93290006;62-68 ROUTE DES PETITS PONTS;Tremblay-en-France;48.964;2.564;R;Gazole;1;2026-10-07 00:01:00;2.25
11590002;Place du Portail;Sallèles-d'Aude;43.25654;2.94731;R;Gazole;1;2026-10-07 06:24:45;2.38
88550001;ZA LES SAVRONS;POUXEUX;48.11;6.573;R;Gazole;1;2026-10-07 10:13:13;2.378
88550001;ZA LES SAVRONS;POUXEUX;48.11;6.573;R;E85;3;2026-10-07 10:13:13;0.879
88550001;ZA LES SAVRONS;POUXEUX;48.11;6.573;R;E10;5;2026-10-07 10:13:13;2.198
88550001;ZA LES SAVRONS;POUXEUX;48.11;6.573;R;SP98;6;2026-10-07 10:13:14;2.318
51160002;ROUTE D'EPERNAY;AY;49.054;4.004;R;Gazole;1;2026-10-07 10:09:00;2.364
51160002;ROUTE D'EPERNAY;AY;49.054;4.004;R;E10;5;2026-10-07 10:09:00;2.144
51160002;ROUTE D'EPERNAY;AY;49.054;4.004;R;SP98;6;2026-10-07 10:09:00;2.248
30000011;ROUTE D'AVIGNON;NIMES;43.85628;4.4032;R;Gazole;1;2026-10-07 08:57:32;2.36
30000011;ROUTE D'AVIGNON;NIMES;43.85628;4.4032;R;E10;5;2026-10-07 08:57:32;2.187
23140003;ROUTE NATIONALE 145 - AIRE DE PARSAC;PARSAC;46.1961564503;2.18365471322;R;E85;3;2026-10-07 00:01:00;0.905
23140003;ROUTE NATIONALE 145 - AIRE DE PARSAC;PARSAC;46.1961564503;2.18365471322;R;GPLc;4;2026-10-07 00:01:00;0.989
23140003;ROUTE NATIONALE 145 - AIRE DE PARSAC;PARSAC;46.1961564503;2.18365471322;R;SP98;6;2026-10-07 00:01:00;1.99
65000007;1 rue Jean Perrin;TARBES;43.22;0.08;R;Gazole;1;2026-10-07 10:53:00;2.367
65000007;1 rue Jean Perrin;TARBES;43.22;0.08;R;SP95;2;2026-10-07 10:53:00;2.207
65000007;1 rue Jean Perrin;TARBES;43.22;0.08;R;E85;3;2026-10-07 10:53:00;0.968
65000007;1 rue Jean Perrin;TARBES;43.22;0.08;R;E10;5;2026-10-07 10:53:00;2.165
65000007;1 rue Jean Perrin;TARBES;43.22;0.08;R;SP98;6;2026-10-07 10:53:00;2.259
90000014;3 rue de Besançon;BELFORT;47.626;6.86;R;E10;5;2026-10-07 10:23:54;1.99
62560003;500 AVENUE ROLAND HUGUET;Fauquembergues;50.598;2.096;R;Gazole;1;2026-10-07 08:27:46;2.319
62560003;500 AVENUE ROLAND HUGUET;Fauquembergues;50.598;2.096;R;E10;5;2026-10-07 08:27:46;2.159
62560003;500 AVENUE ROLAND HUGUET;Fauquembergues;50.598;2.096;R;SP98;6;2026-10-07 08:27:46;2.199
44600007;Le Point du Jour;SAINT-NAZAIRE;47.29;-2.257;R;Gazole;1;2026-10-07 10:00:00;2.335
44600007;Le Point du Jour;SAINT-NAZAIRE;47.29;-2.257;R;E85;3;2026-10-07 10:00:00;0.848
44600007;Le Point du Jour;SAINT-NAZAIRE;47.29;-2.257;R;GPLc;4;2026-10-07 10:00:00;0.938
44600007;Le Point du Jour;SAINT-NAZAIRE;47.29;-2.257;R;E10;5;2026-10-07 10:00:00;2.151
44600007;Le Point du Jour;SAINT-NAZAIRE;47.29;-2.257;R;SP98;6;2026-10-07 10:00:00;2.231
77100015;Avenue de la Foulée;Nanteuil-lès-Meaux;48.93756;2.8801;R;Gazole;1;2026-10-07 07:50:14;2.371
77100015;Avenue de la Foulée;Nanteuil-lès-Meaux;48.93756;2.8801;R;E10;5;2026-10-07 07:50:14;2.166
77100015;Avenue de la Foulée;Nanteuil-lès-Meaux;48.93756;2.8801;R;SP98;6;2026-10-07 07:50:14;2.266
85000008;Rte de la Tranche;LA ROCHE-SUR-YON;46.646;-1.435;R;Gazole;1;2026-10-07 10:01:00;2.298
85000008;Rte de la Tranche;LA ROCHE-SUR-YON;46.646;-1.435;R;E10;5;2026-10-07 10:01:00;2.115
85000008;Rte de la Tranche;LA ROCHE-SUR-YON;46.646;-1.435;R;SP98;6;2026-10-07 10:01:00;2.221
88400006;60 Boulevard Kelsch;Gérardmer;48.0749562;6.883139;R;Gazole;1;2026-10-07 07:40:59;2.429
88400006;60 Boulevard Kelsch;Gérardmer;48.0749562;6.883139;R;SP95;2;2026-10-07 07:40:59;2.29
88400006;60 Boulevard Kelsch;Gérardmer;48.0749562;6.883139;R;SP98;6;2026-10-07 07:40:59;2.334
69200008;Rue Charles BAUDELAIRE;Vénissieux;45.717;4.86;R;Gazole;1;2026-10-07 08:32:34;2.31
67350004;1 grand Rue;Niedermodern;48.847;7.624;R;Gazole;1;2026-10-07 10:31:50;2.529
67350004;1 grand Rue;Niedermodern;48.847;7.624;R;E10;5;2026-10-07 10:31:50;2.289
67350004;1 grand Rue;Niedermodern;48.847;7.624;R;SP98;6;2026-10-07 10:31:50;2.399
26400010;Zac de la Condamine - Rue Commandant Hélie Denoix de St Marc;Crest;44.738147023824;5.0045973767269;R;Gazole;1;2026-10-07 09:39:10;2.299
26400010;Zac de la Condamine - Rue Commandant Hélie Denoix de St Marc;Crest;44.738147023824;5.0045973767269;R;E10;5;2026-10-07 09:39:10;2.159
1130003;RTE DE LA CLUSE RN 84;NANTUA;46.158;5.604;R;Gazole;1;2026-10-07 00:01:00;2.25
1130003;RTE DE LA CLUSE RN 84;NANTUA;46.158;5.604;R;E85;3;2026-10-07 00:01:00;0.913
1130003;RTE DE LA CLUSE RN 84;NANTUA;46.158;5.604;R;E10;5;2026-10-07 00:01:00;1.99
1130003;RTE DE LA CLUSE RN 84;NANTUA;46.158;5.604;R;SP98;6;2026-10-07 00:01:00;1.99
77130008;route du bréau;VARENNES-SUR-SEINE;48.375;2.943;R;Gazole;1;2026-10-07 10:07:00;2.378
77130008;route du bréau;VARENNES-SUR-SEINE;48.375;2.943;R;E85;3;2026-10-07 10:07:00;0.859
77130008;route du bréau;VARENNES-SUR-SEINE;48.375;2.943;R;E10;5;2026-10-07 10:07:00;2.145
77130008;route du bréau;VARENNES-SUR-SEINE;48.375;2.943;R;SP98;6;2026-10-07 10:07:00;2.257
49630004;Les Hautes Chaîntres;MAZé;47.456;-0.274;R;Gazole;1;2026-10-07 08:40:01;2.299
49630004;Les Hautes Chaîntres;MAZé;47.456;-0.274;R;SP98;6;2026-10-07 08:38:07;2.249
46100002;Le Couquet CAPDENAC LE HAUT;FIGEAC;44.595;2.062;R;Gazole;1;2026-10-07 10:51:00;2.299
46100002;Le Couquet CAPDENAC LE HAUT;FIGEAC;44.595;2.062;R;E85;3;2026-10-07 10:51:00;0.888
46100002;Le Couquet CAPDENAC LE HAUT;FIGEAC;44.595;2.062;R;GPLc;4;2026-10-07 10:51:00;1.174
46100002;Le Couquet CAPDENAC LE HAUT;FIGEAC;44.595;2.062;R;E10;5;2026-10-07 10:51:00;2.191
46100002;Le Couquet CAPDENAC LE HAUT;FIGEAC;44.595;2.062;R;SP98;6;2026-10-07 10:51:00;2.268
62980001;5, place de la République;VERMELLES;50.487;2.746;R;Gazole;1;2026-10-07 08:18:22;2.289
62980001;5, place de la République;VERMELLES;50.487;2.746;R;E10;5;2026-10-07 08:18:23;2.126
62980001;5, place de la République;VERMELLES;50.487;2.746;R;SP98;6;2026-10-07 08:18:23;2.229
27930008;44 BIS AVENUE ARISTIDE BRIAND;GRAVIGNY;49.044;1.161;R;Gazole;1;2026-10-07 00:01:00;2.25
27930008;44 BIS AVENUE ARISTIDE BRIAND;GRAVIGNY;49.044;1.161;R;E85;3;2026-10-07 00:01:00;0.895
27930008;44 BIS AVENUE ARISTIDE BRIAND;GRAVIGNY;49.044;1.161;R;E10;5;2026-10-07 00:01:00;1.99
27930008;44 BIS AVENUE ARISTIDE BRIAND;GRAVIGNY;49.044;1.161;R;SP98;6;2026-10-07 00:01:00;1.99
84330004;ROUTE DE BEDOIN;Saint-Pierre-de-Vassols;44.096798967498;5.1409751479881;R;Gazole;1;2026-10-07 07:43:00;2.319
84330004;ROUTE DE BEDOIN;Saint-Pierre-de-Vassols;44.096798967498;5.1409751479881;R;E10;5;2026-10-07 07:43:00;2.189
84330004;ROUTE DE BEDOIN;Saint-Pierre-de-Vassols;44.096798967498;5.1409751479881;R;SP98;6;2026-10-07 07:43:00;2.295
5100004;CENTRE COMMERCIAL SUD;BRIANCON;44.882;6.623;R;Gazole;1;2026-10-07 07:30:03;2.39
5100004;CENTRE COMMERCIAL SUD;BRIANCON;44.882;6.623;R;E85;3;2026-10-07 07:30:03;0.933
5100004;CENTRE COMMERCIAL SUD;BRIANCON;44.882;6.623;R;E10;5;2026-10-07 07:30:03;2.201
5100004;CENTRE COMMERCIAL SUD;BRIANCON;44.882;6.623;R;SP98;6;2026-10-07 07:30:03;2.305
31270004;34 Rue de la Vimona;CUGNAUX;43.529;1.35;R;Gazole;1;2026-10-07 09:00:00;2.285
31270004;34 Rue de la Vimona;CUGNAUX;43.529;1.35;R;SP95;2;2026-10-07 09:00:00;2.199
31270004;34 Rue de la Vimona;CUGNAUX;43.529;1.35;R;E10;5;2026-10-07 09:00:00;2.135
13320010;687Avenue de Violèsi;Bouc Bel Air;43.441;5.398;R;Gazole;1;2026-10-07 07:52:06;2.319
13320010;687Avenue de Violèsi;Bouc Bel Air;43.441;5.398;R;E85;3;2026-10-07 07:52:07;0.849
13320010;687Avenue de Violèsi;Bouc Bel Air;43.441;5.398;R;E10;5;2026-10-07 07:52:07;2.143
13320010;687Avenue de Violèsi;Bouc Bel Air;43.441;5.398;R;SP98;6;2026-10-07 07:52:07;2.243
38140001;151 RUE DE LA CHARTREUSE;RIVES;45.358;5.493;R;Gazole;1;2026-10-07 08:33:26;2.379
38140001;151 RUE DE LA CHARTREUSE;RIVES;45.358;5.493;R;E10;5;2026-10-07 08:33:26;2.169
38140001;151 RUE DE LA CHARTREUSE;RIVES;45.358;5.493;R;SP98;6;2026-10-07 08:33:26;2.309
60700002;783 Rue Pasteur;Pont-Sainte-Maxence;49.306285410005;2.5930277243297;R;Gazole;1;2026-10-07 06:20:37;2.39
60700002;783 Rue Pasteur;Pont-Sainte-Maxence;49.306285410005;2.5930277243297;R;SP95;2;2026-10-07 06:20:37;2.228
60700002;783 Rue Pasteur;Pont-Sainte-Maxence;49.306285410005;2.5930277243297;R;E10;5;2026-10-07 06:20:37;2.2
60700002;783 Rue Pasteur;Pont-Sainte-Maxence;49.306285410005;2.5930277243297;R;SP98;6;2026-10-07 06:20:37;2.28
8000001;1 rue Paulin Richier;CHARLEVILLE-MéZIèRES;49.739;4.707;R;Gazole;1;2026-10-07 08:26:00;2.399
8000001;1 rue Paulin Richier;CHARLEVILLE-MéZIèRES;49.739;4.707;R;SP95;2;2026-10-07 08:26:00;2.261
8000001;1 rue Paulin Richier;CHARLEVILLE-MéZIèRES;49.739;4.707;R;E85;3;2026-10-07 08:26:00;0.855
8000001;1 rue Paulin Richier;CHARLEVILLE-MéZIèRES;49.739;4.707;R;E10;5;2026-10-07 08:26:00;2.199
58300004;Route de Champvert;DECIZE;46.836;3.472;R;Gazole;1;2026-10-07 10:00:40;2.369
58300004;Route de Champvert;DECIZE;46.836;3.472;R;E85;3;2026-10-07 10:00:40;0.879
59520003;Rue des moissons (ZAC DU TOUQUET);Marquette-lez-Lille;50.681275113008006;3.0623629318275;R;Gazole;1;2026-10-07 08:02:36;2.309
59520003;Rue des moissons (ZAC DU TOUQUET);Marquette-lez-Lille;50.681275113008006;3.0623629318275;R;E10;5;2026-10-07 08:02:36;2.109
75013022;27 AVENUE DE LA PORTE D'ITALIE;Paris;48.817;2.36;R;Gazole;1;2026-10-07 00:01:00;2.25
75013022;27 AVENUE DE LA PORTE D'ITALIE;Paris;48.817;2.36;R;E10;5;2026-10-07 00:01:00;1.99
75013022;27 AVENUE DE LA PORTE D'ITALIE;Paris;48.817;2.36;R;SP98;6;2026-10-07 00:01:00;1.99
67810001;20 Rue Joseph Graff;HOLTZHEIM;48.563;7.652;R;Gazole;1;2026-10-07 09:40:00;2.469
67810001;20 Rue Joseph Graff;HOLTZHEIM;48.563;7.652;R;E10;5;2026-10-07 09:40:00;2.345
69210008;RUE CLAUDE TERRASSE;L'Arbresle;45.842;4.607;R;E85;3;2026-10-07 08:54:55;0.919
83000012;322 AV.LE BELLEGOU RODE;TOULON;43.1177114581;5.94101238436;R;Gazole;1;2026-10-07 00:01:00;2.25
83000012;322 AV.LE BELLEGOU RODE;TOULON;43.1177114581;5.94101238436;R;GPLc;4;2026-10-07 00:01:00;0.999
83000012;322 AV.LE BELLEGOU RODE;TOULON;43.1177114581;5.94101238436;R;E10;5;2026-10-07 00:01:00;1.99
83000012;322 AV.LE BELLEGOU RODE;TOULON;43.1177114581;5.94101238436;R;SP98;6;2026-10-07 00:01:00;1.99
72000001;2 Rue de Bonnétable;LE MANS;48.017;0.219;R;Gazole;1;2026-10-07 10:55:39;2.409
72000001;2 Rue de Bonnétable;LE MANS;48.017;0.219;R;E10;5;2026-10-07 10:55:39;2.149
72000001;2 Rue de Bonnétable;LE MANS;48.017;0.219;R;SP98;6;2026-10-07 10:55:39;2.259
13260002;QUARTIER STE CROIX;CASSIS;43.217;5.546;R;Gazole;1;2026-10-07 00:01:00;2.25
13260002;QUARTIER STE CROIX;CASSIS;43.217;5.546;R;E85;3;2026-10-07 00:01:00;0.911
13260002;QUARTIER STE CROIX;CASSIS;43.217;5.546;R;E10;5;2026-10-07 00:01:00;1.99
35000017;202 ROUTE DE LORIENT;RENNES;48.107;-1.726;R;Gazole;1;2026-10-07 10:17:58;2.25
35000017;202 ROUTE DE LORIENT;RENNES;48.107;-1.726;R;GPLc;4;2026-10-07 10:17:58;0.934
35000017;202 ROUTE DE LORIENT;RENNES;48.107;-1.726;R;E10;5;2026-10-07 10:17:58;1.99
35000017;202 ROUTE DE LORIENT;RENNES;48.107;-1.726;R;SP98;6;2026-10-07 10:17:58;1.99
49600001;LE PLANTY;BEAUPRéAU;47.211;-0.984;R;Gazole;1;2026-10-07 09:00:13;2.329
49600001;LE PLANTY;BEAUPRéAU;47.211;-0.984;R;E85;3;2026-10-07 08:45:00;0.879
71100022;27 rue charles dumoulin;LUX;46.752;4.849;R;Gazole;1;2026-10-07 08:42:40;2.303
71100022;27 rue charles dumoulin;LUX;46.752;4.849;R;SP95;2;2026-10-07 08:42:40;2.24
71100022;27 rue charles dumoulin;LUX;46.752;4.849;R;E10;5;2026-10-07 08:42:40;2.188
71100022;27 rue charles dumoulin;LUX;46.752;4.849;R;SP98;6;2026-10-07 08:42:40;2.29
56300005;AVENUE DES CITES UNIES;PONTIVY;48.053178995;-2.95900321221;R;Gazole;1;2026-10-07 08:27:32;2.309
64200009;80, AVENUE DE LA MARNE;BIARRITZ;43.482;-1.543;R;Gazole;1;2026-10-07 00:01:00;2.25
84601001;Route de Nyons;Valréas;44.386;5.007;R;Gazole;1;2026-10-07 09:05:25;2.348
84601001;Route de Nyons;Valréas;44.386;5.007;R;E85;3;2026-10-07 09:05:26;0.858
84601001;Route de Nyons;Valréas;44.386;5.007;R;GPLc;4;2026-10-07 09:05:26;1.041
84601001;Route de Nyons;Valréas;44.386;5.007;R;E10;5;2026-10-07 09:05:26;2.188
84601001;Route de Nyons;Valréas;44.386;5.007;R;SP98;6;2026-10-07 09:05:26;2.268
34700005;la méridienne - Autouroute A75 - sortie 54;Le Bosc;43.688;3.356;R;Gazole;1;2026-10-07 01:19:00;2.349
34700005;la méridienne - Autouroute A75 - sortie 54;Le Bosc;43.688;3.356;R;SP95;2;2026-10-07 01:19:00;2.279
34700005;la méridienne - Autouroute A75 - sortie 54;Le Bosc;43.688;3.356;R;GPLc;4;2026-10-07 01:19:00;1.059
34700005;la méridienne - Autouroute A75 - sortie 54;Le Bosc;43.688;3.356;R;E10;5;2026-10-07 01:19:00;2.189
34700005;la méridienne - Autouroute A75 - sortie 54;Le Bosc;43.688;3.356;R;SP98;6;2026-10-07 01:19:00;2.285
16160001;Route de Paris;GOND-PONTOUVRE;45.682671292636996;0.17728895022000002;R;Gazole;1;2026-10-07 08:31:07;2.379
16160001;Route de Paris;GOND-PONTOUVRE;45.682671292636996;0.17728895022000002;R;E85;3;2026-10-07 08:31:08;0.884
16160001;Route de Paris;GOND-PONTOUVRE;45.682671292636996;0.17728895022000002;R;GPLc;4;2026-10-07 08:31:08;1.087
16160001;Route de Paris;GOND-PONTOUVRE;45.682671292636996;0.17728895022000002;R;E10;5;2026-10-07 08:31:08;2.198
16160001;Route de Paris;GOND-PONTOUVRE;45.682671292636996;0.17728895022000002;R;SP98;6;2026-10-07 08:31:08;2.315
49000013;BD CH.BARANGE;ANGERS;47.458;-0.573;R;GPLc;4;2026-10-07 00:01:00;0.979
17800004;Route de Coudenne;PONS;45.579;-0.558;R;Gazole;1;2026-10-07 09:04:01;2.295
17800004;Route de Coudenne;PONS;45.579;-0.558;R;E85;3;2026-10-07 09:04:01;0.859
17800004;Route de Coudenne;PONS;45.579;-0.558;R;E10;5;2026-10-07 09:04:02;2.125
17800004;Route de Coudenne;PONS;45.579;-0.558;R;SP98;6;2026-10-07 09:04:02;2.229
50500001;Route de Saint-Côme;CARENTAN;49.30901239;-1.25428308;R;Gazole;1;2026-10-07 07:18:03;2.25
50500001;Route de Saint-Côme;CARENTAN;49.30901239;-1.25428308;R;E85;3;2026-10-07 07:18:03;0.911
50500001;Route de Saint-Côme;CARENTAN;49.30901239;-1.25428308;R;GPLc;4;2026-10-07 07:18:03;1.01
77760003;AIRE DE ACHERES LA FORET OUEST A6;Achères-la-Forêt;48.3615736;2.5730022;A;Gazole;1;2026-10-07 09:58:03;2.455
77760003;AIRE DE ACHERES LA FORET OUEST A6;Achères-la-Forêt;48.3615736;2.5730022;A;E10;5;2026-10-07 09:58:03;2.259
77760003;AIRE DE ACHERES LA FORET OUEST A6;Achères-la-Forêt;48.3615736;2.5730022;A;SP98;6;2026-10-07 09:58:03;2.359
26600007;route de Romans;TAIN-L'HERMITAGE;45.068632052999995;4.86562184044;R;Gazole;1;2026-10-07 08:45:20;2.335
26600007;route de Romans;TAIN-L'HERMITAGE;45.068632052999995;4.86562184044;R;E10;5;2026-10-07 08:45:20;2.146
26600007;route de Romans;TAIN-L'HERMITAGE;45.068632052999995;4.86562184044;R;SP98;6;2026-10-07 08:45:20;2.266
46500003;route de Brive;Gramat;44.787;1.72;R;Gazole;1;2026-10-07 10:51:00;2.349
46500003;route de Brive;Gramat;44.787;1.72;R;SP95;2;2026-10-07 10:51:00;2.239
46500003;route de Brive;Gramat;44.787;1.72;R;E85;3;2026-10-07 10:51:00;0.867
46500003;route de Brive;Gramat;44.787;1.72;R;E10;5;2026-10-07 10:51:00;2.138
46500003;route de Brive;Gramat;44.787;1.72;R;SP98;6;2026-10-07 10:51:00;2.247
44110005;Rue des 27 Otages;CHâTEAUBRIANT;47.719;-1.364;R;Gazole;1;2026-10-07 10:24:37;2.413
64270005;865 RD 817;PUYOO;43.527;-0.917;R;Gazole;1;2026-10-07 10:50:00;2.328
64270005;865 RD 817;PUYOO;43.527;-0.917;R;E85;3;2026-10-07 10:50:00;0.878
64270005;865 RD 817;PUYOO;43.527;-0.917;R;E10;5;2026-10-07 10:50:00;2.138
64110004;Avenue du Général de Gaulle;Mazères-Lezons;43.279;-0.361;R;Gazole;1;2026-10-07 10:53:00;2.362
64110004;Avenue du Général de Gaulle;Mazères-Lezons;43.279;-0.361;R;E85;3;2026-10-07 10:53:00;0.848
64110004;Avenue du Général de Gaulle;Mazères-Lezons;43.279;-0.361;R;GPLc;4;2026-10-07 10:53:00;1.106
64110004;Avenue du Général de Gaulle;Mazères-Lezons;43.279;-0.361;R;E10;5;2026-10-07 10:53:00;2.118
64110004;Avenue du Général de Gaulle;Mazères-Lezons;43.279;-0.361;R;SP98;6;2026-10-07 10:53:00;2.275
24430001;Av LOUIS SUDER;MARSAC-SUR-L'ISLE;45.194;0.66;R;Gazole;1;2026-10-07 09:41:23;2.319
24430001;Av LOUIS SUDER;MARSAC-SUR-L'ISLE;45.194;0.66;R;E85;3;2026-10-07 09:41:23;0.866
24430001;Av LOUIS SUDER;MARSAC-SUR-L'ISLE;45.194;0.66;R;GPLc;4;2026-10-07 09:41:23;0.999
24430001;Av LOUIS SUDER;MARSAC-SUR-L'ISLE;45.194;0.66;R;E10;5;2026-10-07 09:41:23;2.115
24430001;Av LOUIS SUDER;MARSAC-SUR-L'ISLE;45.194;0.66;R;SP98;6;2026-10-07 09:41:23;2.224
35770006;18 rue du Champ Martin;Vern-sur-Seiche;48.055;-1.611;R;GPLc;4;2026-10-07 00:01:00;0.944
35770006;18 rue du Champ Martin;Vern-sur-Seiche;48.055;-1.611;R;E10;5;2026-10-07 00:01:00;1.99
6130010;QUARTIER MOULIN DE BRUN RD.4;GRASSE;43.654;6.943;R;Gazole;1;2026-10-07 00:01:00;2.25
6130010;QUARTIER MOULIN DE BRUN RD.4;GRASSE;43.654;6.943;R;E10;5;2026-10-07 00:01:00;1.99
27130005;RN12 Route de Montagne;VERNEUIL-SUR-AVRE;48.733;0.921;R;Gazole;1;2026-10-07 08:40:37;2.319
27130005;RN12 Route de Montagne;VERNEUIL-SUR-AVRE;48.733;0.921;R;E10;5;2026-10-07 08:40:38;2.149
27130005;RN12 Route de Montagne;VERNEUIL-SUR-AVRE;48.733;0.921;R;SP98;6;2026-10-07 08:40:38;2.229
62630004;CD 940;Étaples-sur-Mer;50.526;1.628;R;Gazole;1;2026-10-07 10:06:00;2.328
62630004;CD 940;Étaples-sur-Mer;50.526;1.628;R;E85;3;2026-10-07 10:06:00;0.863
62630004;CD 940;Étaples-sur-Mer;50.526;1.628;R;GPLc;4;2026-10-07 10:06:00;0.999
62630004;CD 940;Étaples-sur-Mer;50.526;1.628;R;E10;5;2026-10-07 10:06:00;2.144
62630004;CD 940;Étaples-sur-Mer;50.526;1.628;R;SP98;6;2026-10-07 10:06:00;2.277
29200017;BOULEVARD DE L'EUROPE;BREST;48.413;-4.49;R;Gazole;1;2026-10-07 09:44:15;2.25
29200017;BOULEVARD DE L'EUROPE;BREST;48.413;-4.49;R;GPLc;4;2026-10-07 10:10:08;0.984
40370003;241 Avenue d'Albret;Rion-des-Landes;43.918;-0.916;R;Gazole;1;2026-10-07 10:51:00;2.349
40370003;241 Avenue d'Albret;Rion-des-Landes;43.918;-0.916;R;E85;3;2026-10-07 10:51:00;0.869
40370003;241 Avenue d'Albret;Rion-des-Landes;43.918;-0.916;R;E10;5;2026-10-07 10:51:00;2.119
40370003;241 Avenue d'Albret;Rion-des-Landes;43.918;-0.916;R;SP98;6;2026-10-07 10:51:00;2.269
12400001;Lotissement de Vaxergues;SAINT-AFFRIQUE;43.958;2.87;R;Gazole;1;2026-10-07 09:45:20;2.323
12400001;Lotissement de Vaxergues;SAINT-AFFRIQUE;43.958;2.87;R;SP98;6;2026-10-07 09:45:20;2.148
35410001;CC UNIVER ,Le Petit Launay;CHâTEAUGIRON;48.04001142;-1.51804699;R;Gazole;1;2026-10-07 07:36:24;2.29
35410001;CC UNIVER ,Le Petit Launay;CHâTEAUGIRON;48.04001142;-1.51804699;R;E85;3;2026-10-07 08:14:11;0.825
35410001;CC UNIVER ,Le Petit Launay;CHâTEAUGIRON;48.04001142;-1.51804699;R;E10;5;2026-10-07 08:14:11;2.119
31130007;Lieu dit MOUSSARD  Route de Castres;FLOURENS;43.588337374;1.5782397856300001;R;Gazole;1;2026-10-07 07:29:42;2.329
31130007;Lieu dit MOUSSARD  Route de Castres;FLOURENS;43.588337374;1.5782397856300001;R;E10;5;2026-10-07 07:29:42;2.199
95100029;141 Av. de la Division Leclerc;SARCELLES;48.983615089971;2.36997124557;R;GPLc;4;2026-10-07 09:20:34;0.986
95100029;141 Av. de la Division Leclerc;SARCELLES;48.983615089971;2.36997124557;R;SP98;6;2026-10-07 09:20:34;2.278
68150003;12 Rue de l'Industrie;Ribeauvillé;48.192;7.338;R;Gazole;1;2026-10-07 08:57:24;2.379
68150003;12 Rue de l'Industrie;Ribeauvillé;48.192;7.338;R;SP95;2;2026-10-07 08:57:24;2.229
79100001;BD PORT GENTIL;THOUARS;46.97762;-0.19815;R;Gazole;1;2026-10-07 08:35:52;2.332
79100001;BD PORT GENTIL;THOUARS;46.97762;-0.19815;R;E10;5;2026-10-07 08:35:52;2.149
79100001;BD PORT GENTIL;THOUARS;46.97762;-0.19815;R;SP98;6;2026-10-07 08:35:52;2.235
67600009;1 rue des tisserands;Hilsenheim;48.281;7.555;R;Gazole;1;2026-10-07 09:40:00;2.479
67600009;1 rue des tisserands;Hilsenheim;48.281;7.555;R;SP95;2;2026-10-07 09:40:00;2.296
67600009;1 rue des tisserands;Hilsenheim;48.281;7.555;R;E10;5;2026-10-07 09:40:00;2.262
67603001;Allée Westrich;Sélestat;48.281;7.462;R;Gazole;1;2026-10-07 09:41:00;2.509
67603001;Allée Westrich;Sélestat;48.281;7.462;R;GPLc;4;2026-10-07 09:41:00;0.998
67603001;Allée Westrich;Sélestat;48.281;7.462;R;E10;5;2026-10-07 09:41:00;2.277
67603001;Allée Westrich;Sélestat;48.281;7.462;R;SP98;6;2026-10-07 09:41:00;2.396
77000013;27 BIS AVENUE DU GENERAL LECLERC;LA ROCHETTE;48.5228144311;2.65389046258;R;Gazole;1;2026-10-07 00:01:00;2.25
28130002;Route de Gallardon;HANCHES;48.593;1.678;R;Gazole;1;2026-10-07 08:40:00;2.267
28130002;Route de Gallardon;HANCHES;48.593;1.678;R;SP95;2;2026-10-07 08:40:00;2.125
28130002;Route de Gallardon;HANCHES;48.593;1.678;R;E85;3;2026-10-07 08:40:00;0.859
28130002;Route de Gallardon;HANCHES;48.593;1.678;R;GPLc;4;2026-10-07 08:40:00;0.999
28130002;Route de Gallardon;HANCHES;48.593;1.678;R;E10;5;2026-10-07 08:40:00;2.107
28130002;Route de Gallardon;HANCHES;48.593;1.678;R;SP98;6;2026-10-07 08:40:00;2.188
61200001;1 rue de Champagne;ARGENTAN;48.749;-0.027;R;Gazole;1;2026-10-07 09:09:58;2.418
61200001;1 rue de Champagne;ARGENTAN;48.749;-0.027;R;E10;5;2026-10-07 09:09:58;2.199
61200001;1 rue de Champagne;ARGENTAN;48.749;-0.027;R;SP98;6;2026-10-07 09:09:59;2.264
34250003;PONT DES 4 CANAUX - RD 986;Palavas-les-Flots;43.529;3.931;R;Gazole;1;2026-10-07 00:01:00;2.25
34250003;PONT DES 4 CANAUX - RD 986;Palavas-les-Flots;43.529;3.931;R;E10;5;2026-10-07 00:01:00;1.99
53061001;60, avenue de la Comm. Européenne;LAVAL;48.056;-0.736;R;Gazole;1;2026-10-07 10:00:00;2.339
53061001;60, avenue de la Comm. Européenne;LAVAL;48.056;-0.736;R;E85;3;2026-10-07 10:00:00;0.879
53061001;60, avenue de la Comm. Européenne;LAVAL;48.056;-0.736;R;E10;5;2026-10-07 10:00:00;2.139
53061001;60, avenue de la Comm. Européenne;LAVAL;48.056;-0.736;R;SP98;6;2026-10-07 10:00:00;2.229
84810002;avenue Majoral Jouve;aubignan;44.0920453;5.0296613;R;Gazole;1;2026-10-07 08:32:04;2.289
37300004;42 rue de la Gitonnière;Joué-lès-Tours;47.338;0.657;R;Gazole;1;2026-10-07 11:00:46;2.315
37300004;42 rue de la Gitonnière;Joué-lès-Tours;47.338;0.657;R;E10;5;2026-10-07 11:00:46;2.139
37300004;42 rue de la Gitonnière;Joué-lès-Tours;47.338;0.657;R;SP98;6;2026-10-07 11:00:46;2.259
68000019;10 RTE DE STRASBOURG;COLMAR;48.091;7.366;R;GPLc;4;2026-10-07 09:22:41;0.989
68000019;10 RTE DE STRASBOURG;COLMAR;48.091;7.366;R;E10;5;2026-10-07 09:22:41;1.99
50400001;ZI RN 24 BIS;Granville;48.841;-1.577;R;Gazole;1;2026-10-07 08:39:50;2.25
50400001;ZI RN 24 BIS;Granville;48.841;-1.577;R;E10;5;2026-10-07 08:39:50;1.99
50400001;ZI RN 24 BIS;Granville;48.841;-1.577;R;SP98;6;2026-10-07 08:39:50;1.99
12510001;le lachet;Olemps;44.325;2.558;R;Gazole;1;2026-10-07 08:00:00;2.299
46400002;1125 avenue Charles de Gaulle;SAINT-LAURENT-LES-TOURS;44.867;1.887;R;Gazole;1;2026-10-07 10:51:00;2.318
46400002;1125 avenue Charles de Gaulle;SAINT-LAURENT-LES-TOURS;44.867;1.887;R;SP95;2;2026-10-07 10:51:00;2.239
46400002;1125 avenue Charles de Gaulle;SAINT-LAURENT-LES-TOURS;44.867;1.887;R;E10;5;2026-10-07 10:51:00;2.118
46400002;1125 avenue Charles de Gaulle;SAINT-LAURENT-LES-TOURS;44.867;1.887;R;SP98;6;2026-10-07 10:51:00;2.247
35360001;58 Rue de Rennes;MONTAUBAN-DE-BRETAGNE;48.197;-2.039;R;Gazole;1;2026-10-07 08:08:47;2.329
35360001;58 Rue de Rennes;MONTAUBAN-DE-BRETAGNE;48.197;-2.039;R;SP95;2;2026-10-07 08:08:48;2.189
35360001;58 Rue de Rennes;MONTAUBAN-DE-BRETAGNE;48.197;-2.039;R;E10;5;2026-10-07 08:08:48;2.129
83140001;Avenue de la Mer;SIX-FOURS-LES-PLAGES;43.103;5.821;R;Gazole;1;2026-10-07 09:02:55;2.26
34980001;ROUTE DE GANGES;SAINT-CLéMENT-DE-RIVIèRE;43.6443;3.84361;R;Gazole;1;2026-10-07 08:26:00;2.342
34980001;ROUTE DE GANGES;SAINT-CLéMENT-DE-RIVIèRE;43.6443;3.84361;R;SP95;2;2026-10-07 08:26:00;2.196
34980001;ROUTE DE GANGES;SAINT-CLéMENT-DE-RIVIèRE;43.6443;3.84361;R;E85;3;2026-10-07 08:26:00;0.88
34980001;ROUTE DE GANGES;SAINT-CLéMENT-DE-RIVIèRE;43.6443;3.84361;R;E10;5;2026-10-07 08:26:00;2.149
34980001;ROUTE DE GANGES;SAINT-CLéMENT-DE-RIVIèRE;43.6443;3.84361;R;SP98;6;2026-10-07 08:26:00;2.264
13014001;AVENUE PROSPER MERIMEE;MARSEILLE;43.329;5.401;R;Gazole;1;2026-10-07 08:06:07;2.31
13014001;AVENUE PROSPER MERIMEE;MARSEILLE;43.329;5.401;R;SP95;2;2026-10-07 08:06:07;2.195
13014001;AVENUE PROSPER MERIMEE;MARSEILLE;43.329;5.401;R;E10;5;2026-10-07 08:06:07;2.15
13014001;AVENUE PROSPER MERIMEE;MARSEILLE;43.329;5.401;R;SP98;6;2026-10-07 08:06:07;2.255
62300013;ZUP LENS GRANDE RESIDENCE;LENS;50.443434761834;2.8312583134527;R;Gazole;1;2026-10-07 00:01:00;2.25
62300013;ZUP LENS GRANDE RESIDENCE;LENS;50.443434761834;2.8312583134527;R;E10;5;2026-10-07 00:01:00;1.99
33340003;RD 1215 Centre Commercial Terre Rouge;LESPARRE-MéDOC;45.289;-0.924;R;Gazole;1;2026-10-07 08:30:00;2.307
33340003;RD 1215 Centre Commercial Terre Rouge;LESPARRE-MéDOC;45.289;-0.924;R;E85;3;2026-10-07 08:30:00;0.828
33340003;RD 1215 Centre Commercial Terre Rouge;LESPARRE-MéDOC;45.289;-0.924;R;E10;5;2026-10-07 08:30:00;2.135
33340003;RD 1215 Centre Commercial Terre Rouge;LESPARRE-MéDOC;45.289;-0.924;R;SP98;6;2026-10-07 08:30:00;2.239
50460001;5, rue des Claires;QUERQUEVILLE;49.66;-1.686;R;Gazole;1;2026-10-07 10:56:49;2.325
12200002;Avenue de Toulouse;VILLEFRANCHE-DE-ROUERGUE;44.361;2.034;R;Gazole;1;2026-10-07 09:19:23;2.289
89400004;48, route de Sens;Épineau-les-Voves;47.95;3.469;R;Gazole;1;2026-10-07 10:09:00;2.377
89400004;48, route de Sens;Épineau-les-Voves;47.95;3.469;R;E85;3;2026-10-07 10:09:00;0.868
89400004;48, route de Sens;Épineau-les-Voves;47.95;3.469;R;E10;5;2026-10-07 10:09:00;2.134
89400004;48, route de Sens;Épineau-les-Voves;47.95;3.469;R;SP98;6;2026-10-07 10:09:00;2.256
37700004;ZAC Les Fougerolles LA VILLE AUX DAMES;La Ville-aux-Dames;47.396;0.788;R;Gazole;1;2026-10-07 10:00:00;2.324
37700004;ZAC Les Fougerolles LA VILLE AUX DAMES;La Ville-aux-Dames;47.396;0.788;R;E85;3;2026-10-07 10:00:00;0.868
37700004;ZAC Les Fougerolles LA VILLE AUX DAMES;La Ville-aux-Dames;47.396;0.788;R;GPLc;4;2026-10-07 10:00:00;0.994
37700004;ZAC Les Fougerolles LA VILLE AUX DAMES;La Ville-aux-Dames;47.396;0.788;R;E10;5;2026-10-07 10:00:00;2.122
37700004;ZAC Les Fougerolles LA VILLE AUX DAMES;La Ville-aux-Dames;47.396;0.788;R;SP98;6;2026-10-07 10:00:00;2.236
79100012;7 RUE DU TUMULUS;THOUARS;46.992057;-0.197377;R;Gazole;1;2026-10-07 10:41:51;2.47
56800004;Rue du Lac;PLOëRMEL;47.937;-2.402;R;Gazole;1;2026-10-07 10:00:00;2.349
56800004;Rue du Lac;PLOëRMEL;47.937;-2.402;R;SP95;2;2026-10-07 10:00:00;2.249
56800004;Rue du Lac;PLOëRMEL;47.937;-2.402;R;E85;3;2026-10-07 10:00:00;0.839
56800004;Rue du Lac;PLOëRMEL;47.937;-2.402;R;E10;5;2026-10-07 10:00:00;2.179
91300007;Avenue de l'Europe;Massy;48.726;2.28;R;Gazole;1;2026-10-07 10:19:30;2.37
91300007;Avenue de l'Europe;Massy;48.726;2.28;R;SP95;2;2026-10-07 10:19:30;2.211
91300007;Avenue de l'Europe;Massy;48.726;2.28;R;GPLc;4;2026-10-07 10:19:30;0.999
91300007;Avenue de l'Europe;Massy;48.726;2.28;R;E10;5;2026-10-07 10:19:30;2.131
91300007;Avenue de l'Europe;Massy;48.726;2.28;R;SP98;6;2026-10-07 10:19:30;2.283
62100002;23 Rue Paul Bert;CALAIS;50.953;1.853;R;Gazole;1;2026-10-07 09:59:24;2.25
62100002;23 Rue Paul Bert;CALAIS;50.953;1.853;R;E10;5;2026-10-07 09:59:24;1.99
62100002;23 Rue Paul Bert;CALAIS;50.953;1.853;R;SP98;6;2026-10-07 09:59:25;1.99
32600002;Route de Samatan Lombez;L'ISLE-JOURDAIN;43.601;1.069;R;Gazole;1;2026-10-07 09:17:42;2.399
32600002;Route de Samatan Lombez;L'ISLE-JOURDAIN;43.601;1.069;R;SP95;2;2026-10-07 09:17:43;2.279
32600002;Route de Samatan Lombez;L'ISLE-JOURDAIN;43.601;1.069;R;E85;3;2026-10-07 09:17:43;1.059
9340001;120 rue Clément Ader;Verniolle;43.074208021043994;1.6439551599408;R;Gazole;1;2026-10-07 05:27:47;2.299
78290001;22 Avenue du Général de Gaulle;Croissy-sur-Seine;48.88112;2.13987;R;Gazole;1;2026-10-07 07:20:29;2.375
78290001;22 Avenue du Général de Gaulle;Croissy-sur-Seine;48.88112;2.13987;R;E85;3;2026-10-07 07:20:29;0.889
78290001;22 Avenue du Général de Gaulle;Croissy-sur-Seine;48.88112;2.13987;R;E10;5;2026-10-07 07:20:29;2.12
78290001;22 Avenue du Général de Gaulle;Croissy-sur-Seine;48.88112;2.13987;R;SP98;6;2026-10-07 07:20:29;2.214
26250001;113 AVENUE LEON AUBIN;Livron-sur-Drôme;44.777;4.847;R;Gazole;1;2026-10-07 06:57:51;2.399
81600004;zone de xansos route de Graulhet;BRENS;43.889;1.91;R;Gazole;1;2026-10-07 10:50:00;2.399
81600004;zone de xansos route de Graulhet;BRENS;43.889;1.91;R;E85;3;2026-10-07 10:50:00;0.869
81600004;zone de xansos route de Graulhet;BRENS;43.889;1.91;R;GPLc;4;2026-10-07 10:50:00;1.059
81600004;zone de xansos route de Graulhet;BRENS;43.889;1.91;R;E10;5;2026-10-07 10:50:00;2.197
38230002;48 Route de Crémieu;Tignieu-Jameyzieu;45.752;5.193;R;Gazole;1;2026-10-07 07:26:21;2.25
38230002;48 Route de Crémieu;Tignieu-Jameyzieu;45.752;5.193;R;E10;5;2026-10-07 07:26:21;1.99
38230002;48 Route de Crémieu;Tignieu-Jameyzieu;45.752;5.193;R;SP98;6;2026-10-07 07:26:21;1.99
78140001;4 Rue Dewoitine;VéLIZY-VILLACOUBLAY;48.783;2.215;R;Gazole;1;2026-10-07 09:02:37;2.376
78140001;4 Rue Dewoitine;VéLIZY-VILLACOUBLAY;48.783;2.215;R;E85;3;2026-10-07 09:02:37;0.933
78140001;4 Rue Dewoitine;VéLIZY-VILLACOUBLAY;48.783;2.215;R;E10;5;2026-10-07 09:02:37;2.188
78140001;4 Rue Dewoitine;VéLIZY-VILLACOUBLAY;48.783;2.215;R;SP98;6;2026-10-07 09:02:37;2.318
22800002;La Ville Neuve;Saint-Brandan;48.4;-2.9;R;Gazole;1;2026-10-07 10:00:00;2.296
22800002;La Ville Neuve;Saint-Brandan;48.4;-2.9;R;E10;5;2026-10-07 10:00:00;2.123
22800002;La Ville Neuve;Saint-Brandan;48.4;-2.9;R;SP98;6;2026-10-07 10:00:00;2.223
83170007;quartier saint jean rn7;BRIGNOLES;43.407;6.05;R;Gazole;1;2026-10-07 08:58:01;2.249
83170007;quartier saint jean rn7;BRIGNOLES;43.407;6.05;R;E10;5;2026-10-07 08:58:01;2.129
51460003;2 RUE DENIS PAPIN;COURTISOLS;48.988;4.503;R;Gazole;1;2026-10-07 08:51:22;2.367
51460003;2 RUE DENIS PAPIN;COURTISOLS;48.988;4.503;R;E10;5;2026-10-07 08:51:22;2.163
51460003;2 RUE DENIS PAPIN;COURTISOLS;48.988;4.503;R;SP98;6;2026-10-07 08:51:22;2.303
67140002;2 Route de Bourgheim;GERTWILLER;48.416;7.476;R;Gazole;1;2026-10-07 11:09:14;2.48
50110004;550 Rue du Grand Pré;Tourlaville;49.637;-1.596;R;Gazole;1;2026-10-07 10:37:50;2.329
50110004;550 Rue du Grand Pré;Tourlaville;49.637;-1.596;R;E10;5;2026-10-07 10:54:48;2.139
50110004;550 Rue du Grand Pré;Tourlaville;49.637;-1.596;R;SP98;6;2026-10-07 10:54:48;2.239
67170006;186 Avenue de Strasbourg;BRUMATH;48.70928;7.70777;R;E85;3;2026-10-07 09:18:00;0.869
67540003;AUT A 35  AIRE LES CHAUMES BP 33;Ostwald;48.539;7.717;A;Gazole;1;2026-10-07 09:30:00;2.736
67540003;AUT A 35  AIRE LES CHAUMES BP 33;Ostwald;48.539;7.717;A;E10;5;2026-10-07 09:30:00;2.493
67540003;AUT A 35  AIRE LES CHAUMES BP 33;Ostwald;48.539;7.717;A;SP98;6;2026-10-07 09:30:00;2.582
29480001;Boulevard Charles de Gaulle;LE RELECQ-KERHUON;48.4;-4.406;R;Gazole;1;2026-10-07 10:00:00;2.321
29480001;Boulevard Charles de Gaulle;LE RELECQ-KERHUON;48.4;-4.406;R;E85;3;2026-10-07 10:00:00;0.84
29480001;Boulevard Charles de Gaulle;LE RELECQ-KERHUON;48.4;-4.406;R;E10;5;2026-10-07 10:00:00;2.109
29480001;Boulevard Charles de Gaulle;LE RELECQ-KERHUON;48.4;-4.406;R;SP98;6;2026-10-07 10:00:00;2.219
2690002;AUTOROUTE A26 - AIRE D'URVILLERS;Essigny-le-Grand;49.785474082598;3.3342734139346;A;Gazole;1;2026-10-07 00:01:00;2.25
2690002;AUTOROUTE A26 - AIRE D'URVILLERS;Essigny-le-Grand;49.785474082598;3.3342734139346;A;E85;3;2026-10-07 00:01:00;0.999
2690002;AUTOROUTE A26 - AIRE D'URVILLERS;Essigny-le-Grand;49.785474082598;3.3342734139346;A;GPLc;4;2026-10-07 00:01:00;1.088
2690002;AUTOROUTE A26 - AIRE D'URVILLERS;Essigny-le-Grand;49.785474082598;3.3342734139346;A;E10;5;2026-10-07 00:01:00;1.99
2690002;AUTOROUTE A26 - AIRE D'URVILLERS;Essigny-le-Grand;49.785474082598;3.3342734139346;A;SP98;6;2026-10-07 00:01:00;1.99
59530002;Centre Commercial Les Portes de l'Avesnois ZAE Ouest;Le Quesnoy;50.255;3.635;R;E10;5;2026-10-07 08:13:01;2.122
58640004;16 BLD CAMILLE DAGONNEAU;Varennes-Vauzelles;47.00869;3.15225;R;Gazole;1;2026-10-07 00:01:00;2.25
58640004;16 BLD CAMILLE DAGONNEAU;Varennes-Vauzelles;47.00869;3.15225;R;GPLc;4;2026-10-07 00:01:00;0.934
58640004;16 BLD CAMILLE DAGONNEAU;Varennes-Vauzelles;47.00869;3.15225;R;E10;5;2026-10-07 00:01:00;1.99
33660003;SUPER U 7, RUE DU BARRY NORD;SAINT SEURIN SUR L ISLE;45.015;-0.013;R;Gazole;1;2026-10-07 09:59:46;2.349
33660003;SUPER U 7, RUE DU BARRY NORD;SAINT SEURIN SUR L ISLE;45.015;-0.013;R;SP95;2;2026-10-07 09:59:46;2.239
33660003;SUPER U 7, RUE DU BARRY NORD;SAINT SEURIN SUR L ISLE;45.015;-0.013;R;E85;3;2026-10-07 09:59:46;0.899
33660003;SUPER U 7, RUE DU BARRY NORD;SAINT SEURIN SUR L ISLE;45.015;-0.013;R;GPLc;4;2026-10-07 09:59:46;1.079
33660003;SUPER U 7, RUE DU BARRY NORD;SAINT SEURIN SUR L ISLE;45.015;-0.013;R;SP98;6;2026-10-07 09:59:46;2.289
59610004;1 PLACE DERIGNY;FOURMIES;50.02;4.03;R;Gazole;1;2026-10-07 00:01:00;2.25
59610004;1 PLACE DERIGNY;FOURMIES;50.02;4.03;R;E85;3;2026-10-07 00:01:00;0.872
59610004;1 PLACE DERIGNY;FOURMIES;50.02;4.03;R;E10;5;2026-10-07 00:01:00;1.99
59610004;1 PLACE DERIGNY;FOURMIES;50.02;4.03;R;SP98;6;2026-10-07 00:01:00;1.99
57255001;RD 643;SAINTE-MARIE-AUX-CHêNES;49.197;5.995;R;Gazole;1;2026-10-07 10:33:55;2.408
57255001;RD 643;SAINTE-MARIE-AUX-CHêNES;49.197;5.995;R;E85;3;2026-10-07 10:33:55;0.929
57255001;RD 643;SAINTE-MARIE-AUX-CHêNES;49.197;5.995;R;GPLc;4;2026-10-07 10:33:55;1.034
57255001;RD 643;SAINTE-MARIE-AUX-CHêNES;49.197;5.995;R;E10;5;2026-10-07 10:33:56;2.25
57255001;RD 643;SAINTE-MARIE-AUX-CHêNES;49.197;5.995;R;SP98;6;2026-10-07 10:33:56;2.26
31270005;Rue Henry Gladi;CUGNAUX;43.546;1.353;R;Gazole;1;2026-10-07 10:29:10;2.285
77100010;81 Avenue Président Roosevelt;MEAUX;48.957;2.904;R;Gazole;1;2026-10-07 10:23:07;2.25
77100010;81 Avenue Président Roosevelt;MEAUX;48.957;2.904;R;E10;5;2026-10-07 10:23:07;1.99
77100010;81 Avenue Président Roosevelt;MEAUX;48.957;2.904;R;SP98;6;2026-10-07 10:23:07;1.99
79230004;A10 Aire de Poitou Charentes;Aiffres;46.278;-0.446;A;Gazole;1;2026-10-07 09:30:00;2.607
79230004;A10 Aire de Poitou Charentes;Aiffres;46.278;-0.446;A;E10;5;2026-10-07 09:30:00;2.558
79230004;A10 Aire de Poitou Charentes;Aiffres;46.278;-0.446;A;SP98;6;2026-10-07 09:30:00;2.708
71600009;rue de la grande bruyère;Paray-le-Monial;46.468;4.12;R;Gazole;1;2026-10-07 08:12:15;2.329
57470004;6 RUE DE METZ;HOMBOURG-HAUT;49.123596;6.77739;R;Gazole;1;2026-10-07 08:29:01;2.419
57470004;6 RUE DE METZ;HOMBOURG-HAUT;49.123596;6.77739;R;E85;3;2026-10-07 08:29:02;0.899
57470004;6 RUE DE METZ;HOMBOURG-HAUT;49.123596;6.77739;R;E10;5;2026-10-07 08:29:02;2.239
57470004;6 RUE DE METZ;HOMBOURG-HAUT;49.123596;6.77739;R;SP98;6;2026-10-07 08:29:02;2.299
17285001;rue du 14 juillet;PUILBOREAU;46.1736460061;-1.11758831845;R;Gazole;1;2026-10-07 11:04:52;2.286
17285001;rue du 14 juillet;PUILBOREAU;46.1736460061;-1.11758831845;R;E10;5;2026-10-07 11:04:52;2.139
17285001;rue du 14 juillet;PUILBOREAU;46.1736460061;-1.11758831845;R;SP98;6;2026-10-07 11:04:52;2.237
95137001;362 Rue du Général Leclerc;FRANCONVILLE;48.989285938081;2.2065467998684;R;Gazole;1;2026-10-07 08:51:54;2.309
95137001;362 Rue du Général Leclerc;FRANCONVILLE;48.989285938081;2.2065467998684;R;SP95;2;2026-10-07 08:51:54;2.189
95137001;362 Rue du Général Leclerc;FRANCONVILLE;48.989285938081;2.2065467998684;R;E85;3;2026-10-07 08:51:55;0.899
95137001;362 Rue du Général Leclerc;FRANCONVILLE;48.989285938081;2.2065467998684;R;E10;5;2026-10-07 08:51:55;2.149
95137001;362 Rue du Général Leclerc;FRANCONVILLE;48.989285938081;2.2065467998684;R;SP98;6;2026-10-07 08:51:55;2.225
50110003;39 Boulevard de l'Est;Tourlaville;49.635;-1.592;R;Gazole;1;2026-10-07 10:00:00;2.325
50110003;39 Boulevard de l'Est;Tourlaville;49.635;-1.592;R;SP95;2;2026-10-07 10:00:00;2.229
50110003;39 Boulevard de l'Est;Tourlaville;49.635;-1.592;R;E85;3;2026-10-07 10:00:00;0.855
50110003;39 Boulevard de l'Est;Tourlaville;49.635;-1.592;R;GPLc;4;2026-10-07 10:00:00;1.02
50110003;39 Boulevard de l'Est;Tourlaville;49.635;-1.592;R;E10;5;2026-10-07 10:00:00;2.141
50110003;39 Boulevard de l'Est;Tourlaville;49.635;-1.592;R;SP98;6;2026-10-07 10:00:00;2.239
51510002;Route d'Epernay;FAGNIèRES;48.959;4.314;R;Gazole;1;2026-10-07 10:10:00;2.371
51510002;Route d'Epernay;FAGNIèRES;48.959;4.314;R;E85;3;2026-10-07 10:10:00;0.85
51510002;Route d'Epernay;FAGNIèRES;48.959;4.314;R;GPLc;4;2026-10-07 10:10:00;1.0
51510002;Route d'Epernay;FAGNIèRES;48.959;4.314;R;E10;5;2026-10-07 10:10:00;2.145
51510002;Route d'Epernay;FAGNIèRES;48.959;4.314;R;SP98;6;2026-10-07 10:10:00;2.251
7100002;55 Avenue de l'Europe;ANNONAY;45.244;4.668;R;Gazole;1;2026-10-07 07:44:12;2.349
7100002;55 Avenue de l'Europe;ANNONAY;45.244;4.668;R;E85;3;2026-10-07 07:44:12;0.899
7100002;55 Avenue de l'Europe;ANNONAY;45.244;4.668;R;E10;5;2026-10-07 07:44:13;2.199
7100002;55 Avenue de l'Europe;ANNONAY;45.244;4.668;R;SP98;6;2026-10-07 07:44:13;2.299
51210005;RD 933 FAUBOURG DE PARIS;MONTMIRAIL;48.876;3.538;R;Gazole;1;2026-10-07 00:01:00;2.25
51210005;RD 933 FAUBOURG DE PARIS;MONTMIRAIL;48.876;3.538;R;E85;3;2026-10-07 00:01:00;0.888
51210005;RD 933 FAUBOURG DE PARIS;MONTMIRAIL;48.876;3.538;R;E10;5;2026-10-07 00:01:00;1.99
8400003;115 rue Bournizet;VOUZIERS;49.396;4.682;R;Gazole;1;2026-10-07 10:06:00;2.398
8400003;115 rue Bournizet;VOUZIERS;49.396;4.682;R;SP95;2;2026-10-07 10:06:00;2.225
8400003;115 rue Bournizet;VOUZIERS;49.396;4.682;R;E85;3;2026-10-07 10:06:00;0.875
8400003;115 rue Bournizet;VOUZIERS;49.396;4.682;R;E10;5;2026-10-07 10:06:00;2.206
8400003;115 rue Bournizet;VOUZIERS;49.396;4.682;R;SP98;6;2026-10-07 10:06:00;2.259
73230001;319 Avenue de Chambéry;SAINT-ALBAN-LEYSSE;45.574;5.953;R;Gazole;1;2026-10-07 00:01:00;2.299
73230001;319 Avenue de Chambéry;SAINT-ALBAN-LEYSSE;45.574;5.953;R;GPLc;4;2026-10-07 00:01:00;1.087
76370001;52 Avenue de la Libération;Dieppe;49.926;1.115;R;Gazole;1;2026-10-07 09:03:27;2.389
76370001;52 Avenue de la Libération;Dieppe;49.926;1.115;R;E10;5;2026-10-07 09:03:27;2.179
76370001;52 Avenue de la Libération;Dieppe;49.926;1.115;R;SP98;6;2026-10-07 09:03:27;2.279
6220005;RN7 LA BATTERIE;Golfe-Juan;43.58;7.062;R;Gazole;1;2026-10-07 00:01:00;2.25
6220005;RN7 LA BATTERIE;Golfe-Juan;43.58;7.062;R;E10;5;2026-10-07 00:01:00;1.99
17137001;44 Avenue de la Rochelle;NIEUL-SUR-MER;46.198;-1.158;R;Gazole;1;2026-10-07 08:28:10;2.25
17137001;44 Avenue de la Rochelle;NIEUL-SUR-MER;46.198;-1.158;R;SP95;2;2026-10-07 08:28:10;1.99
63000015;Boulevard Gustave Flaubert;CLERMONT-FERRAND;45.76198599999999;3.12696;R;Gazole;1;2026-10-07 10:00:54;2.308
63000015;Boulevard Gustave Flaubert;CLERMONT-FERRAND;45.76198599999999;3.12696;R;SP95;2;2026-10-07 09:53:53;2.23
63000015;Boulevard Gustave Flaubert;CLERMONT-FERRAND;45.76198599999999;3.12696;R;E10;5;2026-10-07 09:53:53;2.138
63000015;Boulevard Gustave Flaubert;CLERMONT-FERRAND;45.76198599999999;3.12696;R;SP98;6;2026-10-07 09:53:54;2.25
59150002;RUE DE STALINGRAD;WATTRELOS;50.697;3.21;R;Gazole;1;2026-10-07 10:07:00;2.312
59150002;RUE DE STALINGRAD;WATTRELOS;50.697;3.21;R;E85;3;2026-10-07 10:07:00;0.845
59150002;RUE DE STALINGRAD;WATTRELOS;50.697;3.21;R;E10;5;2026-10-07 10:07:00;2.109
59150002;RUE DE STALINGRAD;WATTRELOS;50.697;3.21;R;SP98;6;2026-10-07 10:07:00;2.199
20200019;14 route du cap;Ville di Pietrabugno;42.714639094262004;9.4549569909535;R;Gazole;1;2026-10-07 10:04:05;2.32
49412001;51 Boulevard Mal de Lattre-de-Tassigny;Saumur;47.264;-0.092;R;Gazole;1;2026-10-07 10:00:00;2.329
49412001;51 Boulevard Mal de Lattre-de-Tassigny;Saumur;47.264;-0.092;R;SP95;2;2026-10-07 10:00:00;2.229
49412001;51 Boulevard Mal de Lattre-de-Tassigny;Saumur;47.264;-0.092;R;E10;5;2026-10-07 10:00:00;2.119
49412001;51 Boulevard Mal de Lattre-de-Tassigny;Saumur;47.264;-0.092;R;SP98;6;2026-10-07 10:00:00;2.239
17100005;15 Rue Champagne Saint Georges;Saintes;45.746;-0.674;R;Gazole;1;2026-10-07 09:19:43;2.259
10410003;103 avenue du Général de Gaulle;SAINT PARRES AUX TERTRES;48.297951133716005;4.1336364178578995;R;Gazole;1;2026-10-07 08:04:43;2.299
10410003;103 avenue du Général de Gaulle;SAINT PARRES AUX TERTRES;48.297951133716005;4.1336364178578995;R;SP95;2;2026-10-07 08:04:43;2.209
10410003;103 avenue du Général de Gaulle;SAINT PARRES AUX TERTRES;48.297951133716005;4.1336364178578995;R;E85;3;2026-10-07 08:04:44;0.909
10410003;103 avenue du Général de Gaulle;SAINT PARRES AUX TERTRES;48.297951133716005;4.1336364178578995;R;GPLc;4;2026-10-07 08:04:44;1.069
10410003;103 avenue du Général de Gaulle;SAINT PARRES AUX TERTRES;48.297951133716005;4.1336364178578995;R;E10;5;2026-10-07 08:04:44;2.169
10410003;103 avenue du Général de Gaulle;SAINT PARRES AUX TERTRES;48.297951133716005;4.1336364178578995;R;SP98;6;2026-10-07 08:04:44;2.269
76520001;801 Route de Paris;FRANQUEVILLE-SAINT-PIERRE;49.398;1.178;R;Gazole;1;2026-10-07 09:48:18;2.299
76520001;801 Route de Paris;FRANQUEVILLE-SAINT-PIERRE;49.398;1.178;R;SP95;2;2026-10-07 09:48:18;2.219
76520001;801 Route de Paris;FRANQUEVILLE-SAINT-PIERRE;49.398;1.178;R;E85;3;2026-10-07 09:48:18;0.885
76520001;801 Route de Paris;FRANQUEVILLE-SAINT-PIERRE;49.398;1.178;R;E10;5;2026-10-07 09:48:18;2.179
76520001;801 Route de Paris;FRANQUEVILLE-SAINT-PIERRE;49.398;1.178;R;SP98;6;2026-10-07 09:48:18;2.259
68100002;7 Rue Gay-Lussac;MULHOUSE;47.74342;7.32948;R;E10;5;2026-10-07 08:37:13;2.286
68100002;7 Rue Gay-Lussac;MULHOUSE;47.74342;7.32948;R;SP98;6;2026-10-07 08:37:14;2.384
94100005;57, Rue Delerue;SAINT-MAUR-DES-FOSSéS;48.796237162845;2.4929910965866;R;Gazole;1;2026-10-07 06:53:14;2.428
94100005;57, Rue Delerue;SAINT-MAUR-DES-FOSSéS;48.796237162845;2.4929910965866;R;E10;5;2026-10-07 06:53:14;2.166
94100005;57, Rue Delerue;SAINT-MAUR-DES-FOSSéS;48.796237162845;2.4929910965866;R;SP98;6;2026-10-07 06:53:14;2.297
83510004;278 ROUTE DE CARCES;Lorgues;43.488;6.351;R;Gazole;1;2026-10-07 09:48:16;2.25
83510004;278 ROUTE DE CARCES;Lorgues;43.488;6.351;R;E10;5;2026-10-07 09:48:16;1.99
83510004;278 ROUTE DE CARCES;Lorgues;43.488;6.351;R;SP98;6;2026-10-07 09:48:16;1.99
29196001;Rue du Poher;QUIMPER;47.984;-4.11;R;Gazole;1;2026-10-07 08:04:30;2.296
29196001;Rue du Poher;QUIMPER;47.984;-4.11;R;SP95;2;2026-10-07 08:04:30;2.228
29196001;Rue du Poher;QUIMPER;47.984;-4.11;R;E10;5;2026-10-07 08:04:31;2.144
29196001;Rue du Poher;QUIMPER;47.984;-4.11;R;SP98;6;2026-10-07 08:04:31;2.259
4103001;ZI St JosephBP335;MANOSQUE;43.818;5.799;R;Gazole;1;2026-10-07 06:15:00;2.25
4103001;ZI St JosephBP335;MANOSQUE;43.818;5.799;R;E85;3;2026-10-07 06:15:01;0.962
4103001;ZI St JosephBP335;MANOSQUE;43.818;5.799;R;E10;5;2026-10-07 06:15:01;2.144
4103001;ZI St JosephBP335;MANOSQUE;43.818;5.799;R;SP98;6;2026-10-07 06:15:01;2.251
8200007;Rue Cadeau;SEDAN;49.706;4.936;R;Gazole;1;2026-10-07 07:54:57;2.371
8200007;Rue Cadeau;SEDAN;49.706;4.936;R;E10;5;2026-10-07 07:54:57;2.198
36200002; Route de Limoges;ARGENTON-SUR-CREUSE;46.57643;1.51152;R;E85;3;2026-10-07 07:33:25;0.904
31770001;Chemin de l'Ormeau;Colomiers;43.613;1.33;R;Gazole;1;2026-10-07 10:01:14;2.305
31770001;Chemin de l'Ormeau;Colomiers;43.613;1.33;R;E10;5;2026-10-07 10:01:14;2.162
31770001;Chemin de l'Ormeau;Colomiers;43.613;1.33;R;SP98;6;2026-10-07 10:01:14;2.258
78130011;29 AV. PAUL RAOULT;LES MUREAUX;48.9924;1.91384;R;Gazole;1;2026-10-07 00:01:00;2.25
78130011;29 AV. PAUL RAOULT;LES MUREAUX;48.9924;1.91384;R;E10;5;2026-10-07 00:01:00;1.99
60005001;Route d' Amiens;BEAUVAIS;49.456;2.1;R;Gazole;1;2026-10-07 08:19:40;2.25
60005001;Route d' Amiens;BEAUVAIS;49.456;2.1;R;E10;5;2026-10-07 08:19:40;1.99
60005001;Route d' Amiens;BEAUVAIS;49.456;2.1;R;SP98;6;2026-10-07 08:19:40;1.99
76410002;ZAC DU CLOS AUX ANTES;TOURVILLE-LA-RIVIèRE;49.327932546506005;1.0983886252421;R;Gazole;1;2026-10-07 10:37:00;2.403
76410002;ZAC DU CLOS AUX ANTES;TOURVILLE-LA-RIVIèRE;49.327932546506005;1.0983886252421;R;E85;3;2026-10-07 10:37:00;0.919
76410002;ZAC DU CLOS AUX ANTES;TOURVILLE-LA-RIVIèRE;49.327932546506005;1.0983886252421;R;E10;5;2026-10-07 10:37:00;2.195
76410002;ZAC DU CLOS AUX ANTES;TOURVILLE-LA-RIVIèRE;49.327932546506005;1.0983886252421;R;SP98;6;2026-10-07 10:37:00;2.302
70200006;16 Rue de Belfort;LURE;47.675;6.521;R;Gazole;1;2026-10-07 09:47:29;2.25
37300007;6 Rue du Franc Palais;Joué-lès-Tours;47.358;0.646;R;Gazole;1;2026-10-07 07:50:49;2.319
37300007;6 Rue du Franc Palais;Joué-lès-Tours;47.358;0.646;R;SP95;2;2026-10-07 07:50:49;2.169
37300007;6 Rue du Franc Palais;Joué-lès-Tours;47.358;0.646;R;SP98;6;2026-10-07 07:50:49;2.269
56390001;ROUTE DE VANNES;GRAND-CHAMP;47.755;-2.843;R;Gazole;1;2026-10-07 08:14:01;2.328
13124003;A52 aire de Manon des sources;PEYPIN;43.4;5.576;A;Gazole;1;2026-10-07 10:44:43;2.445
85440002;91 Avenue des Sables;TALMONT-SAINT-HILAIRE;46.468;-1.628;R;Gazole;1;2026-10-07 08:50:33;2.25
24000004;192 Route de Lyon;Boulazac;45.18;0.746;R;Gazole;1;2026-10-07 05:54:59;2.25
24000004;192 Route de Lyon;Boulazac;45.18;0.746;R;E10;5;2026-10-07 05:54:59;1.99
24000004;192 Route de Lyon;Boulazac;45.18;0.746;R;SP98;6;2026-10-07 05:54:59;1.99
59400005;187 Rue Saint-Ladre;CAMBRAI;50.163;3.248;R;Gazole;1;2026-10-07 09:20:28;2.369
59400005;187 Rue Saint-Ladre;CAMBRAI;50.163;3.248;R;E10;5;2026-10-07 09:20:28;2.144
59400005;187 Rue Saint-Ladre;CAMBRAI;50.163;3.248;R;SP98;6;2026-10-07 09:20:28;2.24
61500003;Route de Mortagne;Sées;48.6071326;0.1859266;R;E10;5;2026-10-07 08:37:23;2.159
78230006;56 Avenue du Président John Fitzgerald Kennedy;Le Pecq;48.879081594009;2.0969036115051;R;Gazole;1;2026-10-07 00:01:00;2.25
78230006;56 Avenue du Président John Fitzgerald Kennedy;Le Pecq;48.879081594009;2.0969036115051;R;E10;5;2026-10-07 00:01:00;1.99
29390002;23 RUE DU GENERAL DE GAULLE;SCAER;48.02;-3.719;R;Gazole;1;2026-10-07 10:00:00;2.338
29390002;23 RUE DU GENERAL DE GAULLE;SCAER;48.02;-3.719;R;SP95;2;2026-10-07 10:00:00;2.195
29390002;23 RUE DU GENERAL DE GAULLE;SCAER;48.02;-3.719;R;SP98;6;2026-10-07 10:00:00;2.239
88500007;RUE SAINT MAURICE;Mirecourt;48.31;6.135;R;Gazole;1;2026-10-07 07:13:50;2.379
88500007;RUE SAINT MAURICE;Mirecourt;48.31;6.135;R;GPLc;4;2026-10-07 07:15:11;1.049
88500007;RUE SAINT MAURICE;Mirecourt;48.31;6.135;R;SP98;6;2026-10-07 07:13:50;2.339
93160009;104/106 AV MEDERIC;Noisy-le-Grand;48.829;2.569;R;E85;3;2026-10-07 00:01:00;0.887
71260005;827 RD 906;Fleurville;46.445;4.885;R;E85;3;2026-10-07 08:00:46;0.917
26600015;49 AVENUE DU PRESIDENT ROOSEVELT;Tain-l'Hermitage;45.068;4.848;R;Gazole;1;2026-10-07 10:12:30;2.339
26600015;49 AVENUE DU PRESIDENT ROOSEVELT;Tain-l'Hermitage;45.068;4.848;R;E85;3;2026-10-07 10:12:30;0.869
26600015;49 AVENUE DU PRESIDENT ROOSEVELT;Tain-l'Hermitage;45.068;4.848;R;E10;5;2026-10-07 10:12:31;2.146
26600015;49 AVENUE DU PRESIDENT ROOSEVELT;Tain-l'Hermitage;45.068;4.848;R;SP98;6;2026-10-07 10:12:31;2.265
77250007;RD 606 - SENS PROVINCE PARIS;ECUELLES;48.363;2.857;R;Gazole;1;2026-10-07 00:01:00;2.25
87270005;187 Avenue de Limoges;COUZEIX;45.879;1.238;R;Gazole;1;2026-10-07 08:30:23;2.349
68110006;77 AVENUE DE FRIBOURG;ILLZACH;47.768;7.387;R;E85;3;2026-10-07 06:43:51;0.932
56130001;LE PONT;Marzan;47.526;-2.31;R;Gazole;1;2026-10-07 06:39:24;2.25
56130001;LE PONT;Marzan;47.526;-2.31;R;E85;3;2026-10-07 06:39:24;0.894
56130001;LE PONT;Marzan;47.526;-2.31;R;E10;5;2026-10-07 06:39:24;1.99
56130001;LE PONT;Marzan;47.526;-2.31;R;SP98;6;2026-10-07 06:39:24;1.99
44119004;Rue de Rennes;TREILLIèRES;47.33220773084601;-1.6174122928930001;R;Gazole;1;2026-10-07 10:21:10;2.289
58000012;IMPASSE DE LA SABLIERE;Saint-Éloi;46.984;3.211;R;Gazole;1;2026-10-07 09:41:00;2.358
58000012;IMPASSE DE LA SABLIERE;Saint-Éloi;46.984;3.211;R;SP95;2;2026-10-07 09:41:00;2.228
58000012;IMPASSE DE LA SABLIERE;Saint-Éloi;46.984;3.211;R;E10;5;2026-10-07 09:41:00;2.157
53000009;ROUTE DE MAYENNE - RN 162;LAVAL;48.079;-0.753;R;Gazole;1;2026-10-07 08:23:14;2.25
53000009;ROUTE DE MAYENNE - RN 162;LAVAL;48.079;-0.753;R;E85;3;2026-10-07 00:01:00;0.905
53000009;ROUTE DE MAYENNE - RN 162;LAVAL;48.079;-0.753;R;E10;5;2026-10-07 08:23:14;1.99
60640001;206 Rue Marcel Poulin;GUISCARD;49.655;3.05;R;Gazole;1;2026-10-07 07:48:11;2.25
60640001;206 Rue Marcel Poulin;GUISCARD;49.655;3.05;R;E10;5;2026-10-07 07:48:11;1.99
60640001;206 Rue Marcel Poulin;GUISCARD;49.655;3.05;R;SP98;6;2026-10-07 07:48:11;1.99
16430004;ZA Les Montagnes Les Plantes Neuves;Champniers;45.683;0.179;R;Gazole;1;2026-10-07 10:02:48;2.261
16430004;ZA Les Montagnes Les Plantes Neuves;Champniers;45.683;0.179;R;SP95;2;2026-10-07 10:02:48;2.169
2200001;3 Avenue Raymonde Fiolet;Soissons;49.37;3.315;R;Gazole;1;2026-10-07 11:05:49;2.333
2200001;3 Avenue Raymonde Fiolet;Soissons;49.37;3.315;R;E85;3;2026-10-07 11:05:49;0.897
2200001;3 Avenue Raymonde Fiolet;Soissons;49.37;3.315;R;GPLc;4;2026-10-07 11:05:49;0.991
2200001;3 Avenue Raymonde Fiolet;Soissons;49.37;3.315;R;E10;5;2026-10-07 11:05:49;2.139
2200001;3 Avenue Raymonde Fiolet;Soissons;49.37;3.315;R;SP98;6;2026-10-07 11:05:49;2.269
10270009;9 rue de la Marrière;Lusigny-sur-Barse;48.261974565456;4.2494407466826;R;Gazole;1;2026-10-07 08:06:31;2.299
10270009;9 rue de la Marrière;Lusigny-sur-Barse;48.261974565456;4.2494407466826;R;E85;3;2026-10-07 08:06:32;0.909
10270009;9 rue de la Marrière;Lusigny-sur-Barse;48.261974565456;4.2494407466826;R;E10;5;2026-10-07 08:06:32;2.169
10270009;9 rue de la Marrière;Lusigny-sur-Barse;48.261974565456;4.2494407466826;R;SP98;6;2026-10-07 08:06:32;2.269
35250001;2, allée de la Piloinais;Saint-Aubin-d'Aubigné;48.262;-1.618;R;Gazole;1;2026-10-07 07:44:33;2.279
35250001;2, allée de la Piloinais;Saint-Aubin-d'Aubigné;48.262;-1.618;R;E85;3;2026-10-07 07:44:33;0.809
35250001;2, allée de la Piloinais;Saint-Aubin-d'Aubigné;48.262;-1.618;R;E10;5;2026-10-07 07:44:33;2.155
35250001;2, allée de la Piloinais;Saint-Aubin-d'Aubigné;48.262;-1.618;R;SP98;6;2026-10-07 07:44:33;2.245
42120005;Allée du Parc;Commelle-Vernay;45.999;4.061;R;Gazole;1;2026-10-07 08:24:03;2.359
78380004;58 QUAI BOISSY D'ANGLAS;BOUGIVAL;48.868490000799994;2.13183308716;R;Gazole;1;2026-10-07 00:01:00;2.25
78380004;58 QUAI BOISSY D'ANGLAS;BOUGIVAL;48.868490000799994;2.13183308716;R;E10;5;2026-10-07 00:01:00;1.99
78380004;58 QUAI BOISSY D'ANGLAS;BOUGIVAL;48.868490000799994;2.13183308716;R;SP98;6;2026-10-07 10:27:40;1.99
17000012;RUE JEAN-PAUL SARTRE;La Rochelle;46.156;-1.119;R;Gazole;1;2026-10-07 00:01:00;2.25
17000012;RUE JEAN-PAUL SARTRE;La Rochelle;46.156;-1.119;R;E10;5;2026-10-07 00:01:00;1.99
17000012;RUE JEAN-PAUL SARTRE;La Rochelle;46.156;-1.119;R;SP98;6;2026-10-07 00:01:00;1.99
62970003;RUE LOUIS BLANC;Courcelles-lès-Lens;50.41648;3.0254;R;Gazole;1;2026-10-07 07:52:19;2.329
62970003;RUE LOUIS BLANC;Courcelles-lès-Lens;50.41648;3.0254;R;SP95;2;2026-10-07 07:52:19;2.179
62970003;RUE LOUIS BLANC;Courcelles-lès-Lens;50.41648;3.0254;R;E10;5;2026-10-07 07:52:19;2.145
58300001;Route de Champvert;DECIZE;46.838;3.479;R;Gazole;1;2026-10-07 08:57:04;2.405
62110001;1230 BOULEVARD ALBERT SCHWEITZER;Hénin-Beaumont;50.416;2.976;R;Gazole;1;2026-10-07 09:56:36;2.25
62110001;1230 BOULEVARD ALBERT SCHWEITZER;Hénin-Beaumont;50.416;2.976;R;E10;5;2026-10-07 09:56:37;1.99
62110001;1230 BOULEVARD ALBERT SCHWEITZER;Hénin-Beaumont;50.416;2.976;R;SP98;6;2026-10-07 09:56:37;1.99
81115001;10, Rue Albert Calmette;Castres;43.589;2.186;R;Gazole;1;2026-10-07 09:10:00;2.266
81115001;10, Rue Albert Calmette;Castres;43.589;2.186;R;E10;5;2026-10-07 09:10:00;2.126
81115001;10, Rue Albert Calmette;Castres;43.589;2.186;R;SP98;6;2026-10-07 09:10:00;2.209
73000013;1388 AVENUE DE LYON;CHAMBERY;45.56332;5.90207;R;Gazole;1;2026-10-07 00:01:00;2.25
73000013;1388 AVENUE DE LYON;CHAMBERY;45.56332;5.90207;R;E85;3;2026-10-07 00:01:00;0.916
73000013;1388 AVENUE DE LYON;CHAMBERY;45.56332;5.90207;R;E10;5;2026-10-07 00:01:00;1.99
45130003;3 Rue du Général de Gaulle;MEUNG-SUR-LOIRE;47.83014;1.70166;R;Gazole;1;2026-10-07 08:32:27;2.25
45130003;3 Rue du Général de Gaulle;MEUNG-SUR-LOIRE;47.83014;1.70166;R;E10;5;2026-10-07 08:32:27;1.99
45130003;3 Rue du Général de Gaulle;MEUNG-SUR-LOIRE;47.83014;1.70166;R;SP98;6;2026-10-07 08:32:27;1.99
91150014;Avenue de Bonnevaux;ETAMPES;48.429036964163;2.1597299610384;R;Gazole;1;2026-10-07 08:36:18;2.387
91150014;Avenue de Bonnevaux;ETAMPES;48.429036964163;2.1597299610384;R;SP95;2;2026-10-07 08:36:18;2.221
91150014;Avenue de Bonnevaux;ETAMPES;48.429036964163;2.1597299610384;R;E85;3;2026-10-07 08:36:18;0.806
91150014;Avenue de Bonnevaux;ETAMPES;48.429036964163;2.1597299610384;R;E10;5;2026-10-07 08:36:18;2.187
91150014;Avenue de Bonnevaux;ETAMPES;48.429036964163;2.1597299610384;R;SP98;6;2026-10-07 08:36:18;2.291
91150013;94 BLD ST MICHEL;ETAMPES;48.452;2.173;R;Gazole;1;2026-10-07 00:01:00;2.25
91150013;94 BLD ST MICHEL;ETAMPES;48.452;2.173;R;E85;3;2026-10-07 00:01:00;0.896
91150013;94 BLD ST MICHEL;ETAMPES;48.452;2.173;R;GPLc;4;2026-10-07 00:01:00;0.984
73000001;21 RUE CENTRALE;BASSENS;45.576;5.944;R;Gazole;1;2026-10-07 08:26:00;2.299
73000001;21 RUE CENTRALE;BASSENS;45.576;5.944;R;E85;3;2026-10-07 08:26:00;1.004
73000001;21 RUE CENTRALE;BASSENS;45.576;5.944;R;GPLc;4;2026-10-07 08:26:00;1.01
73000001;21 RUE CENTRALE;BASSENS;45.576;5.944;R;E10;5;2026-10-07 08:26:00;2.169
73000001;21 RUE CENTRALE;BASSENS;45.576;5.944;R;SP98;6;2026-10-07 08:26:00;2.289
83170010;H.l.m. de la Route de Nice;BRIGNOLES;43.40551;6.0753;R;Gazole;1;2026-10-07 08:52:09;2.339
83170010;H.l.m. de la Route de Nice;BRIGNOLES;43.40551;6.0753;R;E85;3;2026-10-07 08:52:09;0.869
83170010;H.l.m. de la Route de Nice;BRIGNOLES;43.40551;6.0753;R;E10;5;2026-10-07 08:52:09;2.189
83170010;H.l.m. de la Route de Nice;BRIGNOLES;43.40551;6.0753;R;SP98;6;2026-10-07 08:52:10;2.319
13008008;AVENUE DE HAMBOURG;MARSEILLE;43.249;5.391;R;Gazole;1;2026-10-07 07:47:35;2.359
13008008;AVENUE DE HAMBOURG;MARSEILLE;43.249;5.391;R;E10;5;2026-10-07 07:47:35;2.152
13008008;AVENUE DE HAMBOURG;MARSEILLE;43.249;5.391;R;SP98;6;2026-10-07 07:47:35;2.258
76420007;6 Av. du Maréchal Juin;Bihorel;49.462333841909;1.12343058864;R;E10;5;2026-10-07 07:43:56;2.129
17000005;124 Boulevard André Sautel;La Rochelle;46.17;-1.127;R;Gazole;1;2026-10-07 08:30:00;2.288
17000005;124 Boulevard André Sautel;La Rochelle;46.17;-1.127;R;E85;3;2026-10-07 08:30:00;0.799
10430003;71 rue Victor Hugo;Rosières;48.266508041454;4.0611727612853;R;Gazole;1;2026-10-07 08:05:32;2.299
10430003;71 rue Victor Hugo;Rosières;48.266508041454;4.0611727612853;R;SP95;2;2026-10-07 08:05:32;2.209
10430003;71 rue Victor Hugo;Rosières;48.266508041454;4.0611727612853;R;E85;3;2026-10-07 08:05:32;0.909
10430003;71 rue Victor Hugo;Rosières;48.266508041454;4.0611727612853;R;E10;5;2026-10-07 08:05:32;2.169
10430003;71 rue Victor Hugo;Rosières;48.266508041454;4.0611727612853;R;SP98;6;2026-10-07 08:05:32;2.269
95500006;1 Rue Georges Pompidou;GONESSE;48.98940867009;2.433548852432;R;Gazole;1;2026-10-07 07:59:18;2.369
95500006;1 Rue Georges Pompidou;GONESSE;48.98940867009;2.433548852432;R;SP95;2;2026-10-07 07:59:18;2.199
95500006;1 Rue Georges Pompidou;GONESSE;48.98940867009;2.433548852432;R;E85;3;2026-10-07 07:59:18;0.849
95500006;1 Rue Georges Pompidou;GONESSE;48.98940867009;2.433548852432;R;E10;5;2026-10-07 07:59:18;2.175
95500006;1 Rue Georges Pompidou;GONESSE;48.98940867009;2.433548852432;R;SP98;6;2026-10-07 07:59:18;2.219
28300009;Aire de Bois-Paris A11 Sens Province/Paris;Gasville-Oisème;48.467;1.579;A;Gazole;1;2026-10-07 09:30:00;2.607
28300009;Aire de Bois-Paris A11 Sens Province/Paris;Gasville-Oisème;48.467;1.579;A;E10;5;2026-10-07 09:30:00;2.563
28300009;Aire de Bois-Paris A11 Sens Province/Paris;Gasville-Oisème;48.467;1.579;A;SP98;6;2026-10-07 09:30:00;2.713
33000022;2 BD DU PRESIDENT WILSON;BORDEAUX;44.837;-0.599;R;Gazole;1;2026-10-07 00:01:00;2.25
33000022;2 BD DU PRESIDENT WILSON;BORDEAUX;44.837;-0.599;R;E10;5;2026-10-07 00:01:00;1.99
13009006;CHEMIN DU ROY D'ESPAGNE;MARSEILLE;43.233;5.401;R;Gazole;1;2026-10-07 09:51:12;2.25
13009006;CHEMIN DU ROY D'ESPAGNE;MARSEILLE;43.233;5.401;R;E85;3;2026-10-07 09:51:13;0.86
13009006;CHEMIN DU ROY D'ESPAGNE;MARSEILLE;43.233;5.401;R;E10;5;2026-10-07 09:51:13;2.14
13009006;CHEMIN DU ROY D'ESPAGNE;MARSEILLE;43.233;5.401;R;SP98;6;2026-10-07 09:51:13;2.23
74330001;ZI La Mandallaz;ÉPAGNY METZ-TESSY;45.94;6.073;R;Gazole;1;2026-10-07 07:48:21;2.339
74330001;ZI La Mandallaz;ÉPAGNY METZ-TESSY;45.94;6.073;R;E10;5;2026-10-07 07:48:21;2.169
74330001;ZI La Mandallaz;ÉPAGNY METZ-TESSY;45.94;6.073;R;SP98;6;2026-10-07 07:48:21;2.269
29200015;42 BOULEVARD DE L'EUROPE;BREST;48.413;-4.49;R;Gazole;1;2026-10-07 00:01:00;2.25
29200015;42 BOULEVARD DE L'EUROPE;BREST;48.413;-4.49;R;E10;5;2026-10-07 00:01:00;1.99
29200015;42 BOULEVARD DE L'EUROPE;BREST;48.413;-4.49;R;SP98;6;2026-10-07 00:01:00;1.99
64780001;Quartier Gahardou Sud;Ossès;43.234385637161;-1.2965108393474;R;Gazole;1;2026-10-07 10:51:00;2.369
64780001;Quartier Gahardou Sud;Ossès;43.234385637161;-1.2965108393474;R;E10;5;2026-10-07 10:51:00;2.159
64780001;Quartier Gahardou Sud;Ossès;43.234385637161;-1.2965108393474;R;SP98;6;2026-10-07 10:51:00;2.239
38120002;7 Route de Lyon;Fontanil-Cornillon;45.248;5.667;R;Gazole;1;2026-10-07 11:02:56;2.25
38120002;7 Route de Lyon;Fontanil-Cornillon;45.248;5.667;R;E85;3;2026-10-07 11:02:56;0.904
38120002;7 Route de Lyon;Fontanil-Cornillon;45.248;5.667;R;E10;5;2026-10-07 11:02:56;1.99
47700001;3 rue henri iv;Casteljaloux;44.314;0.081;R;Gazole;1;2026-10-07 09:00:00;2.329
47700001;3 rue henri iv;Casteljaloux;44.314;0.081;R;SP95;2;2026-10-07 09:00:00;2.239
47700001;3 rue henri iv;Casteljaloux;44.314;0.081;R;E85;3;2026-10-07 09:00:00;0.899
47700001;3 rue henri iv;Casteljaloux;44.314;0.081;R;E10;5;2026-10-07 09:00:00;2.149
47700001;3 rue henri iv;Casteljaloux;44.314;0.081;R;SP98;6;2026-10-07 09:00:00;2.256
90160001;CD 419;BESSONCOURT;47.641;6.916;A;Gazole;1;2026-10-07 09:38:43;2.502
90160001;CD 419;BESSONCOURT;47.641;6.916;A;E10;5;2026-10-07 09:38:43;2.28
30210001;Impasse Roussin;REMOULINS;43.939;4.574;R;Gazole;1;2026-10-07 08:14:19;2.399
30210001;Impasse Roussin;REMOULINS;43.939;4.574;R;E85;3;2026-10-07 08:14:19;0.899
30210001;Impasse Roussin;REMOULINS;43.939;4.574;R;E10;5;2026-10-07 08:14:19;2.199
30210001;Impasse Roussin;REMOULINS;43.939;4.574;R;SP98;6;2026-10-07 08:14:19;2.339
77120003;Boulevard de la Marne;COULOMMIERS;48.804;3.091;R;Gazole;1;2026-10-07 08:26:43;2.299
77120003;Boulevard de la Marne;COULOMMIERS;48.804;3.091;R;E85;3;2026-10-07 08:26:43;0.859
77120003;Boulevard de la Marne;COULOMMIERS;48.804;3.091;R;E10;5;2026-10-07 08:26:43;2.129
77120003;Boulevard de la Marne;COULOMMIERS;48.804;3.091;R;SP98;6;2026-10-07 08:26:43;2.219
76150004;14 route de Duclair;St Jean Du Cardonnay;49.4830834;1.0170327000000001;R;Gazole;1;2026-10-07 07:07:26;2.25
76150004;14 route de Duclair;St Jean Du Cardonnay;49.4830834;1.0170327000000001;R;E10;5;2026-10-07 07:07:26;1.99
76150004;14 route de Duclair;St Jean Du Cardonnay;49.4830834;1.0170327000000001;R;SP98;6;2026-10-07 08:17:32;1.99
92400016;41 QUAI PAUL DOUMER;COURBEVOIE;48.894;2.26;R;Gazole;1;2026-10-07 00:01:00;2.25
92400016;41 QUAI PAUL DOUMER;COURBEVOIE;48.894;2.26;R;E85;3;2026-10-07 00:01:00;0.915
92400016;41 QUAI PAUL DOUMER;COURBEVOIE;48.894;2.26;R;E10;5;2026-10-07 00:01:00;1.99
92400016;41 QUAI PAUL DOUMER;COURBEVOIE;48.894;2.26;R;SP98;6;2026-10-07 00:01:00;1.99
25500001;15 RUE SAINT MICHEL;MORTEAU;47.056;6.609;R;Gazole;1;2026-10-07 06:00:00;2.399
59770002;Avenue Henri Barbusse;MARLY;50.341;3.566;R;Gazole;1;2026-10-07 07:58:33;2.395
59770002;Avenue Henri Barbusse;MARLY;50.341;3.566;R;E85;3;2026-10-07 07:58:33;0.886
59770002;Avenue Henri Barbusse;MARLY;50.341;3.566;R;E10;5;2026-10-07 07:58:33;2.204
59770002;Avenue Henri Barbusse;MARLY;50.341;3.566;R;SP98;6;2026-10-07 07:58:33;2.31
16700003;Route d'Aigre ;Ruffec;46.02138;0.18967;R;Gazole;1;2026-10-07 08:30:00;2.299
94110005;89 AV A. BRIAND;ARCUEIL;48.804;2.325;R;E10;5;2026-10-07 00:01:00;1.99
30260002;45 VOIE ROMAINE;QUISSAC;43.902;4.006;R;Gazole;1;2026-10-07 08:02:45;2.459
92110011;10 BLD DU GENERAL LECLERC;CLICHY;48.9;2.317;R;Gazole;1;2026-10-07 00:01:00;2.25
21800002;AVENUE DE BOURGOGNE;QUETIGNY;47.31;5.106;R;Gazole;1;2026-10-07 05:19:15;2.303
21800002;AVENUE DE BOURGOGNE;QUETIGNY;47.31;5.106;R;SP95;2;2026-10-07 05:19:16;2.215
21800002;AVENUE DE BOURGOGNE;QUETIGNY;47.31;5.106;R;E85;3;2026-10-07 05:19:16;0.9
21800002;AVENUE DE BOURGOGNE;QUETIGNY;47.31;5.106;R;E10;5;2026-10-07 05:19:16;2.143
21800002;AVENUE DE BOURGOGNE;QUETIGNY;47.31;5.106;R;SP98;6;2026-10-07 05:19:16;2.271
62410001;45 RUE A.PEZE;WINGLES;50.495;2.858;R;Gazole;1;2026-10-07 09:32:14;2.299
62410001;45 RUE A.PEZE;WINGLES;50.495;2.858;R;SP98;6;2026-10-07 09:32:15;2.259
57200001;60 Route de Nancy;Sarreguemines;49.10011;7.05924;R;SP98;6;2026-10-07 08:03:46;1.99
78690003;37- RN 10;LES ESSARTS LE ROI;48.718;1.883;R;Gazole;1;2026-10-07 00:01:00;2.25
78690003;37- RN 10;LES ESSARTS LE ROI;48.718;1.883;R;GPLc;4;2026-10-07 00:01:00;0.974
77250006;RD 606;MORET-LOING-ET-ORVANNE;48.364;2.853;R;GPLc;4;2026-10-07 00:01:00;1.042
64500004;RN 10;SAINT-JEAN-DE-LUZ;43.39172;-1.65483;R;Gazole;1;2026-10-07 08:51:37;2.25
64500004;RN 10;SAINT-JEAN-DE-LUZ;43.39172;-1.65483;R;E10;5;2026-10-07 08:51:37;1.99
77390003;L OREE DE GUIGNES;GUIGNES;48.63502;2.799;R;Gazole;1;2026-10-07 08:29:50;2.369
77390003;L OREE DE GUIGNES;GUIGNES;48.63502;2.799;R;E10;5;2026-10-07 08:29:50;2.173
77390003;L OREE DE GUIGNES;GUIGNES;48.63502;2.799;R;SP98;6;2026-10-07 08:29:50;2.273
37170006;340 avenue du grand sud RD910;CHAMBRAY-LÈS-TOURS;47.317;0.711;R;Gazole;1;2026-10-07 00:01:00;2.25
37170006;340 avenue du grand sud RD910;CHAMBRAY-LÈS-TOURS;47.317;0.711;R;E10;5;2026-10-07 00:01:00;1.99
37170006;340 avenue du grand sud RD910;CHAMBRAY-LÈS-TOURS;47.317;0.711;R;SP98;6;2026-10-07 06:41:29;1.99
87100011;252/259 AVENUE DU GENERAL LECLER;LIMOGES;45.855;1.266;R;Gazole;1;2026-10-07 00:01:00;2.25
87100011;252/259 AVENUE DU GENERAL LECLER;LIMOGES;45.855;1.266;R;E10;5;2026-10-07 00:01:00;1.99
87100011;252/259 AVENUE DU GENERAL LECLER;LIMOGES;45.855;1.266;R;SP98;6;2026-10-07 00:01:00;1.99
33500005;11 Rue Pierre Benoit;LIBOURNE;44.90603;-0.23355;R;Gazole;1;2026-10-07 06:45:32;2.343
33500005;11 Rue Pierre Benoit;LIBOURNE;44.90603;-0.23355;R;E10;5;2026-10-07 06:45:32;2.139
33500005;11 Rue Pierre Benoit;LIBOURNE;44.90603;-0.23355;R;SP98;6;2026-10-07 06:45:32;2.239
30960003;LES CAMBONS;LES MAGES;44.218;4.156;R;Gazole;1;2026-10-07 08:09:48;2.39
30960003;LES CAMBONS;LES MAGES;44.218;4.156;R;E85;3;2026-10-07 08:09:48;0.85
30960003;LES CAMBONS;LES MAGES;44.218;4.156;R;GPLc;4;2026-10-07 08:09:48;1.2
30960003;LES CAMBONS;LES MAGES;44.218;4.156;R;E10;5;2026-10-07 08:09:48;2.23
30960003;LES CAMBONS;LES MAGES;44.218;4.156;R;SP98;6;2026-10-07 08:09:48;2.32
13008017;265 AVENUE DE MAZARGUES;MARSEILLE;43.263;5.393;R;Gazole;1;2026-10-07 00:01:00;2.25
13008017;265 AVENUE DE MAZARGUES;MARSEILLE;43.263;5.393;R;E85;3;2026-10-07 00:01:00;0.907
13008017;265 AVENUE DE MAZARGUES;MARSEILLE;43.263;5.393;R;E10;5;2026-10-07 09:10:29;1.99
76620002;8, rue Romain Rolland Sanvic;Le Havre;49.505271075619;0.10091570994635;R;Gazole;1;2026-10-07 10:53:06;2.386
76620002;8, rue Romain Rolland Sanvic;Le Havre;49.505271075619;0.10091570994635;R;E10;5;2026-10-07 10:53:06;2.159
76620002;8, rue Romain Rolland Sanvic;Le Havre;49.505271075619;0.10091570994635;R;SP98;6;2026-10-07 10:53:06;2.261
4200003;route de Sisteron;PEIPIN;44.14295;5.95926;R;Gazole;1;2026-10-07 08:37:28;2.349
31410004;ROUTE DE MAUZAC;LAVERNOSE-LACASSE;43.392;1.267;R;Gazole;1;2026-10-07 09:40:26;2.299
31410004;ROUTE DE MAUZAC;LAVERNOSE-LACASSE;43.392;1.267;R;E85;3;2026-10-07 09:40:26;0.869
31410004;ROUTE DE MAUZAC;LAVERNOSE-LACASSE;43.392;1.267;R;E10;5;2026-10-07 09:40:26;2.159
31410004;ROUTE DE MAUZAC;LAVERNOSE-LACASSE;43.392;1.267;R;SP98;6;2026-10-07 09:40:26;2.278
31400010;36 ALLEE DES DEMOISELLES;TOULOUSE;43.59;1.455;R;Gazole;1;2026-10-07 00:01:00;2.25
86100014;AUTOROUTE A10;Antran;46.905;0.523;A;Gazole;1;2026-10-07 08:35:11;2.629
84160003;4 impasse Louis Astic, Zone artisanale Les Meillères;Cadenet;43.728;5.368;R;Gazole;1;2026-10-07 09:49:37;2.349
17500003;PARC COMMERCIAL DE LA SOURCE;Jonzac;45.4382966;-0.4515224;R;Gazole;1;2026-10-07 09:19:30;2.311
17500003;PARC COMMERCIAL DE LA SOURCE;Jonzac;45.4382966;-0.4515224;R;E85;3;2026-10-07 09:19:30;0.869
17500003;PARC COMMERCIAL DE LA SOURCE;Jonzac;45.4382966;-0.4515224;R;GPLc;4;2026-10-07 09:19:30;1.099
17500003;PARC COMMERCIAL DE LA SOURCE;Jonzac;45.4382966;-0.4515224;R;E10;5;2026-10-07 09:19:30;2.148
17500003;PARC COMMERCIAL DE LA SOURCE;Jonzac;45.4382966;-0.4515224;R;SP98;6;2026-10-07 09:19:30;2.269
24000007;rue du moulin neuf CC le Privilège;PéRIGUEUX;45.2;0.694;R;Gazole;1;2026-10-07 10:52:00;2.347
24000007;rue du moulin neuf CC le Privilège;PéRIGUEUX;45.2;0.694;R;SP95;2;2026-10-07 10:52:00;2.218
24000007;rue du moulin neuf CC le Privilège;PéRIGUEUX;45.2;0.694;R;E85;3;2026-10-07 10:52:00;0.865
24000007;rue du moulin neuf CC le Privilège;PéRIGUEUX;45.2;0.694;R;E10;5;2026-10-07 10:52:00;2.157
21110002;route departementale 905;GENLIS;47.245;5.204;R;Gazole;1;2026-10-07 07:46:57;2.25
38200014;14 Cours de Verdun;Vienne;45.52;4.87;R;Gazole;1;2026-10-07 07:35:47;2.25
38200014;14 Cours de Verdun;Vienne;45.52;4.87;R;E10;5;2026-10-07 07:35:47;1.99
38200014;14 Cours de Verdun;Vienne;45.52;4.87;R;SP98;6;2026-10-07 07:35:47;1.99
87000006;RUE BERNART DE VENTADOUR;LIMOGES;45.815;1.269;R;Gazole;1;2026-10-07 08:17:27;2.363
87000006;RUE BERNART DE VENTADOUR;LIMOGES;45.815;1.269;R;E10;5;2026-10-07 08:17:27;2.16
87000006;RUE BERNART DE VENTADOUR;LIMOGES;45.815;1.269;R;SP98;6;2026-10-07 08:17:27;2.292
30900023;200 avenue du Docteur Claude Baillet;Nîmes;43.81;4.36;R;Gazole;1;2026-10-07 08:56:08;2.349
30900023;200 avenue du Docteur Claude Baillet;Nîmes;43.81;4.36;R;E85;3;2026-10-07 08:56:09;0.879
30900023;200 avenue du Docteur Claude Baillet;Nîmes;43.81;4.36;R;GPLc;4;2026-10-07 08:56:09;1.056
38160002;ZI LES GAMEUX;Chatte;45.144;5.305;R;Gazole;1;2026-10-07 09:41:00;2.313
38160002;ZI LES GAMEUX;Chatte;45.144;5.305;R;SP95;2;2026-10-07 09:41:00;2.209
38160002;ZI LES GAMEUX;Chatte;45.144;5.305;R;GPLc;4;2026-10-07 09:41:00;1.067
38160002;ZI LES GAMEUX;Chatte;45.144;5.305;R;E10;5;2026-10-07 09:41:00;2.161
38160002;ZI LES GAMEUX;Chatte;45.144;5.305;R;SP98;6;2026-10-07 09:41:00;2.266
17700002;44 Rue Audry de Puyravault;Surgères;46.109;-0.754;R;Gazole;1;2026-10-07 07:09:16;2.25
17700002;44 Rue Audry de Puyravault;Surgères;46.109;-0.754;R;SP95;2;2026-10-07 07:09:16;1.99
38600003;120 boulevard Paul Langevin;Fontaine;45.197;5.673;R;Gazole;1;2026-10-07 10:11:00;2.257
38600003;120 boulevard Paul Langevin;Fontaine;45.197;5.673;R;E85;3;2026-10-07 10:11:00;0.909
38600003;120 boulevard Paul Langevin;Fontaine;45.197;5.673;R;GPLc;4;2026-10-07 10:11:00;1.01
38600003;120 boulevard Paul Langevin;Fontaine;45.197;5.673;R;E10;5;2026-10-07 10:11:00;2.12
38600003;120 boulevard Paul Langevin;Fontaine;45.197;5.673;R;SP98;6;2026-10-07 10:11:00;2.214
13620004;55 AVENUE DRAIO DE LA MAR;Carry-le-Rouet;43.33;5.139;R;Gazole;1;2026-10-07 07:08:16;2.25
13620004;55 AVENUE DRAIO DE LA MAR;Carry-le-Rouet;43.33;5.139;R;SP95;2;2026-10-07 07:08:16;1.99
13620004;55 AVENUE DRAIO DE LA MAR;Carry-le-Rouet;43.33;5.139;R;SP98;6;2026-10-07 07:08:16;1.99
9500003;13 avenue CHARLES DE GAULLE;MIREPOIX;43.084;1.877;R;Gazole;1;2026-10-07 09:16:11;2.349
22400009;3 RUE DES PRES JOUETTES - PA LANJOUAN 2;LAMBALLE ARMOR;48.481751064981;-2.4981010304171;R;Gazole;1;2026-10-07 08:14:36;2.25
22400009;3 RUE DES PRES JOUETTES - PA LANJOUAN 2;LAMBALLE ARMOR;48.481751064981;-2.4981010304171;R;E85;3;2026-10-07 08:14:36;0.894
62780004;209 AVENUE DE L'EUROPE;CUCQ;50.51;1.629;R;Gazole;1;2026-10-07 00:01:00;2.25
62780004;209 AVENUE DE L'EUROPE;CUCQ;50.51;1.629;R;E85;3;2026-10-07 00:01:00;0.863
62780004;209 AVENUE DE L'EUROPE;CUCQ;50.51;1.629;R;GPLc;4;2026-10-07 00:01:00;1.019
62780004;209 AVENUE DE L'EUROPE;CUCQ;50.51;1.629;R;E10;5;2026-10-07 00:01:00;1.99
18230004;RD 2076 ROUTE DE VIERZON;Saint-Doulchard;47.121;2.37;R;Gazole;1;2026-10-07 06:49:11;2.299
18230004;RD 2076 ROUTE DE VIERZON;Saint-Doulchard;47.121;2.37;R;E10;5;2026-10-07 06:49:11;2.159
18230004;RD 2076 ROUTE DE VIERZON;Saint-Doulchard;47.121;2.37;R;SP98;6;2026-10-07 06:49:11;2.227
60590001;RN 181;Trie-Château;49.289;1.807;R;Gazole;1;2026-10-07 08:30:33;2.338
60590001;RN 181;Trie-Château;49.289;1.807;R;SP95;2;2026-10-07 08:30:33;2.178
60590001;RN 181;Trie-Château;49.289;1.807;R;SP98;6;2026-10-07 08:30:33;2.238
52000006;Faubourg du Moulin Neuf;Chaumont;48.123;5.149;R;Gazole;1;2026-10-07 07:54:16;2.365
52000006;Faubourg du Moulin Neuf;Chaumont;48.123;5.149;R;E10;5;2026-10-07 07:54:16;2.189
52000006;Faubourg du Moulin Neuf;Chaumont;48.123;5.149;R;SP98;6;2026-10-07 07:54:16;2.269
67120004;4 Route de Schirmeck;DUPPIGHEIM;48.52668;7.59899;R;Gazole;1;2026-10-07 05:36:15;2.25
78600004;101 AV.DE POISSY - RN.306;Le Mesnil-le-Roi;48.943;2.129;R;Gazole;1;2026-10-07 00:01:00;2.25
78600004;101 AV.DE POISSY - RN.306;Le Mesnil-le-Roi;48.943;2.129;R;E85;3;2026-10-07 00:01:00;0.885
78600004;101 AV.DE POISSY - RN.306;Le Mesnil-le-Roi;48.943;2.129;R;E10;5;2026-10-07 00:01:00;1.99
44310001;ESPACE CIAL GRAND LAC;SAINT-PHILBERT-DE-GRAND-LIEU;47.04729577;-1.6403904800000002;R;Gazole;1;2026-10-07 07:52:43;2.309
44310001;ESPACE CIAL GRAND LAC;SAINT-PHILBERT-DE-GRAND-LIEU;47.04729577;-1.6403904800000002;R;GPLc;4;2026-10-07 07:52:43;0.989
44310001;ESPACE CIAL GRAND LAC;SAINT-PHILBERT-DE-GRAND-LIEU;47.04729577;-1.6403904800000002;R;E10;5;2026-10-07 07:52:43;2.129
44310001;ESPACE CIAL GRAND LAC;SAINT-PHILBERT-DE-GRAND-LIEU;47.04729577;-1.6403904800000002;R;SP98;6;2026-10-07 07:52:43;2.219
76230007;ZONE DU GROS CHENE;ISNEAUVILLE;49.5039875947;1.15396459007;R;Gazole;1;2026-10-07 08:02:35;2.349
76230007;ZONE DU GROS CHENE;ISNEAUVILLE;49.5039875947;1.15396459007;R;E10;5;2026-10-07 08:02:35;2.149
76230007;ZONE DU GROS CHENE;ISNEAUVILLE;49.5039875947;1.15396459007;R;SP98;6;2026-10-07 08:02:35;2.279
1430005;AUTOROUTE A40 - AIRE DE CEIGNES CERDON;CEIGNES;46.1237;5.49956;A;Gazole;1;2026-10-07 00:01:00;2.25
1430005;AUTOROUTE A40 - AIRE DE CEIGNES CERDON;CEIGNES;46.1237;5.49956;A;E85;3;2026-10-07 00:01:00;0.999
1430005;AUTOROUTE A40 - AIRE DE CEIGNES CERDON;CEIGNES;46.1237;5.49956;A;GPLc;4;2026-10-07 00:01:00;1.119
1430005;AUTOROUTE A40 - AIRE DE CEIGNES CERDON;CEIGNES;46.1237;5.49956;A;E10;5;2026-10-07 00:01:00;1.99
1430005;AUTOROUTE A40 - AIRE DE CEIGNES CERDON;CEIGNES;46.1237;5.49956;A;SP98;6;2026-10-07 00:01:00;1.99
78540001;Rue de la Grosse Pierre;VERNOUILLET;48.976;1.995;R;Gazole;1;2026-10-07 08:06:49;2.389
78540001;Rue de la Grosse Pierre;VERNOUILLET;48.976;1.995;R;SP95;2;2026-10-07 08:06:49;2.207
78540001;Rue de la Grosse Pierre;VERNOUILLET;48.976;1.995;R;E10;5;2026-10-07 08:06:50;2.179
41000007;15 rue du bout des haies;Blois;47.61;1.327;R;Gazole;1;2026-10-07 07:29:09;2.35
41000007;15 rue du bout des haies;Blois;47.61;1.327;R;E85;3;2026-10-07 07:29:09;0.965
41000007;15 rue du bout des haies;Blois;47.61;1.327;R;GPLc;4;2026-10-07 07:29:09;0.955
41000007;15 rue du bout des haies;Blois;47.61;1.327;R;E10;5;2026-10-07 07:29:09;2.19
41000007;15 rue du bout des haies;Blois;47.61;1.327;R;SP98;6;2026-10-07 07:29:09;2.255
70100003;20 Avenue du Maréchal Lyautey;GRAY;47.445;5.598;R;Gazole;1;2026-10-07 10:58:43;2.25
70100003;20 Avenue du Maréchal Lyautey;GRAY;47.445;5.598;R;E10;5;2026-10-07 10:58:43;1.99
70100003;20 Avenue du Maréchal Lyautey;GRAY;47.445;5.598;R;SP98;6;2026-10-07 10:58:43;1.99
77600004;AUTOROUTE A4 - AIRE DE FERRIÈRES;Bussy-Saint-Georges;48.829;2.742;A;Gazole;1;2026-10-07 00:01:00;2.25
77600004;AUTOROUTE A4 - AIRE DE FERRIÈRES;Bussy-Saint-Georges;48.829;2.742;A;GPLc;4;2026-10-07 00:01:00;1.019
77600004;AUTOROUTE A4 - AIRE DE FERRIÈRES;Bussy-Saint-Georges;48.829;2.742;A;E10;5;2026-10-07 00:01:00;1.99
77600004;AUTOROUTE A4 - AIRE DE FERRIÈRES;Bussy-Saint-Georges;48.829;2.742;A;SP98;6;2026-10-07 00:01:00;1.99
39200003;16 Route de Lyon;Saint-Claude;46.379;5.839;R;Gazole;1;2026-10-07 08:23:29;2.25
39200003;16 Route de Lyon;Saint-Claude;46.379;5.839;R;E85;3;2026-10-07 08:23:29;0.92
39200003;16 Route de Lyon;Saint-Claude;46.379;5.839;R;GPLc;4;2026-10-07 08:23:29;1.01
39200003;16 Route de Lyon;Saint-Claude;46.379;5.839;R;E10;5;2026-10-07 08:23:29;1.99
39200003;16 Route de Lyon;Saint-Claude;46.379;5.839;R;SP98;6;2026-10-07 08:23:29;1.99
62250011;AUTOROUTE A16 - AIRE DES DEUX CAPS;LEUBRINGHEN;50.859765360000004;1.73284823;A;Gazole;1;2026-10-07 00:01:00;2.25
62250011;AUTOROUTE A16 - AIRE DES DEUX CAPS;LEUBRINGHEN;50.859765360000004;1.73284823;A;E10;5;2026-10-07 00:01:00;1.99
62250011;AUTOROUTE A16 - AIRE DES DEUX CAPS;LEUBRINGHEN;50.859765360000004;1.73284823;A;SP98;6;2026-10-07 00:01:00;1.99
63620001;ROUTE DE SAINT AVIT;Giat;45.80467;2.47016;R;Gazole;1;2026-10-07 06:02:08;2.419
63620001;ROUTE DE SAINT AVIT;Giat;45.80467;2.47016;R;E10;5;2026-10-07 06:02:08;2.279
63620001;ROUTE DE SAINT AVIT;Giat;45.80467;2.47016;R;SP98;6;2026-10-07 06:02:08;2.369
77169001;2 Rue de Rebais;Boissy-Le-Châtel;48.822838;3.13773;R;Gazole;1;2026-10-07 10:49:25;2.25
77169001;2 Rue de Rebais;Boissy-Le-Châtel;48.822838;3.13773;R;E10;5;2026-10-07 10:49:25;1.99
76550001;AVENUE DE LA HETRAIE;Offranville;49.87174;1.04855;R;Gazole;1;2026-10-07 08:41:00;2.387
76550001;AVENUE DE LA HETRAIE;Offranville;49.87174;1.04855;R;E10;5;2026-10-07 08:41:00;2.188
76550001;AVENUE DE LA HETRAIE;Offranville;49.87174;1.04855;R;SP98;6;2026-10-07 08:41:00;2.294
83460004;QUARTIER BOURGOGNE;LES ARCS SUR ARGENS;43.448;6.473;R;Gazole;1;2026-10-07 07:35:52;2.219
83460004;QUARTIER BOURGOGNE;LES ARCS SUR ARGENS;43.448;6.473;R;SP95;2;2026-10-07 07:35:52;2.209
83460004;QUARTIER BOURGOGNE;LES ARCS SUR ARGENS;43.448;6.473;R;E10;5;2026-10-07 07:35:53;2.169
13090021;Lieudit Chamsaur, 210 Avenue de Bredasque;Aix-en-Provence;43.534550456181;5.4177630497523;R;Gazole;1;2026-10-07 10:07:02;2.291
13090021;Lieudit Chamsaur, 210 Avenue de Bredasque;Aix-en-Provence;43.534550456181;5.4177630497523;R;GPLc;4;2026-10-07 10:07:02;0.994
13090021;Lieudit Chamsaur, 210 Avenue de Bredasque;Aix-en-Provence;43.534550456181;5.4177630497523;R;E10;5;2026-10-07 10:07:02;2.15
50560001;Chemin amour ZA les landelles;BLAINVILLE-SUR-MER;49.065;-1.595;R;Gazole;1;2026-10-07 07:47:20;2.395
50560001;Chemin amour ZA les landelles;BLAINVILLE-SUR-MER;49.065;-1.595;R;E10;5;2026-10-07 07:47:20;2.223
50560001;Chemin amour ZA les landelles;BLAINVILLE-SUR-MER;49.065;-1.595;R;SP98;6;2026-10-07 07:47:20;2.274
85270001;Avenue du Terre Fort Face Hyper U;SAINT-HILAIRE-DE-RIEZ;46.713;-1.961;R;Gazole;1;2026-10-07 02:15:00;2.319
85270001;Avenue du Terre Fort Face Hyper U;SAINT-HILAIRE-DE-RIEZ;46.713;-1.961;R;E85;3;2026-10-07 02:15:00;0.837
85270001;Avenue du Terre Fort Face Hyper U;SAINT-HILAIRE-DE-RIEZ;46.713;-1.961;R;E10;5;2026-10-07 02:15:00;2.119
85270001;Avenue du Terre Fort Face Hyper U;SAINT-HILAIRE-DE-RIEZ;46.713;-1.961;R;SP98;6;2026-10-07 02:15:00;2.219
72350001;ROUTE DE SILLE;BRûLON;47.974;-0.231;R;Gazole;1;2026-10-07 08:08:41;2.25
68600002;RUE DES ARTISANS;VOLGELSHEIM;48.012;7.548;R;Gazole;1;2026-10-07 06:02:29;2.409
69220001;AVENUE DE VERDUN;BELLEVILLE;46.099;4.749;R;Gazole;1;2026-10-07 09:05:01;2.305
69220001;AVENUE DE VERDUN;BELLEVILLE;46.099;4.749;R;E10;5;2026-10-07 09:05:01;2.155
69220001;AVENUE DE VERDUN;BELLEVILLE;46.099;4.749;R;SP98;6;2026-10-07 09:05:01;2.265
49003001;3 Boulevard Gaston Ramon;ANGERS;47.489;-0.544;R;Gazole;1;2026-10-07 08:41:39;2.336
49003001;3 Boulevard Gaston Ramon;ANGERS;47.489;-0.544;R;GPLc;4;2026-10-07 09:54:18;1.049
49003001;3 Boulevard Gaston Ramon;ANGERS;47.489;-0.544;R;E10;5;2026-10-07 08:41:39;2.159
11000018;Centre Commercial Salvaza ZI la Bouriette;Carcassonne;43.208;2.311;R;GPLc;4;2026-10-07 11:06:58;1.039
3120004;zac les pres de la grand route;Lapalisse;46.245522061353;3.611568909912;R;E85;3;2026-10-07 07:19:54;0.921
3120004;zac les pres de la grand route;Lapalisse;46.245522061353;3.611568909912;R;E10;5;2026-10-07 07:19:54;1.99
3120004;zac les pres de la grand route;Lapalisse;46.245522061353;3.611568909912;R;SP98;6;2026-10-07 07:19:54;1.99
1000007;AVENUE FRANCOIS PIGNIER;Bourg-en-Bresse;46.221;5.245;R;Gazole;1;2026-10-07 09:41:00;2.416
1000007;AVENUE FRANCOIS PIGNIER;Bourg-en-Bresse;46.221;5.245;R;SP95;2;2026-10-07 09:41:00;2.238
1000007;AVENUE FRANCOIS PIGNIER;Bourg-en-Bresse;46.221;5.245;R;E10;5;2026-10-07 09:41:00;2.178
1000007;AVENUE FRANCOIS PIGNIER;Bourg-en-Bresse;46.221;5.245;R;SP98;6;2026-10-07 09:41:00;2.278
35400010;18, RUE DE LA BALUE;Saint-Malo;48.629;-2.005;R;Gazole;1;2026-10-07 07:19:32;2.25
35400010;18, RUE DE LA BALUE;Saint-Malo;48.629;-2.005;R;E10;5;2026-10-07 07:19:32;1.99
35400010;18, RUE DE LA BALUE;Saint-Malo;48.629;-2.005;R;SP98;6;2026-10-07 07:19:33;1.99
51230001;83 CHEMIN DES LOGES;FèRE-CHAMPENOISE;48.759;3.986;R;Gazole;1;2026-10-07 07:04:12;2.345
51230001;83 CHEMIN DES LOGES;FèRE-CHAMPENOISE;48.759;3.986;R;E10;5;2026-10-07 07:04:12;2.137
37220001;CENTRE CIAL LA ROCADE;L'Île-Bouchard;47.122;0.431;R;Gazole;1;2026-10-07 08:45:00;2.358
37220001;CENTRE CIAL LA ROCADE;L'Île-Bouchard;47.122;0.431;R;E10;5;2026-10-07 08:45:00;2.175
37220001;CENTRE CIAL LA ROCADE;L'Île-Bouchard;47.122;0.431;R;SP98;6;2026-10-07 08:45:00;2.235
54700006;CENTRE COMMERCIAL MONTRICHARD;PONT-à-MOUSSON;48.909;6.044;R;Gazole;1;2026-10-07 07:19:05;2.286
54700006;CENTRE COMMERCIAL MONTRICHARD;PONT-à-MOUSSON;48.909;6.044;R;E10;5;2026-10-07 07:19:05;2.136
54700006;CENTRE COMMERCIAL MONTRICHARD;PONT-à-MOUSSON;48.909;6.044;R;SP98;6;2026-10-07 07:19:05;2.258
24120006;Avenue Victor Hugo;Terrasson-Lavilledieu;45.131;1.297;R;Gazole;1;2026-10-07 09:00:00;2.329
24120006;Avenue Victor Hugo;Terrasson-Lavilledieu;45.131;1.297;R;E10;5;2026-10-07 09:00:00;2.159
24120006;Avenue Victor Hugo;Terrasson-Lavilledieu;45.131;1.297;R;SP98;6;2026-10-07 09:00:00;2.289
13890000;78 Avenue Roger Salengro;Mouriès;43.692;4.861;R;SP95;2;2026-10-07 07:49:26;2.309
21800007;Route de Chevigny;SENNECEY-LES-DIJON;47.29;5.1;R;Gazole;1;2026-10-07 09:50:18;2.329
21800007;Route de Chevigny;SENNECEY-LES-DIJON;47.29;5.1;R;E85;3;2026-10-07 09:50:18;0.889
21800007;Route de Chevigny;SENNECEY-LES-DIJON;47.29;5.1;R;E10;5;2026-10-07 09:50:18;2.109
21800007;Route de Chevigny;SENNECEY-LES-DIJON;47.29;5.1;R;SP98;6;2026-10-07 09:50:18;2.259
74600017;AVENUE D AIX LES BAINS;SEYNOD;45.877;6.089;R;Gazole;1;2026-10-07 09:52:50;2.369
74600017;AVENUE D AIX LES BAINS;SEYNOD;45.877;6.089;R;E10;5;2026-10-07 09:52:50;2.18
29000012;BLD FLANDRE DUNKERQUE;QUIMPER;47.98;-4.084;R;Gazole;1;2026-10-07 00:01:00;2.25
58150003;AUTOROUTE A77 - AIRE DES VIGNOBLES;Tracy-sur-Loire;47.3373;2.92728;A;Gazole;1;2026-10-07 00:01:00;2.25
58150003;AUTOROUTE A77 - AIRE DES VIGNOBLES;Tracy-sur-Loire;47.3373;2.92728;A;E10;5;2026-10-07 00:01:00;1.99
58150003;AUTOROUTE A77 - AIRE DES VIGNOBLES;Tracy-sur-Loire;47.3373;2.92728;A;SP98;6;2026-10-07 00:01:00;1.99
60280001;6 Avenue de l'Europe;VENETTE;49.408;2.781;R;Gazole;1;2026-10-07 08:04:45;2.249
60280001;6 Avenue de l'Europe;VENETTE;49.408;2.781;R;SP95;2;2026-10-07 08:04:45;2.241
60280001;6 Avenue de l'Europe;VENETTE;49.408;2.781;R;E85;3;2026-10-07 08:04:45;0.882
60280001;6 Avenue de l'Europe;VENETTE;49.408;2.781;R;GPLc;4;2026-10-07 08:04:45;1.009
60280001;6 Avenue de l'Europe;VENETTE;49.408;2.781;R;E10;5;2026-10-07 08:04:45;2.157
60280001;6 Avenue de l'Europe;VENETTE;49.408;2.781;R;SP98;6;2026-10-07 08:04:45;2.311
1500003;550, Avenue Jean Mermoz;CHâTEAU-GAILLARD;45.976;5.309;R;SP98;6;2026-10-07 10:20:53;1.989
91420004;avenue blaise pascal;MORANGIS;48.697;2.333;R;Gazole;1;2026-10-07 08:19:40;2.39
91420004;avenue blaise pascal;MORANGIS;48.697;2.333;R;E10;5;2026-10-07 08:19:40;2.2
91420004;avenue blaise pascal;MORANGIS;48.697;2.333;R;SP98;6;2026-10-07 08:19:40;2.293
62118002;RUE DU MARECHAL FOCH;BIACHE SAINT VAAST;50.306;2.952;R;Gazole;1;2026-10-07 07:27:29;2.37
62118002;RUE DU MARECHAL FOCH;BIACHE SAINT VAAST;50.306;2.952;R;E10;5;2026-10-07 07:27:30;2.136
62118002;RUE DU MARECHAL FOCH;BIACHE SAINT VAAST;50.306;2.952;R;SP98;6;2026-10-07 07:27:30;2.239
50270002;le pont rose;Barneville-Carteret;49.38496;-1.75198;R;Gazole;1;2026-10-07 10:33:04;2.335
50270002;le pont rose;Barneville-Carteret;49.38496;-1.75198;R;E10;5;2026-10-07 10:33:04;2.169
50270002;le pont rose;Barneville-Carteret;49.38496;-1.75198;R;SP98;6;2026-10-07 10:33:05;2.269
13800011;ROUTE DE FOS SUR MER;ISTRES;43.498;4.979;R;Gazole;1;2026-10-07 06:59:22;2.318
13800011;ROUTE DE FOS SUR MER;ISTRES;43.498;4.979;R;E85;3;2026-10-07 09:10:27;0.858
64100015;20 AVENUE MARECHAL JUIN;BAYONNE;43.492;-1.459;R;Gazole;1;2026-10-07 00:01:00;2.25
64100015;20 AVENUE MARECHAL JUIN;BAYONNE;43.492;-1.459;R;GPLc;4;2026-10-07 00:01:00;0.918
64100015;20 AVENUE MARECHAL JUIN;BAYONNE;43.492;-1.459;R;E10;5;2026-10-07 00:01:00;1.99
6110006;46 Avenue Franklin Roosevelt;Le Cannet;43.573;7.001;R;Gazole;1;2026-10-07 08:00:00;2.319
6110006;46 Avenue Franklin Roosevelt;Le Cannet;43.573;7.001;R;E10;5;2026-10-07 08:00:00;2.179
6110006;46 Avenue Franklin Roosevelt;Le Cannet;43.573;7.001;R;SP98;6;2026-10-07 08:00:00;2.279
94204001;10 Rue Westermeyer;IVRY-SUR-SEINE;48.819;2.396;R;Gazole;1;2026-10-07 05:56:45;2.366
94204001;10 Rue Westermeyer;IVRY-SUR-SEINE;48.819;2.396;R;SP95;2;2026-10-07 05:56:45;2.189
94204001;10 Rue Westermeyer;IVRY-SUR-SEINE;48.819;2.396;R;E10;5;2026-10-07 05:56:45;2.149
94204001;10 Rue Westermeyer;IVRY-SUR-SEINE;48.819;2.396;R;SP98;6;2026-10-07 05:56:45;2.257
88190001;Rue du Général Leclerc;Golbey;48.191;6.419;R;Gazole;1;2026-10-07 09:00:00;2.339
88190001;Rue du Général Leclerc;Golbey;48.191;6.419;R;E85;3;2026-10-07 09:00:00;0.86
88190001;Rue du Général Leclerc;Golbey;48.191;6.419;R;E10;5;2026-10-07 09:00:00;2.199
88190001;Rue du Général Leclerc;Golbey;48.191;6.419;R;SP98;6;2026-10-07 09:00:00;2.289
86180001;Rue des Ecoles;BUXEROLLES;46.597390880917004;0.35110607183029;R;Gazole;1;2026-10-07 09:25:30;2.249
86180001;Rue des Ecoles;BUXEROLLES;46.597390880917004;0.35110607183029;R;E10;5;2026-10-07 09:25:30;2.107
16021001;5 avenue Paul Desfarges;Angoulême;45.658;0.181;R;Gazole;1;2026-10-07 04:00:00;2.24
16021001;5 avenue Paul Desfarges;Angoulême;45.658;0.181;R;E10;5;2026-10-07 04:00:00;2.109
1320004;Lieu dit Le Petit Étang;Chalamont;45.998461128397;5.1743723202515;R;Gazole;1;2026-10-07 11:03:12;2.319
1320004;Lieu dit Le Petit Étang;Chalamont;45.998461128397;5.1743723202515;R;E10;5;2026-10-07 11:03:12;2.169
1320004;Lieu dit Le Petit Étang;Chalamont;45.998461128397;5.1743723202515;R;SP98;6;2026-10-07 11:03:12;2.269
14980002;LA CROIX VAUTIER;ROTS;49.2;-0.459;R;Gazole;1;2026-10-07 10:11:15;2.33
14980002;LA CROIX VAUTIER;ROTS;49.2;-0.459;R;GPLc;4;2026-10-07 10:11:15;1.075
14980002;LA CROIX VAUTIER;ROTS;49.2;-0.459;R;E10;5;2026-10-07 10:11:15;2.179
14980002;LA CROIX VAUTIER;ROTS;49.2;-0.459;R;SP98;6;2026-10-07 10:11:16;2.259
34690011;44 rue Francis Bergèse, parking LIDL;FABREGUES;43.561;3.797;R;Gazole;1;2026-10-07 07:32:00;2.388
34690011;44 rue Francis Bergèse, parking LIDL;FABREGUES;43.561;3.797;R;E85;3;2026-10-07 07:32:00;1.031
34690011;44 rue Francis Bergèse, parking LIDL;FABREGUES;43.561;3.797;R;E10;5;2026-10-07 07:32:00;2.212
34690011;44 rue Francis Bergèse, parking LIDL;FABREGUES;43.561;3.797;R;SP98;6;2026-10-07 07:32:00;2.33
35170002;109 Avenue Alphonse LEGAULT;BRUZ;48.029;-1.728;R;Gazole;1;2026-10-07 08:04:29;2.309
35170002;109 Avenue Alphonse LEGAULT;BRUZ;48.029;-1.728;R;SP98;6;2026-10-07 08:04:29;2.195
18000019;8-10 BOULEVARD DE L'AVENIR;BOURGES;47.082;2.384;R;Gazole;1;2026-10-07 00:01:00;2.25
79800013;59 route de saint maixent;La Mothe-Saint-Héray;46.370871818995;-0.11845681235942;R;SP95;2;2026-10-07 06:21:12;2.239
79800013;59 route de saint maixent;La Mothe-Saint-Héray;46.370871818995;-0.11845681235942;R;SP98;6;2026-10-07 06:21:12;2.249
35400012;RN 137 COTE EST;Saint-servan-sur-mer;48.613;-1.982;R;Gazole;1;2026-10-07 07:43:47;2.25
35400012;RN 137 COTE EST;Saint-servan-sur-mer;48.613;-1.982;R;GPLc;4;2026-10-07 00:01:00;0.954
35400012;RN 137 COTE EST;Saint-servan-sur-mer;48.613;-1.982;R;SP98;6;2026-10-07 07:43:47;1.99
6210010;AVENUE DE FREJUS;MANDELIEU LA NAPOULE;43.534;6.934;R;Gazole;1;2026-10-07 09:10:42;2.324
6210010;AVENUE DE FREJUS;MANDELIEU LA NAPOULE;43.534;6.934;R;E85;3;2026-10-07 09:10:42;1.109
6210010;AVENUE DE FREJUS;MANDELIEU LA NAPOULE;43.534;6.934;R;GPLc;4;2026-10-07 09:10:42;0.98
6210010;AVENUE DE FREJUS;MANDELIEU LA NAPOULE;43.534;6.934;R;E10;5;2026-10-07 09:10:42;2.194
6210010;AVENUE DE FREJUS;MANDELIEU LA NAPOULE;43.534;6.934;R;SP98;6;2026-10-07 09:10:42;2.297
50470001;Centre Commercial du Cotentin;La Glacerie;49.600192093549;-1.5990082883;R;Gazole;1;2026-10-07 10:49:33;2.325
50470001;Centre Commercial du Cotentin;La Glacerie;49.600192093549;-1.5990082883;R;E85;3;2026-10-07 10:49:33;0.855
50470001;Centre Commercial du Cotentin;La Glacerie;49.600192093549;-1.5990082883;R;GPLc;4;2026-10-07 10:49:33;1.02
50470001;Centre Commercial du Cotentin;La Glacerie;49.600192093549;-1.5990082883;R;E10;5;2026-10-07 10:49:33;2.141
50470001;Centre Commercial du Cotentin;La Glacerie;49.600192093549;-1.5990082883;R;SP98;6;2026-10-07 10:49:34;2.239
38080003;25 Rue des Sayes;L'ISLE-D'ABEAU;45.61432;5.2251;R;Gazole;1;2026-10-07 09:59:46;2.349
38080003;25 Rue des Sayes;L'ISLE-D'ABEAU;45.61432;5.2251;R;SP95;2;2026-10-07 09:59:46;2.229
38080003;25 Rue des Sayes;L'ISLE-D'ABEAU;45.61432;5.2251;R;E85;3;2026-10-07 09:59:46;0.899
38080003;25 Rue des Sayes;L'ISLE-D'ABEAU;45.61432;5.2251;R;GPLc;4;2026-10-07 09:59:46;0.999
38080003;25 Rue des Sayes;L'ISLE-D'ABEAU;45.61432;5.2251;R;E10;5;2026-10-07 09:59:46;2.179
38080003;25 Rue des Sayes;L'ISLE-D'ABEAU;45.61432;5.2251;R;SP98;6;2026-10-07 09:59:46;2.289
45600002;RUE DE SAVOIE;SAINT-PèRE-SUR-LOIRE;47.7815546647;2.37469262458;R;Gazole;1;2026-10-07 09:28:51;2.349
45600002;RUE DE SAVOIE;SAINT-PèRE-SUR-LOIRE;47.7815546647;2.37469262458;R;E10;5;2026-10-07 09:28:51;2.149
45600002;RUE DE SAVOIE;SAINT-PèRE-SUR-LOIRE;47.7815546647;2.37469262458;R;SP98;6;2026-10-07 09:28:51;2.249
19130003;Route de Brive;OBJAT;45.244;1.415;R;Gazole;1;2026-10-07 08:43:33;2.25
19130003;Route de Brive;OBJAT;45.244;1.415;R;E10;5;2026-10-07 08:43:33;1.99
19130003;Route de Brive;OBJAT;45.244;1.415;R;SP98;6;2026-10-07 08:43:33;1.99
42120006;LES PLAINES;LE COTEAU;46.015339000000004;4.0908929999999994;R;Gazole;1;2026-10-07 09:55:36;2.359
61300002;3 Avenue Comtesse de Ségur;L'Aigle;48.764;0.619;R;Gazole;1;2026-10-07 09:13:13;2.319
61300002;3 Avenue Comtesse de Ségur;L'Aigle;48.764;0.619;R;SP95;2;2026-10-07 09:13:13;2.151
46300011;9 BOULEVARD DE LA MADELEINE;GOURDON;44.74;1.391;R;Gazole;1;2026-10-07 08:01:24;2.25
42110001;ROUTE DE SAINT ETIENNE;Feurs;45.722;4.227;R;Gazole;1;2026-10-07 00:46:00;2.309
42110001;ROUTE DE SAINT ETIENNE;Feurs;45.722;4.227;R;E10;5;2026-10-07 00:46:00;2.176
42110001;ROUTE DE SAINT ETIENNE;Feurs;45.722;4.227;R;SP98;6;2026-10-07 00:46:00;2.306
67310004;20 ROUTE DE STRASBOURG;WASSELONNE;48.635;7.468;R;Gazole;1;2026-10-07 00:01:00;2.25
67310004;20 ROUTE DE STRASBOURG;WASSELONNE;48.635;7.468;R;E10;5;2026-10-07 00:01:00;1.99
37150002;25 Rue de Tours;Bléré;47.328;0.987;R;E10;5;2026-10-07 09:20:42;2.119
37150002;25 Rue de Tours;Bléré;47.328;0.987;R;SP98;6;2026-10-07 09:20:42;2.233
13130006;les grapoux route nationale 113;BERRE L'éTANG;43.519;5.2;R;E10;5;2026-10-07 10:50:41;1.99
25000021;RN 73;CHEMAUDIN;47.205;5.887;R;Gazole;1;2026-10-07 08:09:59;2.25
25000021;RN 73;CHEMAUDIN;47.205;5.887;R;E10;5;2026-10-07 08:10:00;1.99
25000021;RN 73;CHEMAUDIN;47.205;5.887;R;SP98;6;2026-10-07 08:10:00;1.99
73800006;120 RUE DU GRESIVAUDAN;LAISSAUD;45.444248152171994;6.033442616669399;R;Gazole;1;2026-10-07 06:39:27;2.25
73800006;120 RUE DU GRESIVAUDAN;LAISSAUD;45.444248152171994;6.033442616669399;R;E85;3;2026-10-07 06:33:31;0.913
73800006;120 RUE DU GRESIVAUDAN;LAISSAUD;45.444248152171994;6.033442616669399;R;E10;5;2026-10-07 06:34:28;1.99
73800006;120 RUE DU GRESIVAUDAN;LAISSAUD;45.444248152171994;6.033442616669399;R;SP98;6;2026-10-07 06:34:28;1.99
92100014;29-31 AVENUE MORIZET;BOULOGNE BILLANCOURT;48.83585;2.23898;R;Gazole;1;2026-10-07 00:01:00;2.25
92100014;29-31 AVENUE MORIZET;BOULOGNE BILLANCOURT;48.83585;2.23898;R;E10;5;2026-10-07 00:01:00;1.99
83170012;AUTOROUTE A8 - AIRE DE CAMBARETTE SUD - TERRASSES DE PROVENCE CENTRE;BRIGNOLES;43.4241230141;5.96988461932;A;Gazole;1;2026-10-07 00:01:00;2.25
83170012;AUTOROUTE A8 - AIRE DE CAMBARETTE SUD - TERRASSES DE PROVENCE CENTRE;BRIGNOLES;43.4241230141;5.96988461932;A;E85;3;2026-10-07 00:01:00;0.999
83170012;AUTOROUTE A8 - AIRE DE CAMBARETTE SUD - TERRASSES DE PROVENCE CENTRE;BRIGNOLES;43.4241230141;5.96988461932;A;E10;5;2026-10-07 00:01:00;1.99
83170012;AUTOROUTE A8 - AIRE DE CAMBARETTE SUD - TERRASSES DE PROVENCE CENTRE;BRIGNOLES;43.4241230141;5.96988461932;A;SP98;6;2026-10-07 00:01:00;1.99
88580001;RUE RAYMOND PANIN;Saulcy-sur-Meurthe;48.242;6.954;R;Gazole;1;2026-10-07 07:20:01;2.25
88580001;RUE RAYMOND PANIN;Saulcy-sur-Meurthe;48.242;6.954;R;E10;5;2026-10-07 07:20:01;1.99
63000024;AVENUE DU PUY DE DOME;Clermont-Ferrand;45.788;3.057;R;Gazole;1;2026-10-07 00:01:00;2.25
63000024;AVENUE DU PUY DE DOME;Clermont-Ferrand;45.788;3.057;R;E85;3;2026-10-07 00:01:00;0.924
51420001;Boulevard Charles de Gaulle;WITRY-LèS-REIMS;49.285;4.109;R;Gazole;1;2026-10-07 09:38:24;2.369
51420001;Boulevard Charles de Gaulle;WITRY-LèS-REIMS;49.285;4.109;R;SP95;2;2026-10-07 09:38:24;2.219
51420001;Boulevard Charles de Gaulle;WITRY-LèS-REIMS;49.285;4.109;R;E10;5;2026-10-07 09:38:24;2.169
51420001;Boulevard Charles de Gaulle;WITRY-LèS-REIMS;49.285;4.109;R;SP98;6;2026-10-07 09:38:24;2.252
72500001;zac du chêne vert;Montval sur Loir;47.687;0.433;R;Gazole;1;2026-10-07 08:39:17;2.371
77680003;ROUTE D'OZOIR;Roissy-en-Brie;48.78203;2.65712;R;Gazole;1;2026-10-07 05:24:17;2.33
35400009;126, BOULEVARD DES TALARDS;Saint-Malo;48.639;-2.009;R;Gazole;1;2026-10-07 00:01:00;2.25
35400009;126, BOULEVARD DES TALARDS;Saint-Malo;48.639;-2.009;R;E10;5;2026-10-07 00:01:00;1.99
35400009;126, BOULEVARD DES TALARDS;Saint-Malo;48.639;-2.009;R;SP98;6;2026-10-07 00:01:00;1.99
57400001;route de Phalsbourg;SARREBOURG;48.74;7.07;R;Gazole;1;2026-10-07 10:40:50;2.447
57400001;route de Phalsbourg;SARREBOURG;48.74;7.07;R;E85;3;2026-10-07 10:40:50;0.834
57400001;route de Phalsbourg;SARREBOURG;48.74;7.07;R;GPLc;4;2026-10-07 10:40:50;0.939
29820001;Route de St-Renan;GUILERS;48.427;-4.573;R;Gazole;1;2026-10-07 09:15:12;2.349
29820001;Route de St-Renan;GUILERS;48.427;-4.573;R;SP98;6;2026-10-07 09:15:12;2.249
78200001;CD 110 - BP 1525;Buchelay;48.981;1.689;R;E85;3;2026-10-07 09:56:35;0.879
78200001;CD 110 - BP 1525;Buchelay;48.981;1.689;R;GPLc;4;2026-10-07 09:56:35;1.039
78200001;CD 110 - BP 1525;Buchelay;48.981;1.689;R;E10;5;2026-10-07 09:56:35;2.139
78200001;CD 110 - BP 1525;Buchelay;48.981;1.689;R;SP98;6;2026-10-07 09:56:35;2.269
16000008;430 ROUTE DE BORDEAUX;ANGOULEME;45.643;0.135;R;Gazole;1;2026-10-07 00:01:00;2.235
16000008;430 ROUTE DE BORDEAUX;ANGOULEME;45.643;0.135;R;E10;5;2026-10-07 00:01:00;1.99
16000008;430 ROUTE DE BORDEAUX;ANGOULEME;45.643;0.135;R;SP98;6;2026-10-07 00:01:00;1.99
81120001;42 Avenue du Général de Gaulle;RéALMONT;43.772;2.183;R;Gazole;1;2026-10-07 08:02:31;2.25
81120001;42 Avenue du Général de Gaulle;RéALMONT;43.772;2.183;R;E10;5;2026-10-07 08:02:31;1.99
81990003;1 rue d'al causse;PUYGOUZON;43.89247502999999;2.16522366;R;Gazole;1;2026-10-07 11:09:25;2.337
81990003;1 rue d'al causse;PUYGOUZON;43.89247502999999;2.16522366;R;SP95;2;2026-10-07 11:09:25;2.209
81990003;1 rue d'al causse;PUYGOUZON;43.89247502999999;2.16522366;R;E85;3;2026-10-07 11:09:25;0.899
81990003;1 rue d'al causse;PUYGOUZON;43.89247502999999;2.16522366;R;SP98;6;2026-10-07 11:09:25;2.258
18400004;Rue Jean Moulin;SAINT-FLORENT-SUR-CHER;46.996;2.249;R;Gazole;1;2026-10-07 08:15:08;2.319
18400004;Rue Jean Moulin;SAINT-FLORENT-SUR-CHER;46.996;2.249;R;E10;5;2026-10-07 10:01:59;2.184
18400004;Rue Jean Moulin;SAINT-FLORENT-SUR-CHER;46.996;2.249;R;SP98;6;2026-10-07 08:15:08;2.249
33400005;235 route de Toulouse;TALENCE;44.807;-0.573;R;SP95;2;2026-10-07 09:21:07;2.181
33400005;235 route de Toulouse;TALENCE;44.807;-0.573;R;E85;3;2026-10-07 09:21:07;0.869
33400005;235 route de Toulouse;TALENCE;44.807;-0.573;R;E10;5;2026-10-07 09:21:07;2.127
52220001;Route de Saint-Dizier;MONTIER-EN-DER;48.491;4.778;R;Gazole;1;2026-10-07 07:18:07;2.25
52220001;Route de Saint-Dizier;MONTIER-EN-DER;48.491;4.778;R;E10;5;2026-10-07 07:18:07;1.99
52220001;Route de Saint-Dizier;MONTIER-EN-DER;48.491;4.778;R;SP98;6;2026-10-07 07:18:07;1.99
41000019;107, AVENUE DE VENDOME;BLOIS;47.604;1.315;R;Gazole;1;2026-10-07 00:01:00;2.25
41000019;107, AVENUE DE VENDOME;BLOIS;47.604;1.315;R;E85;3;2026-10-07 00:01:00;0.932
41000019;107, AVENUE DE VENDOME;BLOIS;47.604;1.315;R;GPLc;4;2026-10-07 00:01:00;0.949
41000019;107, AVENUE DE VENDOME;BLOIS;47.604;1.315;R;E10;5;2026-10-07 00:01:00;1.99
56301001;Avenue de la Libération;Pontivy;48.06831;-2.94579;R;Gazole;1;2026-10-07 08:12:08;2.309
31600005;ZA SEGLA;SEYSSES;43.4897223965;1.31697733969;R;Gazole;1;2026-10-07 08:53:48;2.335
31600005;ZA SEGLA;SEYSSES;43.4897223965;1.31697733969;R;E85;3;2026-10-07 08:53:48;0.869
31600005;ZA SEGLA;SEYSSES;43.4897223965;1.31697733969;R;GPLc;4;2026-10-07 08:53:48;1.075
31600005;ZA SEGLA;SEYSSES;43.4897223965;1.31697733969;R;E10;5;2026-10-07 08:53:48;2.155
31600005;ZA SEGLA;SEYSSES;43.4897223965;1.31697733969;R;SP98;6;2026-10-07 08:53:49;2.278
78360002;40 Avenue Gabriel Péri;MONTESSON;48.90666;2.11625;R;Gazole;1;2026-10-07 08:03:41;2.464
78360002;40 Avenue Gabriel Péri;MONTESSON;48.90666;2.11625;R;E10;5;2026-10-07 08:03:41;2.204
78360002;40 Avenue Gabriel Péri;MONTESSON;48.90666;2.11625;R;SP98;6;2026-10-07 08:03:41;2.306
60000008;42 Rue Juliette Nevouet;Goincourt;49.433;2.046;R;Gazole;1;2026-10-07 10:46:55;2.329
60000008;42 Rue Juliette Nevouet;Goincourt;49.433;2.046;R;E10;5;2026-10-07 10:46:55;2.159
52112001;ROUTE DE BAR LE DUC;SAINT-DIZIER;48.649;4.959;R;Gazole;1;2026-10-07 10:35:18;2.375
52112001;ROUTE DE BAR LE DUC;SAINT-DIZIER;48.649;4.959;R;SP95;2;2026-10-07 10:35:18;2.227
52112001;ROUTE DE BAR LE DUC;SAINT-DIZIER;48.649;4.959;R;GPLc;4;2026-10-07 10:35:18;0.985
52112001;ROUTE DE BAR LE DUC;SAINT-DIZIER;48.649;4.959;R;E10;5;2026-10-07 10:35:18;2.147
52112001;ROUTE DE BAR LE DUC;SAINT-DIZIER;48.649;4.959;R;SP98;6;2026-10-07 10:35:18;2.237
92410001;191 Rue de Versailles;Ville-d'Avray;48.819;2.168;R;Gazole;1;2026-10-07 07:31:00;2.368
92410001;191 Rue de Versailles;Ville-d'Avray;48.819;2.168;R;E10;5;2026-10-07 07:31:00;2.173
92410001;191 Rue de Versailles;Ville-d'Avray;48.819;2.168;R;SP98;6;2026-10-07 07:31:00;2.304
72560001;Lieu-dit Le Grand Pin;Changé;47.981;0.278;R;Gazole;1;2026-10-07 02:15:00;2.369
72560001;Lieu-dit Le Grand Pin;Changé;47.981;0.278;R;SP95;2;2026-10-07 02:15:00;2.209
72560001;Lieu-dit Le Grand Pin;Changé;47.981;0.278;R;E10;5;2026-10-07 02:15:00;2.169
72560001;Lieu-dit Le Grand Pin;Changé;47.981;0.278;R;SP98;6;2026-10-07 02:15:00;2.259
67190004;ESPACE ATRIUM;Mutzig;48.53268;7.47038;R;Gazole;1;2026-10-07 08:18:41;2.51
67190004;ESPACE ATRIUM;Mutzig;48.53268;7.47038;R;E85;3;2026-10-07 09:22:05;0.993
67190004;ESPACE ATRIUM;Mutzig;48.53268;7.47038;R;SP98;6;2026-10-07 09:22:05;2.432
54500004;22 Avenue Jeanne d'Arc;Vandoeuvre-lès-Nancy;48.66;6.183;R;Gazole;1;2026-10-07 07:31:00;2.393
54500004;22 Avenue Jeanne d'Arc;Vandoeuvre-lès-Nancy;48.66;6.183;R;E85;3;2026-10-07 07:31:00;0.986
54500004;22 Avenue Jeanne d'Arc;Vandoeuvre-lès-Nancy;48.66;6.183;R;E10;5;2026-10-07 07:31:00;2.214
54500004;22 Avenue Jeanne d'Arc;Vandoeuvre-lès-Nancy;48.66;6.183;R;SP98;6;2026-10-07 07:31:00;2.347
88650005;456 RUE DE LA LORRAINE;SAINT LEONARD;48.220247;6.945248;R;Gazole;1;2026-10-07 10:43:13;2.347
71590001;90 route de Chalon;Gergy;46.862;4.95;R;Gazole;1;2026-10-07 08:22:57;2.369
71590001;90 route de Chalon;Gergy;46.862;4.95;R;E10;5;2026-10-07 08:22:57;2.219
53002001;46 avenue de lattre de tassigny;LAVAL;48.079;-0.799;R;Gazole;1;2026-10-07 10:25:59;2.295
53002001;46 avenue de lattre de tassigny;LAVAL;48.079;-0.799;R;SP95;2;2026-10-07 10:25:59;2.199
53002001;46 avenue de lattre de tassigny;LAVAL;48.079;-0.799;R;E85;3;2026-10-07 10:25:59;0.905
53002001;46 avenue de lattre de tassigny;LAVAL;48.079;-0.799;R;E10;5;2026-10-07 10:25:59;2.139
53002001;46 avenue de lattre de tassigny;LAVAL;48.079;-0.799;R;SP98;6;2026-10-07 10:26:00;2.259
42440011;Aire du Haut Forez Nord A89;Les SALLES;45.856023;3.811929;A;Gazole;1;2026-10-07 09:30:00;2.598
42440011;Aire du Haut Forez Nord A89;Les SALLES;45.856023;3.811929;A;GPLc;4;2026-10-07 09:30:00;1.122
42440011;Aire du Haut Forez Nord A89;Les SALLES;45.856023;3.811929;A;E10;5;2026-10-07 09:30:00;2.581
42440011;Aire du Haut Forez Nord A89;Les SALLES;45.856023;3.811929;A;SP98;6;2026-10-07 09:30:00;2.731
89100009;RN 60;MALAY-LE-GRAND;48.187;3.318;R;Gazole;1;2026-10-07 11:09:05;2.379
89100009;RN 60;MALAY-LE-GRAND;48.187;3.318;R;E10;5;2026-10-07 11:09:05;2.179
89100009;RN 60;MALAY-LE-GRAND;48.187;3.318;R;SP98;6;2026-10-07 11:09:05;2.279
41500001;RTE DE BLOIS;MER;47.697;1.501;R;Gazole;1;2026-10-07 08:31:36;2.369
41500001;RTE DE BLOIS;MER;47.697;1.501;R;E85;3;2026-10-07 08:31:36;0.899
41500001;RTE DE BLOIS;MER;47.697;1.501;R;GPLc;4;2026-10-07 08:31:36;1.069
41500001;RTE DE BLOIS;MER;47.697;1.501;R;E10;5;2026-10-07 08:31:37;2.189
41500001;RTE DE BLOIS;MER;47.697;1.501;R;SP98;6;2026-10-07 08:31:37;2.259
57155002;1, la Belle Fontaine;MARLY;49.067;6.143;R;Gazole;1;2026-10-07 10:07:00;2.389
57155002;1, la Belle Fontaine;MARLY;49.067;6.143;R;E85;3;2026-10-07 10:07:00;0.871
57155002;1, la Belle Fontaine;MARLY;49.067;6.143;R;E10;5;2026-10-07 10:07:00;2.194
57155002;1, la Belle Fontaine;MARLY;49.067;6.143;R;SP98;6;2026-10-07 10:07:00;2.258
30130014;39 AVENUE GENERAL DE GAULLE;Pont-Saint-Esprit;44.252147948319994;4.6469518799714;R;Gazole;1;2026-10-07 11:08:19;2.359
30130014;39 AVENUE GENERAL DE GAULLE;Pont-Saint-Esprit;44.252147948319994;4.6469518799714;R;SP95;2;2026-10-07 11:08:19;2.209
30130014;39 AVENUE GENERAL DE GAULLE;Pont-Saint-Esprit;44.252147948319994;4.6469518799714;R;E85;3;2026-10-07 11:08:19;0.869
30130014;39 AVENUE GENERAL DE GAULLE;Pont-Saint-Esprit;44.252147948319994;4.6469518799714;R;GPLc;4;2026-10-07 11:08:19;1.199
30130014;39 AVENUE GENERAL DE GAULLE;Pont-Saint-Esprit;44.252147948319994;4.6469518799714;R;E10;5;2026-10-07 11:08:19;2.159
30130014;39 AVENUE GENERAL DE GAULLE;Pont-Saint-Esprit;44.252147948319994;4.6469518799714;R;SP98;6;2026-10-07 11:08:20;2.259
52100011;Avenue Léon Blum;SAINT-DIZIER;48.643;4.969;R;E10;5;2026-10-07 08:39:10;2.146
52100011;Avenue Léon Blum;SAINT-DIZIER;48.643;4.969;R;SP98;6;2026-10-07 08:39:10;2.236
13013018;20 AVENUE MARCEL DELPRAT;MARSEILLE;43.335000942578;5.4538591854;R;Gazole;1;2026-10-07 06:43:34;2.29
92300004;2/10 BLD FORT DE VAUX;PARIS;48.893;2.302;R;Gazole;1;2026-10-07 10:40:09;2.299
92300004;2/10 BLD FORT DE VAUX;PARIS;48.893;2.302;R;E85;3;2026-10-07 10:40:09;0.897
92300004;2/10 BLD FORT DE VAUX;PARIS;48.893;2.302;R;E10;5;2026-10-07 10:40:09;2.139
92300004;2/10 BLD FORT DE VAUX;PARIS;48.893;2.302;R;SP98;6;2026-10-07 10:40:10;2.229
76280002;2 place du Marché;Gonneville-la-Mallet;49.64033;0.22423;R;E10;5;2026-10-07 09:48:47;2.182
76280002;2 place du Marché;Gonneville-la-Mallet;49.64033;0.22423;R;SP98;6;2026-10-07 09:48:47;2.291
37000016;13 à 17 rue du 501e régiment;Tours;47.39377902;0.66974657;R;Gazole;1;2026-10-07 09:53:46;2.398
37000016;13 à 17 rue du 501e régiment;Tours;47.39377902;0.66974657;R;E10;5;2026-10-07 09:53:46;2.185
37000016;13 à 17 rue du 501e régiment;Tours;47.39377902;0.66974657;R;SP98;6;2026-10-07 09:53:46;2.277
85300001;3 Boulevard des F.f.i.;Challans;46.846;-1.882;R;Gazole;1;2026-10-07 10:04:08;2.25
85300001;3 Boulevard des F.f.i.;Challans;46.846;-1.882;R;SP95;2;2026-10-07 10:04:08;1.99
91160010;1 rue du pont neuf;Saulx-les-Chartreux;48.694;2.282;R;E10;5;2026-10-07 06:02:19;2.235
67160003;2 BIS RUE DE LA PAIX;Seebach;48.971675;7.9914648;R;Gazole;1;2026-10-07 06:24:57;2.396
67160003;2 BIS RUE DE LA PAIX;Seebach;48.971675;7.9914648;R;SP95;2;2026-10-07 06:24:57;2.251
67160003;2 BIS RUE DE LA PAIX;Seebach;48.971675;7.9914648;R;E10;5;2026-10-07 06:24:57;2.257
67160003;2 BIS RUE DE LA PAIX;Seebach;48.971675;7.9914648;R;SP98;6;2026-10-07 06:24:57;2.343
76590003;7 rue des forrières;Torcy-le-petit;49.809;1.172;R;Gazole;1;2026-10-07 06:04:33;2.329
76590003;7 rue des forrières;Torcy-le-petit;49.809;1.172;R;E85;3;2026-10-07 06:04:33;0.889
76590003;7 rue des forrières;Torcy-le-petit;49.809;1.172;R;E10;5;2026-10-07 06:04:33;2.179
76590003;7 rue des forrières;Torcy-le-petit;49.809;1.172;R;SP98;6;2026-10-07 06:04:33;2.259
34350005;2 Chemin des GRUSSANOTTES;VENDRES;43.269388;3.2379809999999996;R;E85;3;2026-10-07 08:17:38;0.869
14670001;Route de rouen;Troarn;49.182;-0.182;R;Gazole;1;2026-10-07 08:53:07;2.319
14670001;Route de rouen;Troarn;49.182;-0.182;R;SP95;2;2026-10-07 08:53:07;2.209
14670001;Route de rouen;Troarn;49.182;-0.182;R;E10;5;2026-10-07 08:53:07;2.129
14670001;Route de rouen;Troarn;49.182;-0.182;R;SP98;6;2026-10-07 08:53:07;2.239
28100006;126 AV DU GAL LECLERC;DREUX;48.743;1.39;R;Gazole;1;2026-10-07 00:01:00;2.25
28100006;126 AV DU GAL LECLERC;DREUX;48.743;1.39;R;E85;3;2026-10-07 00:01:00;0.891
28100006;126 AV DU GAL LECLERC;DREUX;48.743;1.39;R;GPLc;4;2026-10-07 00:01:00;0.971
28100006;126 AV DU GAL LECLERC;DREUX;48.743;1.39;R;E10;5;2026-10-07 00:01:00;1.99
2400001;37 Avenue d'Essômes;CHâTEAU-THIERRY;49.04;3.387;R;Gazole;1;2026-10-07 08:39:03;2.291
2400001;37 Avenue d'Essômes;CHâTEAU-THIERRY;49.04;3.387;R;SP95;2;2026-10-07 08:39:03;2.28
2400001;37 Avenue d'Essômes;CHâTEAU-THIERRY;49.04;3.387;R;E10;5;2026-10-07 08:39:03;2.142
2400001;37 Avenue d'Essômes;CHâTEAU-THIERRY;49.04;3.387;R;SP98;6;2026-10-07 08:39:03;2.272
53000011;248 RUE DE BRETAGNE;LAVAL;48.07;-0.794;R;Gazole;1;2026-10-07 09:45:27;2.25
53000011;248 RUE DE BRETAGNE;LAVAL;48.07;-0.794;R;E85;3;2026-10-07 00:01:00;0.904
53000011;248 RUE DE BRETAGNE;LAVAL;48.07;-0.794;R;GPLc;4;2026-10-07 00:01:00;0.964
53000011;248 RUE DE BRETAGNE;LAVAL;48.07;-0.794;R;E10;5;2026-10-07 09:45:27;1.99
53000011;248 RUE DE BRETAGNE;LAVAL;48.07;-0.794;R;SP98;6;2026-10-07 09:45:27;1.99
83310007;Avenue Sigismond Coulet;COGOLIN;43.249;6.535;R;Gazole;1;2026-10-07 10:54:00;2.379
83310007;Avenue Sigismond Coulet;COGOLIN;43.249;6.535;R;SP95;2;2026-10-07 10:54:00;2.244
83310007;Avenue Sigismond Coulet;COGOLIN;43.249;6.535;R;E85;3;2026-10-07 10:54:00;0.912
83310007;Avenue Sigismond Coulet;COGOLIN;43.249;6.535;R;E10;5;2026-10-07 10:54:00;2.194
83310007;Avenue Sigismond Coulet;COGOLIN;43.249;6.535;R;SP98;6;2026-10-07 10:54:00;2.294
37300008;119-123 BD JEAN JAURES;Joué-lès-Tours;47.349;0.661;R;Gazole;1;2026-10-07 00:01:00;2.25
37300008;119-123 BD JEAN JAURES;Joué-lès-Tours;47.349;0.661;R;E10;5;2026-10-07 00:01:00;1.99
68300003;1 Rue de Seville;SAINT-LOUIS;47.605;7.543;R;Gazole;1;2026-10-07 09:41:00;2.469
68300003;1 Rue de Seville;SAINT-LOUIS;47.605;7.543;R;SP95;2;2026-10-07 09:41:00;2.355
68300003;1 Rue de Seville;SAINT-LOUIS;47.605;7.543;R;E10;5;2026-10-07 09:41:00;2.263
78630011;1986 ROUTE DE 40 SOUS - RN113;ORGEVAL;48.925;1.993;R;Gazole;1;2026-10-07 00:01:00;2.25
78630011;1986 ROUTE DE 40 SOUS - RN113;ORGEVAL;48.925;1.993;R;GPLc;4;2026-10-07 00:01:00;0.983
78630011;1986 ROUTE DE 40 SOUS - RN113;ORGEVAL;48.925;1.993;R;E10;5;2026-10-07 00:01:00;1.99
41350007;D 174;VINEUIL;47.573033498700994;1.3698788385309;R;Gazole;1;2026-10-07 00:01:00;2.25
41350007;D 174;VINEUIL;47.573033498700994;1.3698788385309;R;E85;3;2026-10-07 00:01:00;0.896
41350007;D 174;VINEUIL;47.573033498700994;1.3698788385309;R;E10;5;2026-10-07 00:01:00;1.99
68520004;Rue du Pont d'Aspach;BURNHAUPT-LE-HAUT;47.741;7.148;R;Gazole;1;2026-10-07 10:51:21;2.449
68520004;Rue du Pont d'Aspach;BURNHAUPT-LE-HAUT;47.741;7.148;R;SP98;6;2026-10-07 10:51:21;2.357
61100003;Le Tremblay;Flers;48.752871799999994;-0.5767266000000001;R;Gazole;1;2026-10-07 07:27:04;2.319
61100003;Le Tremblay;Flers;48.752871799999994;-0.5767266000000001;R;E10;5;2026-10-07 07:27:04;2.184
61100003;Le Tremblay;Flers;48.752871799999994;-0.5767266000000001;R;SP98;6;2026-10-07 07:27:04;2.287
1390002;Z.I. DE SURE;Saint-André-de-Corcy;45.928;4.988;R;Gazole;1;2026-10-07 07:07:59;2.25
1390002;Z.I. DE SURE;Saint-André-de-Corcy;45.928;4.988;R;E10;5;2026-10-07 07:07:59;1.99
1390002;Z.I. DE SURE;Saint-André-de-Corcy;45.928;4.988;R;SP98;6;2026-10-07 07:07:59;1.99
86500002;2 AVENUE DE PROVENCE;MONTMORILLON;46.419;0.855;R;Gazole;1;2026-10-07 09:46:37;2.259
86500002;2 AVENUE DE PROVENCE;MONTMORILLON;46.419;0.855;R;SP95;2;2026-10-07 09:46:37;2.199
86500002;2 AVENUE DE PROVENCE;MONTMORILLON;46.419;0.855;R;E10;5;2026-10-07 09:46:37;2.129
86500002;2 AVENUE DE PROVENCE;MONTMORILLON;46.419;0.855;R;SP98;6;2026-10-07 09:46:37;2.249
50000009;1050 RUE DE THORIGNY;Saint-Lô;49.100958555807;-1.0676172469115;R;Gazole;1;2026-10-07 09:15:33;2.279
50000009;1050 RUE DE THORIGNY;Saint-Lô;49.100958555807;-1.0676172469115;R;E10;5;2026-10-07 09:15:33;2.129
50000009;1050 RUE DE THORIGNY;Saint-Lô;49.100958555807;-1.0676172469115;R;SP98;6;2026-10-07 09:15:33;2.249
38830002;CHAMP SAPPEY;CRETS EN BELLEDONNE;45.374469000000005;6.051571999999999;R;Gazole;1;2026-10-07 08:54:56;2.336
28260005;zac du debucher;ANET;48.861;1.459;R;Gazole;1;2026-10-07 07:44:23;2.31
28260005;zac du debucher;ANET;48.861;1.459;R;SP95;2;2026-10-07 07:44:23;2.215
28260005;zac du debucher;ANET;48.861;1.459;R;E10;5;2026-10-07 07:44:23;2.178
28260005;zac du debucher;ANET;48.861;1.459;R;SP98;6;2026-10-07 07:44:23;2.261
12850004;14 ROUTE DE SEVERAC LES QUATRES SAISONS;Onet-le-Château;44.364;2.588;R;Gazole;1;2026-10-07 10:53:00;2.329
12850004;14 ROUTE DE SEVERAC LES QUATRES SAISONS;Onet-le-Château;44.364;2.588;R;SP95;2;2026-10-07 10:53:00;2.286
12850004;14 ROUTE DE SEVERAC LES QUATRES SAISONS;Onet-le-Château;44.364;2.588;R;E10;5;2026-10-07 10:53:00;2.199
12850004;14 ROUTE DE SEVERAC LES QUATRES SAISONS;Onet-le-Château;44.364;2.588;R;SP98;6;2026-10-07 10:53:00;2.299
22400001;20 RUE DU DOCTEUR LAVERGNE;LAMBALLE;48.4672198707;-2.5215226986999997;R;E10;5;2026-10-07 10:44:41;2.111
43290001;9 av Cévennes;Montfaucon-en-Velay;45.18157;4.31425;R;Gazole;1;2026-10-07 07:52:20;2.38
43290001;9 av Cévennes;Montfaucon-en-Velay;45.18157;4.31425;R;SP95;2;2026-10-07 07:52:20;2.3
26270006;AVENUE DU DAUPHINE;Saulce-sur-Rhône;44.706;4.8;R;Gazole;1;2026-10-07 10:54:00;2.37
26270006;AVENUE DU DAUPHINE;Saulce-sur-Rhône;44.706;4.8;R;SP95;2;2026-10-07 10:54:00;2.24
26270006;AVENUE DU DAUPHINE;Saulce-sur-Rhône;44.706;4.8;R;E85;3;2026-10-07 10:54:00;0.879
26270006;AVENUE DU DAUPHINE;Saulce-sur-Rhône;44.706;4.8;R;E10;5;2026-10-07 10:54:00;2.174
17700003;Espace Jean-Philippe Rameau;SURGERES;46.111;-0.739;R;Gazole;1;2026-10-07 09:34:15;2.256
39150001;14 rue Lacuzon;Saint-Laurent-en-Grandvaux;46.572;5.956;R;Gazole;1;2026-10-07 10:45:22;2.339
27240001;ROUTE DE VERNEUIL;DAMVILLE;48.86599;1.07086;R;Gazole;1;2026-10-07 09:37:39;2.399
27240001;ROUTE DE VERNEUIL;DAMVILLE;48.86599;1.07086;R;E10;5;2026-10-07 09:37:39;2.179
27240001;ROUTE DE VERNEUIL;DAMVILLE;48.86599;1.07086;R;SP98;6;2026-10-07 09:37:39;2.299
63200002;37, avenue de Clermont Ferrand;RIOM;45.884;3.115;R;Gazole;1;2026-10-07 07:11:22;2.25
63200002;37, avenue de Clermont Ferrand;RIOM;45.884;3.115;R;E10;5;2026-10-07 07:11:22;1.99
63200002;37, avenue de Clermont Ferrand;RIOM;45.884;3.115;R;SP98;6;2026-10-07 07:11:22;1.99
49450003;1 rue André Ampère;Saint-André-de-la-Marche;47.096;-1.005;R;Gazole;1;2026-10-07 08:57:23;2.299
49450003;1 rue André Ampère;Saint-André-de-la-Marche;47.096;-1.005;R;SP98;6;2026-10-07 08:57:23;2.228
59190002;Parc d'Activités de la Creule;Hazebrouck;50.739;2.549;R;Gazole;1;2026-10-07 09:41:47;2.384
59190002;Parc d'Activités de la Creule;Hazebrouck;50.739;2.549;R;SP95;2;2026-10-07 09:41:48;2.179
59190002;Parc d'Activités de la Creule;Hazebrouck;50.739;2.549;R;SP98;6;2026-10-07 09:41:48;2.235
35780001;1 RUE DU CAP BRETON;Pleurtuit;48.61;-2.067;R;Gazole;1;2026-10-07 10:19:14;2.329
35780001;1 RUE DU CAP BRETON;Pleurtuit;48.61;-2.067;R;E10;5;2026-10-07 10:19:14;2.125
35780001;1 RUE DU CAP BRETON;Pleurtuit;48.61;-2.067;R;SP98;6;2026-10-07 10:19:14;2.225
86100013;AIRE DE CHATELLERAULT-ANTRAN;Antran;46.906;0.524;A;Gazole;1;2026-10-07 10:10:00;2.444
86100013;AIRE DE CHATELLERAULT-ANTRAN;Antran;46.906;0.524;A;GPLc;4;2026-10-07 10:10:00;1.074
86100013;AIRE DE CHATELLERAULT-ANTRAN;Antran;46.906;0.524;A;E10;5;2026-10-07 10:10:00;2.33
86100013;AIRE DE CHATELLERAULT-ANTRAN;Antran;46.906;0.524;A;SP98;6;2026-10-07 10:10:00;2.43
57160006;AVENUE DE LA LIBERATION;Châtel-Saint-Germain;49.12;6.083;R;Gazole;1;2026-10-07 00:01:00;2.25
57160006;AVENUE DE LA LIBERATION;Châtel-Saint-Germain;49.12;6.083;R;E85;3;2026-10-07 00:01:00;0.891
35200003;Boulevard Paul Hutin Desgrées;RENNES;48.091;-1.642;R;E10;5;2026-10-07 10:54:50;2.139
38300004;45 AV ALSACE LORRAINE;Bourgoin-Jallieu;45.586;5.264;R;Gazole;1;2026-10-07 07:31:00;2.35
38300004;45 AV ALSACE LORRAINE;Bourgoin-Jallieu;45.586;5.264;R;E10;5;2026-10-07 07:31:00;2.184
38300004;45 AV ALSACE LORRAINE;Bourgoin-Jallieu;45.586;5.264;R;SP98;6;2026-10-07 07:31:00;2.302
69150001;328 Avenue Jean Jaurès;Décines-Charpieu;45.772;4.97;R;Gazole;1;2026-10-07 07:31:00;2.386
69150001;328 Avenue Jean Jaurès;Décines-Charpieu;45.772;4.97;R;E85;3;2026-10-07 07:31:00;1.055
69150001;328 Avenue Jean Jaurès;Décines-Charpieu;45.772;4.97;R;E10;5;2026-10-07 07:31:00;2.16
69150001;328 Avenue Jean Jaurès;Décines-Charpieu;45.772;4.97;R;SP98;6;2026-10-07 07:31:00;2.262
59151003;15T RTE NATIONALE;BUGNICOURT;50.292;3.145;R;Gazole;1;2026-10-07 10:40:40;2.25
59151003;15T RTE NATIONALE;BUGNICOURT;50.292;3.145;R;GPLc;4;2026-10-07 10:40:40;0.992
59151003;15T RTE NATIONALE;BUGNICOURT;50.292;3.145;R;E10;5;2026-10-07 10:40:40;1.99
59151003;15T RTE NATIONALE;BUGNICOURT;50.292;3.145;R;SP98;6;2026-10-07 10:40:40;1.99
92190003;97 TER ROUTE DU PAVE DES GARDES;MEUDON;48.813200300000005;2.21690094;R;Gazole;1;2026-10-07 00:01:00;2.25
93240001;80 BOULEVARD MAXIME GORKI;STAINS;48.949;2.385;R;Gazole;1;2026-10-07 07:36:13;2.295
93240001;80 BOULEVARD MAXIME GORKI;STAINS;48.949;2.385;R;SP95;2;2026-10-07 07:36:13;2.208
93240001;80 BOULEVARD MAXIME GORKI;STAINS;48.949;2.385;R;E85;3;2026-10-07 07:36:13;0.888
93240001;80 BOULEVARD MAXIME GORKI;STAINS;48.949;2.385;R;E10;5;2026-10-07 07:36:13;2.143
93240001;80 BOULEVARD MAXIME GORKI;STAINS;48.949;2.385;R;SP98;6;2026-10-07 07:36:13;2.17
2400004;Z.I rue de la Plaine;CHÂTEAU-THIERRY;49.037;3.39;R;Gazole;1;2026-10-07 08:28:23;2.279
2400004;Z.I rue de la Plaine;CHÂTEAU-THIERRY;49.037;3.39;R;E85;3;2026-10-07 08:28:23;0.849
2400004;Z.I rue de la Plaine;CHÂTEAU-THIERRY;49.037;3.39;R;E10;5;2026-10-07 08:28:23;2.109
50300005;Avenue du Quesnoy;AVRANCHES;48.678;-1.351;R;Gazole;1;2026-10-07 06:20:05;2.345
1120006;521 ROUTE NATIONALE;La Boisse;45.846;5.041;R;Gazole;1;2026-10-07 07:44:54;2.25
1120006;521 ROUTE NATIONALE;La Boisse;45.846;5.041;R;E10;5;2026-10-07 07:44:54;1.99
42600007;ZA DES GRANGES;MONTBRISON;45.596;4.083;R;Gazole;1;2026-10-07 09:00:00;2.329
19240003;CD N°9 RTE DU SAILLANT;ALLASSAC;45.253;1.461;R;Gazole;1;2026-10-07 07:49:59;2.297
54840004;Rue de la Croix Saint-Nicolas;Gondreville;48.691;5.969;R;Gazole;1;2026-10-07 09:46:21;2.388
54840004;Rue de la Croix Saint-Nicolas;Gondreville;48.691;5.969;R;SP95;2;2026-10-07 09:46:21;2.259
44400005;140 Route des Sorinières;Rezé;47.155;-1.537;R;Gazole;1;2026-10-07 07:20:12;2.25
44400005;140 Route des Sorinières;Rezé;47.155;-1.537;R;E10;5;2026-10-07 07:20:12;1.99
69330003;49 Avenue de Verdun;Meyzieu;45.776;4.991;R;Gazole;1;2026-10-07 07:31:00;2.361
69330003;49 Avenue de Verdun;Meyzieu;45.776;4.991;R;E10;5;2026-10-07 07:31:00;2.178
69330003;49 Avenue de Verdun;Meyzieu;45.776;4.991;R;SP98;6;2026-10-07 07:31:00;2.261
25300006;route de dijon;HOUTAUD;46.914;6.319;R;Gazole;1;2026-10-07 09:34:10;2.398
25300006;route de dijon;HOUTAUD;46.914;6.319;R;E10;5;2026-10-07 09:34:10;2.198
69160003;50 Avenue du 11 Novembre 1918;Tassin-la-Demi-Lune;45.764;4.759;R;Gazole;1;2026-10-07 07:31:00;2.378
69160003;50 Avenue du 11 Novembre 1918;Tassin-la-Demi-Lune;45.764;4.759;R;E85;3;2026-10-07 07:31:00;1.083
69160003;50 Avenue du 11 Novembre 1918;Tassin-la-Demi-Lune;45.764;4.759;R;E10;5;2026-10-07 07:31:00;2.177
69160003;50 Avenue du 11 Novembre 1918;Tassin-la-Demi-Lune;45.764;4.759;R;SP98;6;2026-10-07 07:31:00;2.261
85800002;LES MARATTES cd 38 bis;SAINT-GILLES-CROIX-DE-VIE;46.701;-1.93;R;Gazole;1;2026-10-07 10:30:27;2.25
85800002;LES MARATTES cd 38 bis;SAINT-GILLES-CROIX-DE-VIE;46.701;-1.93;R;GPLc;4;2026-10-07 10:30:27;1.01
85800002;LES MARATTES cd 38 bis;SAINT-GILLES-CROIX-DE-VIE;46.701;-1.93;R;E10;5;2026-10-07 10:30:27;1.99
85800002;LES MARATTES cd 38 bis;SAINT-GILLES-CROIX-DE-VIE;46.701;-1.93;R;SP98;6;2026-10-07 10:30:27;1.99
15600003;8 AVENUE D'AURILLAC;Saint-Étienne-de-Maurs;44.714;2.203;R;Gazole;1;2026-10-07 07:02:29;2.345
15600003;8 AVENUE D'AURILLAC;Saint-Étienne-de-Maurs;44.714;2.203;R;E10;5;2026-10-07 07:02:29;2.159
15600003;8 AVENUE D'AURILLAC;Saint-Étienne-de-Maurs;44.714;2.203;R;SP98;6;2026-10-07 07:02:29;2.29
62170005;43 AV.GAL LECLERC;Montreuil;50.458;1.758;R;Gazole;1;2026-10-07 00:01:00;2.25
62170005;43 AV.GAL LECLERC;Montreuil;50.458;1.758;R;E85;3;2026-10-07 00:01:00;0.866
62170005;43 AV.GAL LECLERC;Montreuil;50.458;1.758;R;E10;5;2026-10-07 00:01:00;1.99
62170005;43 AV.GAL LECLERC;Montreuil;50.458;1.758;R;SP98;6;2026-10-07 00:01:00;1.99
35590004;Beaurenom, RN12 sens Rennes/St-Brieuc;Saint-Gilles;48.168;-1.873;R;Gazole;1;2026-10-07 09:30:00;2.515
35590004;Beaurenom, RN12 sens Rennes/St-Brieuc;Saint-Gilles;48.168;-1.873;R;GPLc;4;2026-10-07 09:30:00;1.108
35590004;Beaurenom, RN12 sens Rennes/St-Brieuc;Saint-Gilles;48.168;-1.873;R;E10;5;2026-10-07 09:30:00;2.472
35590004;Beaurenom, RN12 sens Rennes/St-Brieuc;Saint-Gilles;48.168;-1.873;R;SP98;6;2026-10-07 09:30:00;2.622
91210007;70 BLD HENRI BARBUSSE;DRAVEIL;48.676;2.411;R;Gazole;1;2026-10-07 07:53:24;2.25
91210007;70 BLD HENRI BARBUSSE;DRAVEIL;48.676;2.411;R;E85;3;2026-10-07 07:53:24;0.885
91210007;70 BLD HENRI BARBUSSE;DRAVEIL;48.676;2.411;R;E10;5;2026-10-07 07:53:24;1.99
91210007;70 BLD HENRI BARBUSSE;DRAVEIL;48.676;2.411;R;SP98;6;2026-10-07 07:53:24;1.99
44190001;14 avenue Xavier Rineau - Le Barillet;GETIGNE;47.084;-1.263;R;Gazole;1;2026-10-07 02:15:00;2.308
44190001;14 avenue Xavier Rineau - Le Barillet;GETIGNE;47.084;-1.263;R;SP95;2;2026-10-07 02:15:00;2.188
44190001;14 avenue Xavier Rineau - Le Barillet;GETIGNE;47.084;-1.263;R;E10;5;2026-10-07 02:15:00;2.108
44190001;14 avenue Xavier Rineau - Le Barillet;GETIGNE;47.084;-1.263;R;SP98;6;2026-10-07 02:15:00;2.218
6250009;AUTOROUTE A8 - AIRE DE LA CÔTE D'AZUR;MOUGINS;43.584;7.025;A;Gazole;1;2026-10-07 00:01:00;2.25
6250009;AUTOROUTE A8 - AIRE DE LA CÔTE D'AZUR;MOUGINS;43.584;7.025;A;E85;3;2026-10-07 00:01:00;0.999
6250009;AUTOROUTE A8 - AIRE DE LA CÔTE D'AZUR;MOUGINS;43.584;7.025;A;GPLc;4;2026-10-07 00:01:00;1.078
6250009;AUTOROUTE A8 - AIRE DE LA CÔTE D'AZUR;MOUGINS;43.584;7.025;A;E10;5;2026-10-07 00:01:00;1.99
6250009;AUTOROUTE A8 - AIRE DE LA CÔTE D'AZUR;MOUGINS;43.584;7.025;A;SP98;6;2026-10-07 00:01:00;1.99
13500005;RN 568;Martigues;43.413;5.017;R;Gazole;1;2026-10-07 07:31:00;2.341
13500005;RN 568;Martigues;43.413;5.017;R;E10;5;2026-10-07 07:31:00;2.183
13500005;RN 568;Martigues;43.413;5.017;R;SP98;6;2026-10-07 07:31:00;2.305
91210008;108 AV DU GENERAL DE GAULLE;DRAVEIL;48.687;2.401;R;Gazole;1;2026-10-07 00:01:00;2.25
91210008;108 AV DU GENERAL DE GAULLE;DRAVEIL;48.687;2.401;R;E85;3;2026-10-07 00:01:00;0.884
91210008;108 AV DU GENERAL DE GAULLE;DRAVEIL;48.687;2.401;R;GPLc;4;2026-10-07 00:01:00;0.994
91210008;108 AV DU GENERAL DE GAULLE;DRAVEIL;48.687;2.401;R;E10;5;2026-10-07 00:01:00;1.99
59155007;C.C. AUCHAN - LIEU-DIT MOULIN DE;Faches-Thumesnil;50.584;3.084;R;Gazole;1;2026-10-07 00:01:00;2.25
59155007;C.C. AUCHAN - LIEU-DIT MOULIN DE;Faches-Thumesnil;50.584;3.084;R;E85;3;2026-10-07 00:01:00;0.862
59155007;C.C. AUCHAN - LIEU-DIT MOULIN DE;Faches-Thumesnil;50.584;3.084;R;E10;5;2026-10-07 00:01:00;1.99
74970001;40, RUE DES CLUS;MARIGNIER;46.08;6.502;R;Gazole;1;2026-10-07 07:58:28;2.359
74970001;40, RUE DES CLUS;MARIGNIER;46.08;6.502;R;E85;3;2026-10-07 07:58:28;0.859
74970001;40, RUE DES CLUS;MARIGNIER;46.08;6.502;R;E10;5;2026-10-07 07:58:28;2.189
74970001;40, RUE DES CLUS;MARIGNIER;46.08;6.502;R;SP98;6;2026-10-07 07:58:28;2.289
33740001;Route de Bordeaux;Arès;44.769;-1.111;R;Gazole;1;2026-10-07 10:51:00;2.369
33740001;Route de Bordeaux;Arès;44.769;-1.111;R;SP95;2;2026-10-07 10:51:00;2.199
33740001;Route de Bordeaux;Arès;44.769;-1.111;R;E85;3;2026-10-07 10:51:00;0.899
33740001;Route de Bordeaux;Arès;44.769;-1.111;R;E10;5;2026-10-07 10:51:00;2.135
33740001;Route de Bordeaux;Arès;44.769;-1.111;R;SP98;6;2026-10-07 10:51:00;2.259
77520002;2 RUE MONTPENSIER;DONNEMARIE DONTILLY;48.476368;3.139413;R;Gazole;1;2026-10-07 08:00:00;2.268
77520002;2 RUE MONTPENSIER;DONNEMARIE DONTILLY;48.476368;3.139413;R;E10;5;2026-10-07 08:00:00;2.13
77520002;2 RUE MONTPENSIER;DONNEMARIE DONTILLY;48.476368;3.139413;R;SP98;6;2026-10-07 08:00:00;2.254
27460003;RN 15;Igoville;49.32;1.156;R;Gazole;1;2026-10-07 07:41:00;2.308
27460003;RN 15;Igoville;49.32;1.156;R;E10;5;2026-10-07 07:41:00;2.178
27460003;RN 15;Igoville;49.32;1.156;R;SP98;6;2026-10-07 07:41:00;2.258
70190005;RUE DES CYTISES;RIOZ;47.418;6.075;R;Gazole;1;2026-10-07 08:04:58;2.379
42600001;4 route de Feurs;Montbrison;45.601;4.061;R;Gazole;1;2026-10-07 09:48:58;2.329
42600001;4 route de Feurs;Montbrison;45.601;4.061;R;E10;5;2026-10-07 09:48:58;2.169
62138002;ZAC DES FLANDRES;AUCHY-LES-MINES;50.51;2.784;R;Gazole;1;2026-10-07 08:26:00;2.323
62138002;ZAC DES FLANDRES;AUCHY-LES-MINES;50.51;2.784;R;SP95;2;2026-10-07 08:26:00;2.21
62138002;ZAC DES FLANDRES;AUCHY-LES-MINES;50.51;2.784;R;E85;3;2026-10-07 08:26:00;0.867
62138002;ZAC DES FLANDRES;AUCHY-LES-MINES;50.51;2.784;R;E10;5;2026-10-07 08:26:00;2.123
62138002;ZAC DES FLANDRES;AUCHY-LES-MINES;50.51;2.784;R;SP98;6;2026-10-07 08:26:00;2.289
93150007;2 AV DU 8 MAI 1945;Le Blanc-Mesnil;48.948;2.438;R;Gazole;1;2026-10-07 07:31:00;2.381
93150007;2 AV DU 8 MAI 1945;Le Blanc-Mesnil;48.948;2.438;R;E85;3;2026-10-07 07:31:00;0.996
93150007;2 AV DU 8 MAI 1945;Le Blanc-Mesnil;48.948;2.438;R;E10;5;2026-10-07 07:31:00;2.181
93150007;2 AV DU 8 MAI 1945;Le Blanc-Mesnil;48.948;2.438;R;SP98;6;2026-10-07 07:31:00;2.319
33600006;3 Avenue du Général Leclerc;Pessac;44.799;-0.664;R;Gazole;1;2026-10-07 07:31:00;2.395
33600006;3 Avenue du Général Leclerc;Pessac;44.799;-0.664;R;E10;5;2026-10-07 07:31:00;2.18
33600006;3 Avenue du Général Leclerc;Pessac;44.799;-0.664;R;SP98;6;2026-10-07 07:31:00;2.311
62120006;ROUTE DE LAMBRES;Aire-sur-la-Lys;50.629;2.39;R;Gazole;1;2026-10-07 10:48:00;2.369
62120006;ROUTE DE LAMBRES;Aire-sur-la-Lys;50.629;2.39;R;E85;3;2026-10-07 10:48:00;0.962
62120006;ROUTE DE LAMBRES;Aire-sur-la-Lys;50.629;2.39;R;E10;5;2026-10-07 10:48:00;2.139
62120006;ROUTE DE LAMBRES;Aire-sur-la-Lys;50.629;2.39;R;SP98;6;2026-10-07 10:48:00;2.249
49280001;38 Avenue de Nantes;LA SéGUINIèRE;47.06;-0.941;R;Gazole;1;2026-10-07 07:33:44;2.25
49280001;38 Avenue de Nantes;LA SéGUINIèRE;47.06;-0.941;R;E10;5;2026-10-07 07:33:44;1.99
49280001;38 Avenue de Nantes;LA SéGUINIèRE;47.06;-0.941;R;SP98;6;2026-10-07 07:33:44;1.99
31700004;9 Avenue du Général Compans;Blagnac;43.626;1.398;R;Gazole;1;2026-10-07 07:40:00;2.397
31700004;9 Avenue du Général Compans;Blagnac;43.626;1.398;R;E10;5;2026-10-07 07:40:00;2.204
31700004;9 Avenue du Général Compans;Blagnac;43.626;1.398;R;SP98;6;2026-10-07 07:40:00;2.284
94110004;20 Avenue Paul Vaillant-Couturier;Arcueil;48.801;2.34;R;Gazole;1;2026-10-07 07:31:00;2.368
94110004;20 Avenue Paul Vaillant-Couturier;Arcueil;48.801;2.34;R;E85;3;2026-10-07 07:31:00;0.991
94110004;20 Avenue Paul Vaillant-Couturier;Arcueil;48.801;2.34;R;E10;5;2026-10-07 07:31:00;2.184
94110004;20 Avenue Paul Vaillant-Couturier;Arcueil;48.801;2.34;R;SP98;6;2026-10-07 07:31:00;2.264
31130003;23 Avenue des Aérostiers;Balma;43.609;1.489;R;Gazole;1;2026-10-07 07:31:00;2.379
31130003;23 Avenue des Aérostiers;Balma;43.609;1.489;R;E85;3;2026-10-07 07:31:00;1.055
31130003;23 Avenue des Aérostiers;Balma;43.609;1.489;R;E10;5;2026-10-07 07:31:00;2.213
31130003;23 Avenue des Aérostiers;Balma;43.609;1.489;R;SP98;6;2026-10-07 07:31:00;2.329
62149001;126 Boulevard Louis Lesage;Cambrin;50.512;2.746;R;Gazole;1;2026-10-07 07:31:00;2.383
62149001;126 Boulevard Louis Lesage;Cambrin;50.512;2.746;R;E10;5;2026-10-07 07:31:00;2.111
62149001;126 Boulevard Louis Lesage;Cambrin;50.512;2.746;R;SP98;6;2026-10-07 07:31:00;2.236
13710002;RN 96 LES 4 CHEMINS LA BARQUE;Fuveau;43.478;5.538;R;Gazole;1;2026-10-07 07:31:00;2.358
13710002;RN 96 LES 4 CHEMINS LA BARQUE;Fuveau;43.478;5.538;R;E85;3;2026-10-07 07:31:00;1.052
13710002;RN 96 LES 4 CHEMINS LA BARQUE;Fuveau;43.478;5.538;R;E10;5;2026-10-07 07:31:00;2.183
13710002;RN 96 LES 4 CHEMINS LA BARQUE;Fuveau;43.478;5.538;R;SP98;6;2026-10-07 07:31:00;2.318
59700004;115 Boulevard Clemenceau;Marcq-en-Baroeul;50.664;3.089;R;Gazole;1;2026-10-07 07:31:00;2.382
59700004;115 Boulevard Clemenceau;Marcq-en-Baroeul;50.664;3.089;R;E10;5;2026-10-07 07:31:00;2.11
59700004;115 Boulevard Clemenceau;Marcq-en-Baroeul;50.664;3.089;R;SP98;6;2026-10-07 07:31:00;2.253
6230002;1 Boulevard de la Corne d'Or;Villefranche-sur-Mer;43.706;7.301;R;Gazole;1;2026-10-07 07:31:00;2.382
6230002;1 Boulevard de la Corne d'Or;Villefranche-sur-Mer;43.706;7.301;R;E10;5;2026-10-07 07:31:00;2.196
6230002;1 Boulevard de la Corne d'Or;Villefranche-sur-Mer;43.706;7.301;R;SP98;6;2026-10-07 07:31:00;2.328
69290001;15 Avenue Édouard Millaud;Craponne;45.747;4.741;R;Gazole;1;2026-10-07 07:31:00;2.378
69290001;15 Avenue Édouard Millaud;Craponne;45.747;4.741;R;E10;5;2026-10-07 07:31:00;2.177
69290001;15 Avenue Édouard Millaud;Craponne;45.747;4.741;R;SP98;6;2026-10-07 07:31:00;2.282
84000008;18 Route de Lyon;Avignon;43.951;4.825;R;Gazole;1;2026-10-07 07:31:00;2.343
84000008;18 Route de Lyon;Avignon;43.951;4.825;R;E85;3;2026-10-07 07:31:00;1.01
84000008;18 Route de Lyon;Avignon;43.951;4.825;R;E10;5;2026-10-07 07:31:00;2.185
84000008;18 Route de Lyon;Avignon;43.951;4.825;R;SP98;6;2026-10-07 07:31:00;2.286
76160002;42 Rue Sadi Carnot;Darnétal;49.441;1.148;R;Gazole;1;2026-10-07 07:41:00;2.308
76160002;42 Rue Sadi Carnot;Darnétal;49.441;1.148;R;E10;5;2026-10-07 07:41:00;2.178
76160002;42 Rue Sadi Carnot;Darnétal;49.441;1.148;R;SP98;6;2026-10-07 07:41:00;2.268
67150001;ROUTE DE LYON;Erstein;48.415;7.636;R;Gazole;1;2026-10-07 07:31:00;2.388
67150001;ROUTE DE LYON;Erstein;48.415;7.636;R;E10;5;2026-10-07 07:31:00;2.182
67150001;ROUTE DE LYON;Erstein;48.415;7.636;R;SP98;6;2026-10-07 07:31:00;2.329
69720002;RN 6;Saint-Laurent-de-Mure;45.691;5.036;R;Gazole;1;2026-10-07 07:31:00;2.367
69720002;RN 6;Saint-Laurent-de-Mure;45.691;5.036;R;E10;5;2026-10-07 07:31:00;2.205
69720002;RN 6;Saint-Laurent-de-Mure;45.691;5.036;R;SP98;6;2026-10-07 07:31:00;2.331
74100005;6 Route des Vallées;Annemasse;46.194;6.241;R;Gazole;1;2026-10-07 07:31:00;2.388
74100005;6 Route des Vallées;Annemasse;46.194;6.241;R;E85;3;2026-10-07 07:31:00;1.022
74100005;6 Route des Vallées;Annemasse;46.194;6.241;R;GPLc;4;2026-10-07 07:31:00;1.087
74100005;6 Route des Vallées;Annemasse;46.194;6.241;R;E10;5;2026-10-07 07:31:00;2.214
74100005;6 Route des Vallées;Annemasse;46.194;6.241;R;SP98;6;2026-10-07 07:31:00;2.295
74800002;3515 Avenue du Mont-Blanc;Saint-Pierre-en-Faucigny;46.073;6.392;R;Gazole;1;2026-10-07 07:31:00;2.385
74800002;3515 Avenue du Mont-Blanc;Saint-Pierre-en-Faucigny;46.073;6.392;R;E85;3;2026-10-07 07:31:00;1.015
74800002;3515 Avenue du Mont-Blanc;Saint-Pierre-en-Faucigny;46.073;6.392;R;E10;5;2026-10-07 07:31:00;2.221
74800002;3515 Avenue du Mont-Blanc;Saint-Pierre-en-Faucigny;46.073;6.392;R;SP98;6;2026-10-07 07:31:00;2.377
83220002;157 Avenue Ganzin;Le Pradet;43.107;6.027;R;Gazole;1;2026-10-07 07:31:00;2.275
83220002;157 Avenue Ganzin;Le Pradet;43.107;6.027;R;E10;5;2026-10-07 07:31:00;2.165
83220002;157 Avenue Ganzin;Le Pradet;43.107;6.027;R;SP98;6;2026-10-07 07:31:00;2.245
77700003;1 Avenue Robert Schuman;COUPVRAY;48.872;2.798;R;Gazole;1;2026-10-07 07:41:00;2.429
77700003;1 Avenue Robert Schuman;COUPVRAY;48.872;2.798;R;GPLc;4;2026-10-07 07:41:00;1.019
77700003;1 Avenue Robert Schuman;COUPVRAY;48.872;2.798;R;E10;5;2026-10-07 07:41:00;2.242
77700003;1 Avenue Robert Schuman;COUPVRAY;48.872;2.798;R;SP98;6;2026-10-07 07:41:00;2.342
83490002;1068 ROUTE D'AIX;Le Muy;43.468;6.549;R;Gazole;1;2026-10-07 07:31:00;2.38
83490002;1068 ROUTE D'AIX;Le Muy;43.468;6.549;R;E85;3;2026-10-07 07:31:00;1.045
83490002;1068 ROUTE D'AIX;Le Muy;43.468;6.549;R;E10;5;2026-10-07 07:31:00;2.205
83490002;1068 ROUTE D'AIX;Le Muy;43.468;6.549;R;SP98;6;2026-10-07 07:31:00;2.327
76330003;2 avenue du General DE GAULLE;PORT JEROME SUR SEINE;49.489;0.566;R;Gazole;1;2026-10-07 07:32:00;2.353
76330003;2 avenue du General DE GAULLE;PORT JEROME SUR SEINE;49.489;0.566;R;E85;3;2026-10-07 07:32:00;0.975
76330003;2 avenue du General DE GAULLE;PORT JEROME SUR SEINE;49.489;0.566;R;E10;5;2026-10-07 07:32:00;2.179
76330003;2 avenue du General DE GAULLE;PORT JEROME SUR SEINE;49.489;0.566;R;SP98;6;2026-10-07 07:32:00;2.312
41600004;AUTOROUTE A 71;CHAUMONT-SUR-THARONNE;47.663;1.93;A;Gazole;1;2026-10-07 07:41:00;2.517
41600004;AUTOROUTE A 71;CHAUMONT-SUR-THARONNE;47.663;1.93;A;GPLc;4;2026-10-07 07:41:00;1.064
41600004;AUTOROUTE A 71;CHAUMONT-SUR-THARONNE;47.663;1.93;A;E10;5;2026-10-07 07:41:00;2.333
41600004;AUTOROUTE A 71;CHAUMONT-SUR-THARONNE;47.663;1.93;A;SP98;6;2026-10-07 07:41:00;2.433
75015011;19 BD DES FRERES VOISINS;Paris;48.828;2.272;R;Gazole;1;2026-10-07 07:31:00;2.393
75015011;19 BD DES FRERES VOISINS;Paris;48.828;2.272;R;E10;5;2026-10-07 07:31:00;2.17
75015011;19 BD DES FRERES VOISINS;Paris;48.828;2.272;R;SP98;6;2026-10-07 07:31:00;2.312
68180001;73 Grand'Rue;Horbourg-Wihr;48.08;7.398;R;Gazole;1;2026-10-07 07:31:00;2.45
68180001;73 Grand'Rue;Horbourg-Wihr;48.08;7.398;R;E85;3;2026-10-07 07:31:00;0.964
68180001;73 Grand'Rue;Horbourg-Wihr;48.08;7.398;R;E10;5;2026-10-07 07:31:00;2.178
68180001;73 Grand'Rue;Horbourg-Wihr;48.08;7.398;R;SP98;6;2026-10-07 07:31:00;2.323
59400004;BLD DE LA LIBERTE;Cambrai;50.169;3.232;R;Gazole;1;2026-10-07 07:31:00;2.369
59400004;BLD DE LA LIBERTE;Cambrai;50.169;3.232;R;E10;5;2026-10-07 07:31:00;2.11
59400004;BLD DE LA LIBERTE;Cambrai;50.169;3.232;R;SP98;6;2026-10-07 07:31:00;2.242
75012010;36 Quai de la Rapée;Paris;48.842;2.373;R;Gazole;1;2026-10-07 07:31:00;2.364
75012010;36 Quai de la Rapée;Paris;48.842;2.373;R;E10;5;2026-10-07 07:31:00;2.19
75012010;36 Quai de la Rapée;Paris;48.842;2.373;R;SP98;6;2026-10-07 07:31:00;2.316
35830002;64 RUE DE RENNES;BETTON;48.172273;-1.6412010000000001;R;Gazole;1;2026-10-07 07:37:56;2.25
35830002;64 RUE DE RENNES;BETTON;48.172273;-1.6412010000000001;R;SP98;6;2026-10-07 07:37:56;1.99
13010011;171 BD PAUL CLAUDEL;MARSEILLE;43.268;5.415;R;Gazole;1;2026-10-07 00:01:00;2.25
13010011;171 BD PAUL CLAUDEL;MARSEILLE;43.268;5.415;R;E10;5;2026-10-07 00:01:00;1.99
50000007;1214 Avenue de Paris;Saint-Lô;49.116301972112005;-1.0583312301737;R;Gazole;1;2026-10-07 07:16:30;2.329
30000006;47 Boulevard Talabot;Nîmes;43.838;4.372;R;Gazole;1;2026-10-07 07:31:00;2.392
30000006;47 Boulevard Talabot;Nîmes;43.838;4.372;R;E10;5;2026-10-07 07:31:00;2.212
30000006;47 Boulevard Talabot;Nîmes;43.838;4.372;R;SP98;6;2026-10-07 07:31:00;2.292
31400006;90 Route de Revel;TOULOUSE;43.575;1.49;R;Gazole;1;2026-10-07 07:31:00;2.391
31400006;90 Route de Revel;TOULOUSE;43.575;1.49;R;E10;5;2026-10-07 07:31:00;2.22
31400006;90 Route de Revel;TOULOUSE;43.575;1.49;R;SP98;6;2026-10-07 07:31:00;2.327
54270002;55 Avenue du 69ème Régiment d'Infanterie;Essey-lès-Nancy;48.708;6.235;R;Gazole;1;2026-10-07 07:31:00;2.405
54270002;55 Avenue du 69ème Régiment d'Infanterie;Essey-lès-Nancy;48.708;6.235;R;E10;5;2026-10-07 07:31:00;2.21
54270002;55 Avenue du 69ème Régiment d'Infanterie;Essey-lès-Nancy;48.708;6.235;R;SP98;6;2026-10-07 07:31:00;2.35
13100005;AV MALACRIDA;Aix-en-Provence;43.518;5.465;R;Gazole;1;2026-10-07 07:31:00;2.361
13100005;AV MALACRIDA;Aix-en-Provence;43.518;5.465;R;E85;3;2026-10-07 07:31:00;1.053
13100005;AV MALACRIDA;Aix-en-Provence;43.518;5.465;R;E10;5;2026-10-07 07:31:00;2.195
13100005;AV MALACRIDA;Aix-en-Provence;43.518;5.465;R;SP98;6;2026-10-07 07:31:00;2.313
32500005;1 Avenue du Corps Franc Pommiès;Fleurance;43.853;0.664;R;SP95;2;2026-10-07 09:02:38;1.99
34130002;ECOPARC DEPARTEMENTAL CD.112;SAINT-AUNES;43.639;3.964;R;Gazole;1;2026-10-07 10:50:00;2.331
34130002;ECOPARC DEPARTEMENTAL CD.112;SAINT-AUNES;43.639;3.964;R;E85;3;2026-10-07 10:50:00;0.879
34130002;ECOPARC DEPARTEMENTAL CD.112;SAINT-AUNES;43.639;3.964;R;E10;5;2026-10-07 10:50:00;2.149
34130002;ECOPARC DEPARTEMENTAL CD.112;SAINT-AUNES;43.639;3.964;R;SP98;6;2026-10-07 10:50:00;2.264
51100015;11 Boulevard Saint-Marceaux;Reims;49.256;4.047;R;Gazole;1;2026-10-07 07:31:00;2.38
51100015;11 Boulevard Saint-Marceaux;Reims;49.256;4.047;R;E10;5;2026-10-07 07:31:00;2.169
51100015;11 Boulevard Saint-Marceaux;Reims;49.256;4.047;R;SP98;6;2026-10-07 07:31:00;2.297
62300005;43 Route d'Arras;Lens;50.427;2.819;R;Gazole;1;2026-10-07 07:31:00;2.328
62300005;43 Route d'Arras;Lens;50.427;2.819;R;E10;5;2026-10-07 07:31:00;2.022
62300005;43 Route d'Arras;Lens;50.427;2.819;R;SP98;6;2026-10-07 07:31:00;2.248
76380002;40 Rue du Canal;CANTELEU;49.45879;1.04473;R;Gazole;1;2026-10-07 08:29:48;2.326
76380002;40 Rue du Canal;CANTELEU;49.45879;1.04473;R;E10;5;2026-10-07 08:29:49;2.12
76380002;40 Rue du Canal;CANTELEU;49.45879;1.04473;R;SP98;6;2026-10-07 08:29:49;2.209
67340001;ROUTE DE BOUXWILLER;Ingwiller;48.866;7.474;R;Gazole;1;2026-10-07 09:41:17;2.25
67340001;ROUTE DE BOUXWILLER;Ingwiller;48.866;7.474;R;E10;5;2026-10-07 09:41:17;1.99
50530002;Route de Carolles;Sartilly-Baie-Bocage;48.752;-1.459;R;Gazole;1;2026-10-07 09:30:28;2.309
50530002;Route de Carolles;Sartilly-Baie-Bocage;48.752;-1.459;R;E85;3;2026-10-07 09:30:28;0.879
50530002;Route de Carolles;Sartilly-Baie-Bocage;48.752;-1.459;R;E10;5;2026-10-07 09:30:28;2.149
50530002;Route de Carolles;Sartilly-Baie-Bocage;48.752;-1.459;R;SP98;6;2026-10-07 09:30:28;2.259
54200014;AUTOROUTE A31 - AIRE DE TOUL DOMMARTIN;DOMMARTIN LES TOUL;48.661607195698004;5.9090026115648;A;Gazole;1;2026-10-07 10:52:07;2.464
54200014;AUTOROUTE A31 - AIRE DE TOUL DOMMARTIN;DOMMARTIN LES TOUL;48.661607195698004;5.9090026115648;A;E85;3;2026-10-07 10:52:07;1.255
54200014;AUTOROUTE A31 - AIRE DE TOUL DOMMARTIN;DOMMARTIN LES TOUL;48.661607195698004;5.9090026115648;A;E10;5;2026-10-07 10:52:07;2.354
54200014;AUTOROUTE A31 - AIRE DE TOUL DOMMARTIN;DOMMARTIN LES TOUL;48.661607195698004;5.9090026115648;A;SP98;6;2026-10-07 10:52:07;2.422
45520004;A10 AIRE ORLEANS GIDY;GIDY;47.97593295;1.86012188;A;Gazole;1;2026-10-07 00:01:00;2.25
45520004;A10 AIRE ORLEANS GIDY;GIDY;47.97593295;1.86012188;A;E85;3;2026-10-07 00:01:00;0.999
45520004;A10 AIRE ORLEANS GIDY;GIDY;47.97593295;1.86012188;A;GPLc;4;2026-10-07 00:01:00;1.099
45520004;A10 AIRE ORLEANS GIDY;GIDY;47.97593295;1.86012188;A;E10;5;2026-10-07 00:01:00;1.99
45520004;A10 AIRE ORLEANS GIDY;GIDY;47.97593295;1.86012188;A;SP98;6;2026-10-07 00:01:00;1.99
21210005;4 RUE COURTEPEE;SAULIEU;47.283;4.229;R;Gazole;1;2026-10-07 08:37:55;2.25
21210005;4 RUE COURTEPEE;SAULIEU;47.283;4.229;R;E10;5;2026-10-07 08:37:55;1.99
39300008;37 AVENUE EDOUARD HERRIOT;CHAMPAGNOLE;46.748652;5.905161;R;Gazole;1;2026-10-07 10:32:17;2.371
39300008;37 AVENUE EDOUARD HERRIOT;CHAMPAGNOLE;46.748652;5.905161;R;E10;5;2026-10-07 10:32:17;2.191
81370004;SORTIE 5 A68 - ZAC PORTES DU TARN;Saint-Sulpice-la-Pointe;43.753;1.659;R;Gazole;1;2026-10-07 07:58:35;2.25
81370004;SORTIE 5 A68 - ZAC PORTES DU TARN;Saint-Sulpice-la-Pointe;43.753;1.659;R;E85;3;2026-10-07 07:58:35;0.899
81370004;SORTIE 5 A68 - ZAC PORTES DU TARN;Saint-Sulpice-la-Pointe;43.753;1.659;R;E10;5;2026-10-07 07:58:35;1.99
81370004;SORTIE 5 A68 - ZAC PORTES DU TARN;Saint-Sulpice-la-Pointe;43.753;1.659;R;SP98;6;2026-10-07 07:58:35;1.99
17420001;Avenue Charles de Gaulle;SAINT-PALAIS-SUR-MER;45.651;-1.085;R;Gazole;1;2026-10-07 08:45:25;2.343
62114002;100 Avenue François Mitterand;SAINS-EN-GOHELLE;50.455;2.684;R;Gazole;1;2026-10-07 08:12:07;2.25
62114002;100 Avenue François Mitterand;SAINS-EN-GOHELLE;50.455;2.684;R;E10;5;2026-10-07 08:12:07;1.99
62114002;100 Avenue François Mitterand;SAINS-EN-GOHELLE;50.455;2.684;R;SP98;6;2026-10-07 08:12:07;1.99
68540001;Route de Guebwiller;Bollwiller;47.866;7.256;R;E85;3;2026-10-07 11:08:49;0.854
68540001;Route de Guebwiller;Bollwiller;47.866;7.256;R;E10;5;2026-10-07 08:03:07;2.279
68540001;Route de Guebwiller;Bollwiller;47.866;7.256;R;SP98;6;2026-10-07 08:03:07;2.379
80100010;205 BLD DE LA REPUBLIQUE;ABBEVILLE;50.113;1.829;R;Gazole;1;2026-10-07 00:01:00;2.247
80100010;205 BLD DE LA REPUBLIQUE;ABBEVILLE;50.113;1.829;R;E85;3;2026-10-07 00:01:00;0.897
80100010;205 BLD DE LA REPUBLIQUE;ABBEVILLE;50.113;1.829;R;E10;5;2026-10-07 00:01:00;1.99
29200008;126 Boulevard de Plymouth;Brest;48.389;-4.528;R;Gazole;1;2026-10-07 08:45:00;2.334
29200008;126 Boulevard de Plymouth;Brest;48.389;-4.528;R;E10;5;2026-10-07 08:45:00;2.14
29200008;126 Boulevard de Plymouth;Brest;48.389;-4.528;R;SP98;6;2026-10-07 08:45:00;2.279
59541001;Boulevard du 8 Mai 1945;CAUDRY;50.129;3.426;R;Gazole;1;2026-10-07 10:07:00;2.355
59541001;Boulevard du 8 Mai 1945;CAUDRY;50.129;3.426;R;SP95;2;2026-10-07 10:07:00;2.188
59541001;Boulevard du 8 Mai 1945;CAUDRY;50.129;3.426;R;E85;3;2026-10-07 10:07:00;0.868
59541001;Boulevard du 8 Mai 1945;CAUDRY;50.129;3.426;R;E10;5;2026-10-07 10:07:00;2.148
59541001;Boulevard du 8 Mai 1945;CAUDRY;50.129;3.426;R;SP98;6;2026-10-07 10:07:00;2.226
36400004;18 rue des Ajoncs;LA CHâTRE;46.574;1.977;R;Gazole;1;2026-10-07 09:08:43;2.349
36400004;18 rue des Ajoncs;LA CHâTRE;46.574;1.977;R;E10;5;2026-10-07 09:08:43;2.187
36400004;18 rue des Ajoncs;LA CHâTRE;46.574;1.977;R;SP98;6;2026-10-07 09:08:43;2.248
23000004;AIRE DES MONTS DE GUERET;SAINT-SULPICE-LE-GUéRéTOIS;46.183;1.846;R;Gazole;1;2026-10-07 00:00:00;2.479
23000004;AIRE DES MONTS DE GUERET;SAINT-SULPICE-LE-GUéRéTOIS;46.183;1.846;R;E85;3;2026-10-07 00:00:00;0.935
23000004;AIRE DES MONTS DE GUERET;SAINT-SULPICE-LE-GUéRéTOIS;46.183;1.846;R;GPLc;4;2026-10-07 00:00:00;1.059
23000004;AIRE DES MONTS DE GUERET;SAINT-SULPICE-LE-GUéRéTOIS;46.183;1.846;R;E10;5;2026-10-07 00:00:00;2.319
23000004;AIRE DES MONTS DE GUERET;SAINT-SULPICE-LE-GUéRéTOIS;46.183;1.846;R;SP98;6;2026-10-07 00:00:00;2.399
71700010;1923 venière;Boyer;46.598227248847;4.9038672210453;R;Gazole;1;2026-10-07 08:32:24;2.25
71700010;1923 venière;Boyer;46.598227248847;4.9038672210453;R;E10;5;2026-10-07 08:32:24;1.99
71700010;1923 venière;Boyer;46.598227248847;4.9038672210453;R;SP98;6;2026-10-07 08:32:24;1.99
69700001;CENTRE COMMERCIAL GIVORS 2 VALLEES;Givors;45.586;4.755;R;SP98;6;2026-10-07 06:12:04;2.278
67200011;68 ROUTE DE SCHIRMECK;STRASBOURG;48.57307;7.71737;R;Gazole;1;2026-10-07 00:01:00;2.25
85603001;Rue Amiral Duchaffault;MONTAIGU;46.978;-1.306;R;Gazole;1;2026-10-07 08:55:37;2.299
85603001;Rue Amiral Duchaffault;MONTAIGU;46.978;-1.306;R;SP95;2;2026-10-07 08:55:38;2.218
28200003;Route du Mans;Saint-Denis-les-Ponts;48.067;1.302;R;Gazole;1;2026-10-07 06:44:58;2.309
28200003;Route du Mans;Saint-Denis-les-Ponts;48.067;1.302;R;SP95;2;2026-10-07 06:44:59;2.199
28200003;Route du Mans;Saint-Denis-les-Ponts;48.067;1.302;R;E10;5;2026-10-07 06:44:59;2.169
28200003;Route du Mans;Saint-Denis-les-Ponts;48.067;1.302;R;SP98;6;2026-10-07 06:44:59;2.239
88140006;AV DIVISION LECLERC;CONTREXEVILLE;48.188;5.894;R;Gazole;1;2026-10-07 00:01:00;2.25
88140006;AV DIVISION LECLERC;CONTREXEVILLE;48.188;5.894;R;E85;3;2026-10-07 00:01:00;0.893
88140006;AV DIVISION LECLERC;CONTREXEVILLE;48.188;5.894;R;GPLc;4;2026-10-07 00:01:00;1.059
88140006;AV DIVISION LECLERC;CONTREXEVILLE;48.188;5.894;R;E10;5;2026-10-07 00:01:00;1.99
88140006;AV DIVISION LECLERC;CONTREXEVILLE;48.188;5.894;R;SP98;6;2026-10-07 00:01:00;1.99
91220001;CCIAL MAISON NEUVE;BRéTIGNY-SUR-ORGE;48.587;2.304;R;Gazole;1;2026-10-07 08:50:39;2.287
91220001;CCIAL MAISON NEUVE;BRéTIGNY-SUR-ORGE;48.587;2.304;R;SP95;2;2026-10-07 08:50:40;2.174
91220001;CCIAL MAISON NEUVE;BRéTIGNY-SUR-ORGE;48.587;2.304;R;E10;5;2026-10-07 08:50:40;2.114
11100017;82 AVENUE CARNOT;Narbonne;43.196;3.012;R;Gazole;1;2026-10-07 08:36:10;2.25
2380002;D1 - LIEU DIT LE PRE MONTRE;Crécy-au-Mont;49.489;3.336;R;Gazole;1;2026-10-07 00:01:00;2.25
2380002;D1 - LIEU DIT LE PRE MONTRE;Crécy-au-Mont;49.489;3.336;R;E85;3;2026-10-07 00:01:00;0.878
29880002;1 place du fournil;Plouguerneau;48.606;-4.504;R;Gazole;1;2026-10-07 09:16:37;2.299
29880002;1 place du fournil;Plouguerneau;48.606;-4.504;R;E85;3;2026-10-07 09:16:37;0.869
29880002;1 place du fournil;Plouguerneau;48.606;-4.504;R;E10;5;2026-10-07 09:16:37;2.149
29880002;1 place du fournil;Plouguerneau;48.606;-4.504;R;SP98;6;2026-10-07 09:16:37;2.249
95310003;27 Rue d'Épluches;SAINT-OUEN-L'AUMONE;49.057;2.124;R;Gazole;1;2026-10-07 10:06:00;2.354
95310003;27 Rue d'Épluches;SAINT-OUEN-L'AUMONE;49.057;2.124;R;E85;3;2026-10-07 10:06:00;0.868
95310003;27 Rue d'Épluches;SAINT-OUEN-L'AUMONE;49.057;2.124;R;E10;5;2026-10-07 10:06:00;2.138
95310003;27 Rue d'Épluches;SAINT-OUEN-L'AUMONE;49.057;2.124;R;SP98;6;2026-10-07 10:06:00;2.251
26780007;RN 7;Châteauneuf-du-Rhône;44.519182196207;4.7453022156893;R;Gazole;1;2026-10-07 00:01:00;2.25
26780007;RN 7;Châteauneuf-du-Rhône;44.519182196207;4.7453022156893;R;E85;3;2026-10-07 00:01:00;0.898
26780007;RN 7;Châteauneuf-du-Rhône;44.519182196207;4.7453022156893;R;GPLc;4;2026-10-07 00:01:00;1.059
59550003;2574 Chemin De Maubeuge;MAROILLES;50.137;3.772;R;Gazole;1;2026-10-07 09:53:25;2.309
45340002;51, RTE DE CHAMBON;NIBELLE;48.0303786476;2.313316077;R;Gazole;1;2026-10-07 09:48:24;2.25
45340002;51, RTE DE CHAMBON;NIBELLE;48.0303786476;2.313316077;R;E10;5;2026-10-07 09:48:25;1.99
45340002;51, RTE DE CHAMBON;NIBELLE;48.0303786476;2.313316077;R;SP98;6;2026-10-07 09:48:25;1.99
44150004;BOULEVARD BAD BRUCKENAU;ANCENIS;47.373;-1.185;R;SP98;6;2026-10-07 08:14:18;2.229
36000016;RN 20 - ROCADE SUD;CHATEAUROUX;46.79298;1.71655;R;Gazole;1;2026-10-07 00:01:00;2.25
36000016;RN 20 - ROCADE SUD;CHATEAUROUX;46.79298;1.71655;R;E85;3;2026-10-07 00:01:00;0.902
36000016;RN 20 - ROCADE SUD;CHATEAUROUX;46.79298;1.71655;R;GPLc;4;2026-10-07 00:01:00;0.976
36000016;RN 20 - ROCADE SUD;CHATEAUROUX;46.79298;1.71655;R;E10;5;2026-10-07 00:01:00;1.99
28150002;Rue Denis Papin;Voves;48.279;1.623;R;E10;5;2026-10-07 08:32:50;2.109
28150002;Rue Denis Papin;Voves;48.279;1.623;R;SP98;6;2026-10-07 08:32:50;2.209
76600025;174 BOULEVARD DE L'AMIRAL MOUCH;LE HAVRE;49.48837;0.1502;R;E10;5;2026-10-07 00:01:00;1.99
2200016;Avenue de Compiègne;Mercin-et-vaux;49.3810431776;3.3006284453257;R;Gazole;1;2026-10-07 10:56:52;2.33
2200016;Avenue de Compiègne;Mercin-et-vaux;49.3810431776;3.3006284453257;R;E10;5;2026-10-07 10:56:53;2.12
2200016;Avenue de Compiègne;Mercin-et-vaux;49.3810431776;3.3006284453257;R;SP98;6;2026-10-07 10:56:53;2.219
34430003;ROUTE DE SETE;SAINT JEAN DE VEDAS;43.571;3.847;R;Gazole;1;2026-10-07 10:28:51;2.299
34430003;ROUTE DE SETE;SAINT JEAN DE VEDAS;43.571;3.847;R;E10;5;2026-10-07 10:28:51;2.149
34430003;ROUTE DE SETE;SAINT JEAN DE VEDAS;43.571;3.847;R;SP98;6;2026-10-07 10:28:51;2.256
80400004;80, rue de Paris;MUILLE-VILLETTE;49.73;3.067;R;Gazole;1;2026-10-07 10:09:00;2.328
80400004;80, rue de Paris;MUILLE-VILLETTE;49.73;3.067;R;E85;3;2026-10-07 10:09:00;0.864
80400004;80, rue de Paris;MUILLE-VILLETTE;49.73;3.067;R;E10;5;2026-10-07 10:09:00;2.16
80400004;80, rue de Paris;MUILLE-VILLETTE;49.73;3.067;R;SP98;6;2026-10-07 10:09:00;2.24
77760002;36 Avenue de Fontainebleau;La Chapelle-la-Reine;48.32;2.575;R;Gazole;1;2026-10-07 09:06:22;2.25
77760002;36 Avenue de Fontainebleau;La Chapelle-la-Reine;48.32;2.575;R;E10;5;2026-10-07 09:06:22;1.99
77760002;36 Avenue de Fontainebleau;La Chapelle-la-Reine;48.32;2.575;R;SP98;6;2026-10-07 09:06:22;1.99
85120001;52 Avenue du Général de Gaulle;La Châtaigneraie;46.646;-0.747;R;Gazole;1;2026-10-07 09:32:52;2.283
85120001;52 Avenue du Général de Gaulle;La Châtaigneraie;46.646;-0.747;R;E10;5;2026-10-07 09:32:53;2.13
85120001;52 Avenue du Général de Gaulle;La Châtaigneraie;46.646;-0.747;R;SP98;6;2026-10-07 09:32:53;2.231
77330003;84 Rue François de Tessan;OZOIR-LA-FERRIèRE;48.757;2.7;R;Gazole;1;2026-10-07 09:24:06;2.33
77330003;84 Rue François de Tessan;OZOIR-LA-FERRIèRE;48.757;2.7;R;SP98;6;2026-10-07 09:24:06;2.267
77360001;Place du Général de Gaulle;VAIRES-SUR-MARNE;48.874;2.641;R;Gazole;1;2026-10-07 09:18:12;2.359
77360001;Place du Général de Gaulle;VAIRES-SUR-MARNE;48.874;2.641;R;SP95;2;2026-10-07 09:18:12;2.239
77360001;Place du Général de Gaulle;VAIRES-SUR-MARNE;48.874;2.641;R;E10;5;2026-10-07 09:18:12;2.189
77360001;Place du Général de Gaulle;VAIRES-SUR-MARNE;48.874;2.641;R;SP98;6;2026-10-07 09:18:12;2.289
27406001;RUE DES PRES;INCARVILLE;49.235;1.183;R;Gazole;1;2026-10-07 08:51:14;2.267
27406001;RUE DES PRES;INCARVILLE;49.235;1.183;R;E10;5;2026-10-07 08:51:14;2.103
21204001;78 Route de Pommard;BEAUNE;47.015;4.816;R;E85;3;2026-10-07 09:48:19;0.899
57280001;VOIE ROMAINE;SEMéCOURT;49.199;6.15;R;Gazole;1;2026-10-07 08:47:24;2.299
57280001;VOIE ROMAINE;SEMéCOURT;49.199;6.15;R;E10;5;2026-10-07 08:47:24;2.159
57280001;VOIE ROMAINE;SEMéCOURT;49.199;6.15;R;SP98;6;2026-10-07 10:15:24;2.309
66400004;3 rue Batère;CéRET;42.501;2.758;R;Gazole;1;2026-10-07 08:17:13;2.335
66400004;3 rue Batère;CéRET;42.501;2.758;R;E85;3;2026-10-07 08:17:14;0.869
66400004;3 rue Batère;CéRET;42.501;2.758;R;E10;5;2026-10-07 08:17:14;2.179
66400004;3 rue Batère;CéRET;42.501;2.758;R;SP98;6;2026-10-07 08:17:14;2.269
59190004;88 Rue Notre-Dame;HAZEBROUCK;50.731;2.544;R;Gazole;1;2026-10-07 02:15:00;2.349
59190004;88 Rue Notre-Dame;HAZEBROUCK;50.731;2.544;R;E85;3;2026-10-07 02:15:00;0.855
59190004;88 Rue Notre-Dame;HAZEBROUCK;50.731;2.544;R;E10;5;2026-10-07 02:15:00;2.139
59190004;88 Rue Notre-Dame;HAZEBROUCK;50.731;2.544;R;SP98;6;2026-10-07 02:15:00;2.199
49220003;4 rocade du Lion;LE LION D ANGERS;47.618;-0.721;R;SP95;2;2026-10-07 10:09:15;1.99
85400001;BD MICHEL PHELIPPON;LUçON;46.463;-1.173;R;SP98;6;2026-10-07 09:22:53;2.218
19600004;AUTOROUTE A89;SAINT PANTALEON DE L'ARCHE;45.160552290935;1.4398200337318;A;Gazole;1;2026-10-07 09:30:00;2.465
19600004;AUTOROUTE A89;SAINT PANTALEON DE L'ARCHE;45.160552290935;1.4398200337318;A;E10;5;2026-10-07 09:30:00;2.249
19600004;AUTOROUTE A89;SAINT PANTALEON DE L'ARCHE;45.160552290935;1.4398200337318;A;SP98;6;2026-10-07 09:30:00;2.353
31120001;Boulevard de l'Europe;PORTET-SUR-GARONNE;43.533484665133;1.4004176073702;R;Gazole;1;2026-10-07 08:04:10;2.229
31120001;Boulevard de l'Europe;PORTET-SUR-GARONNE;43.533484665133;1.4004176073702;R;SP95;2;2026-10-07 08:04:10;2.179
31120001;Boulevard de l'Europe;PORTET-SUR-GARONNE;43.533484665133;1.4004176073702;R;E10;5;2026-10-07 08:04:11;2.099
31120001;Boulevard de l'Europe;PORTET-SUR-GARONNE;43.533484665133;1.4004176073702;R;SP98;6;2026-10-07 08:04:11;2.219
34280004;AVENUE DE L'EUROPE;LA GRANDE MOTTE;43.56218;4.08704;R;Gazole;1;2026-10-07 00:01:00;2.25
34280004;AVENUE DE L'EUROPE;LA GRANDE MOTTE;43.56218;4.08704;R;E10;5;2026-10-07 00:01:00;1.99
34280004;AVENUE DE L'EUROPE;LA GRANDE MOTTE;43.56218;4.08704;R;SP98;6;2026-10-07 00:01:00;1.99
37400002;Avenue Léonard de Vinci;Amboise;47.404;1.018;R;Gazole;1;2026-10-07 10:26:14;2.34
37400002;Avenue Léonard de Vinci;Amboise;47.404;1.018;R;SP95;2;2026-10-07 10:26:14;2.195
37400002;Avenue Léonard de Vinci;Amboise;47.404;1.018;R;E85;3;2026-10-07 10:26:14;0.889
37400002;Avenue Léonard de Vinci;Amboise;47.404;1.018;R;E10;5;2026-10-07 10:26:14;2.16
37400002;Avenue Léonard de Vinci;Amboise;47.404;1.018;R;SP98;6;2026-10-07 10:26:14;2.235
13110005;Route Nationale 568;Port-de-Bouc;43.42;4.979;R;Gazole;1;2026-10-07 00:01:00;2.25
13110005;Route Nationale 568;Port-de-Bouc;43.42;4.979;R;E10;5;2026-10-07 00:01:00;1.99
13110005;Route Nationale 568;Port-de-Bouc;43.42;4.979;R;SP98;6;2026-10-07 00:01:00;1.99
2100011;98 rue Alexandre Dumas;SAINT-QUENTIN;49.848;3.272;R;E10;5;2026-10-07 09:02:46;1.99
69125002;600 Rue de France;LYON ST EXUPERY AEROPORT;45.723;5.071;R;Gazole;1;2026-10-07 00:01:00;2.25
69125002;600 Rue de France;LYON ST EXUPERY AEROPORT;45.723;5.071;R;E85;3;2026-10-07 00:01:00;0.929
69125002;600 Rue de France;LYON ST EXUPERY AEROPORT;45.723;5.071;R;E10;5;2026-10-07 00:01:00;1.99
69125002;600 Rue de France;LYON ST EXUPERY AEROPORT;45.723;5.071;R;SP98;6;2026-10-07 00:01:00;1.99
63190011;AUTOROUTE A89 - AIRE LIMAGNE SUD;ORLEAT;45.851;3.405;A;Gazole;1;2026-10-07 00:01:00;2.25
63190011;AUTOROUTE A89 - AIRE LIMAGNE SUD;ORLEAT;45.851;3.405;A;E85;3;2026-10-07 00:01:00;0.999
63190011;AUTOROUTE A89 - AIRE LIMAGNE SUD;ORLEAT;45.851;3.405;A;E10;5;2026-10-07 00:01:00;1.99
63190011;AUTOROUTE A89 - AIRE LIMAGNE SUD;ORLEAT;45.851;3.405;A;SP98;6;2026-10-07 00:01:00;1.99
34300001;Boulevard Maurice Pacull;AGDE;43.299;3.473;R;Gazole;1;2026-10-07 08:11:41;2.259
34300001;Boulevard Maurice Pacull;AGDE;43.299;3.473;R;E10;5;2026-10-07 08:11:41;2.154
78550006;Route de Gambais;Maulette;48.791;1.628;R;Gazole;1;2026-10-07 09:08:52;2.31
18100008;Avenue de Lattre de Tassigny;Vierzon;47.205;2.072;R;Gazole;1;2026-10-07 10:50:36;2.359
44119006;RUE DES SPORTS ZA DE BELLEVUE;Grandchamp-des-Fontaines;47.357050659966006;-1.6016296214263999;R;Gazole;1;2026-10-07 08:00:00;2.301
44119006;RUE DES SPORTS ZA DE BELLEVUE;Grandchamp-des-Fontaines;47.357050659966006;-1.6016296214263999;R;E10;5;2026-10-07 08:00:00;2.136
44119006;RUE DES SPORTS ZA DE BELLEVUE;Grandchamp-des-Fontaines;47.357050659966006;-1.6016296214263999;R;SP98;6;2026-10-07 08:00:00;2.245
83136009;Impasse des chênes verts;ROCBARON;43.316;6.074;R;Gazole;1;2026-10-07 08:54:26;2.322
83136009;Impasse des chênes verts;ROCBARON;43.316;6.074;R;E85;3;2026-10-07 08:54:26;0.945
83136009;Impasse des chênes verts;ROCBARON;43.316;6.074;R;E10;5;2026-10-07 08:54:26;2.163
69400008;1139 RUE DE TARARE;GLEIZE;45.979;4.69;R;Gazole;1;2026-10-07 09:41:00;2.399
69400008;1139 RUE DE TARARE;GLEIZE;45.979;4.69;R;E85;3;2026-10-07 09:41:00;0.869
69400008;1139 RUE DE TARARE;GLEIZE;45.979;4.69;R;E10;5;2026-10-07 09:41:00;2.209
69400008;1139 RUE DE TARARE;GLEIZE;45.979;4.69;R;SP98;6;2026-10-07 09:41:00;2.282
34170006;Z.A. de l'Aube Rouge;Castelnau-le-Lez;43.639265257596996;3.9262091709930003;R;Gazole;1;2026-10-07 11:03:58;2.355
73700001;ROUTE DES ARCS;Bourg-Saint-Maurice;45.623;6.78;R;Gazole;1;2026-10-07 08:50:35;2.369
73700001;ROUTE DES ARCS;Bourg-Saint-Maurice;45.623;6.78;R;SP98;6;2026-10-07 08:50:35;2.299
86360001;RN10 LES PORTES DU FUTUR;Chasseneuil-du-Poitou;46.667;0.371;R;Gazole;1;2026-10-07 10:06:00;2.349
86360001;RN10 LES PORTES DU FUTUR;Chasseneuil-du-Poitou;46.667;0.371;R;E85;3;2026-10-07 10:06:00;0.816
86360001;RN10 LES PORTES DU FUTUR;Chasseneuil-du-Poitou;46.667;0.371;R;GPLc;4;2026-10-07 10:06:00;1.01
86360001;RN10 LES PORTES DU FUTUR;Chasseneuil-du-Poitou;46.667;0.371;R;E10;5;2026-10-07 10:06:00;2.179
86360001;RN10 LES PORTES DU FUTUR;Chasseneuil-du-Poitou;46.667;0.371;R;SP98;6;2026-10-07 10:06:00;2.279
51300013;FAUBOURG DE CHALONS;Vitry-le-François;48.735;4.59;R;Gazole;1;2026-10-07 00:01:00;2.25
51300013;FAUBOURG DE CHALONS;Vitry-le-François;48.735;4.59;R;E85;3;2026-10-07 00:01:00;0.885
29770001;12 Rue de la République;ESQUIBIEN;48.03;-4.559;R;Gazole;1;2026-10-07 08:59:12;2.25
29770001;12 Rue de la République;ESQUIBIEN;48.03;-4.559;R;E10;5;2026-10-07 08:59:12;1.99
29770001;12 Rue de la République;ESQUIBIEN;48.03;-4.559;R;SP98;6;2026-10-07 08:59:12;1.99
53140003;RN 12 ROUTE DE PARIS;Pré-en-Pail;48.462590020921;-0.19085232277825998;R;Gazole;1;2026-10-07 00:01:00;2.25
53140003;RN 12 ROUTE DE PARIS;Pré-en-Pail;48.462590020921;-0.19085232277825998;R;E85;3;2026-10-07 00:01:00;0.899
53140003;RN 12 ROUTE DE PARIS;Pré-en-Pail;48.462590020921;-0.19085232277825998;R;E10;5;2026-10-07 00:01:00;1.99
53140003;RN 12 ROUTE DE PARIS;Pré-en-Pail;48.462590020921;-0.19085232277825998;R;SP98;6;2026-10-07 00:01:00;1.99
93240009;201-203 avenue de Stalingrad, 93240 Stains;Stains;48.959;2.398;R;Gazole;1;2026-10-07 09:33:27;2.489
93240009;201-203 avenue de Stalingrad, 93240 Stains;Stains;48.959;2.398;R;E10;5;2026-10-07 09:33:27;2.259
93240009;201-203 avenue de Stalingrad, 93240 Stains;Stains;48.959;2.398;R;SP98;6;2026-10-07 09:33:27;2.419
26740003;RN 7;LES TOURRETTES;44.667;4.793;R;Gazole;1;2026-10-07 00:01:00;2.25
26740003;RN 7;LES TOURRETTES;44.667;4.793;R;E10;5;2026-10-07 00:01:00;1.99
29600002;ZA La Boissière;MORLAIX;48.587;-3.813;R;Gazole;1;2026-10-07 09:00:00;2.329
45000008;25 BOULEVARD JEAN JAURES;ORLEANS;47.9028;1.89362;R;Gazole;1;2026-10-07 00:01:00;2.25
45000008;25 BOULEVARD JEAN JAURES;ORLEANS;47.9028;1.89362;R;E10;5;2026-10-07 00:01:00;1.99
34400017;AUTOROUTE A9 - AIRE AMBRUSSUM SUD;VILLETELLE;43.71248;4.13135;A;Gazole;1;2026-10-07 00:01:00;2.25
34400017;AUTOROUTE A9 - AIRE AMBRUSSUM SUD;VILLETELLE;43.71248;4.13135;A;E85;3;2026-10-07 00:01:00;0.999
34400017;AUTOROUTE A9 - AIRE AMBRUSSUM SUD;VILLETELLE;43.71248;4.13135;A;E10;5;2026-10-07 00:01:00;1.99
34400017;AUTOROUTE A9 - AIRE AMBRUSSUM SUD;VILLETELLE;43.71248;4.13135;A;SP98;6;2026-10-07 00:01:00;1.99
13300001;666 Boulevard Roy René;Salon-de-Provence;43.631;5.101;R;Gazole;1;2026-10-07 06:52:47;2.25
13300001;666 Boulevard Roy René;Salon-de-Provence;43.631;5.101;R;GPLc;4;2026-10-07 06:52:47;1.01
13300001;666 Boulevard Roy René;Salon-de-Provence;43.631;5.101;R;SP98;6;2026-10-07 06:52:47;1.99
75020010;101 BLD MORTIER;Paris;48.871;2.409;R;Gazole;1;2026-10-07 00:01:00;2.25
75020010;101 BLD MORTIER;Paris;48.871;2.409;R;E10;5;2026-10-07 00:01:00;1.99
44550001;C.C. DE LA BERNUAIS;MONTOIR-DE-BRETAGNE;47.327;-2.152;R;Gazole;1;2026-10-07 02:15:00;2.366
44550001;C.C. DE LA BERNUAIS;MONTOIR-DE-BRETAGNE;47.327;-2.152;R;E85;3;2026-10-07 02:15:00;0.881
44550001;C.C. DE LA BERNUAIS;MONTOIR-DE-BRETAGNE;47.327;-2.152;R;E10;5;2026-10-07 02:15:00;2.152
44550001;C.C. DE LA BERNUAIS;MONTOIR-DE-BRETAGNE;47.327;-2.152;R;SP98;6;2026-10-07 02:15:00;2.232
59510003;188 AV DU GENERAL DE GAULLE;HEM;50.664898917062004;3.1827462575138;R;Gazole;1;2026-10-07 00:01:00;2.25
59510003;188 AV DU GENERAL DE GAULLE;HEM;50.664898917062004;3.1827462575138;R;E85;3;2026-10-07 00:01:00;0.869
59510003;188 AV DU GENERAL DE GAULLE;HEM;50.664898917062004;3.1827462575138;R;GPLc;4;2026-10-07 00:01:00;0.979
33450005;25 Route d'Ambarès;Saint-Loubès;44.921;-0.45;R;Gazole;1;2026-10-07 08:29:24;2.25
33450005;25 Route d'Ambarès;Saint-Loubès;44.921;-0.45;R;E10;5;2026-10-07 08:29:24;1.99
33450005;25 Route d'Ambarès;Saint-Loubès;44.921;-0.45;R;SP98;6;2026-10-07 08:29:24;1.99
50100003;Route des Fourches;CHERBOURG-OCTEVILLE;49.6372;-1.65108;R;Gazole;1;2026-10-07 10:11:07;2.329
50100003;Route des Fourches;CHERBOURG-OCTEVILLE;49.6372;-1.65108;R;E10;5;2026-10-07 10:11:08;2.129
50100003;Route des Fourches;CHERBOURG-OCTEVILLE;49.6372;-1.65108;R;SP98;6;2026-10-07 10:11:08;2.239
38500008;38 RUE GENERAL RAMBEAUD;VOIRON;45.363782;5.5911230000000005;R;Gazole;1;2026-10-07 10:10:32;2.401
38500008;38 RUE GENERAL RAMBEAUD;VOIRON;45.363782;5.5911230000000005;R;E10;5;2026-10-07 10:10:32;2.209
38500008;38 RUE GENERAL RAMBEAUD;VOIRON;45.363782;5.5911230000000005;R;SP98;6;2026-10-07 10:10:32;2.29
71100031;RUE DES POILUS D'ORIENT;CHALON-SUR-SAÔNE;46.797346445445996;4.8356486413059;R;Gazole;1;2026-10-07 10:20:20;2.359
18400001;ZAC DE LA VIGONNIERE LES BROSSES;Saint-Florent-sur-Cher;47.005;2.267;R;Gazole;1;2026-10-07 07:53:29;2.319
18400001;ZAC DE LA VIGONNIERE LES BROSSES;Saint-Florent-sur-Cher;47.005;2.267;R;SP95;2;2026-10-07 07:53:29;2.219
18400001;ZAC DE LA VIGONNIERE LES BROSSES;Saint-Florent-sur-Cher;47.005;2.267;R;E85;3;2026-10-07 07:53:30;0.879
18400001;ZAC DE LA VIGONNIERE LES BROSSES;Saint-Florent-sur-Cher;47.005;2.267;R;SP98;6;2026-10-07 07:53:30;2.249
92420002;18 Boulevard de la République;VAUCRESSON;48.839;2.166;R;Gazole;1;2026-10-07 09:35:00;2.399
92420002;18 Boulevard de la République;VAUCRESSON;48.839;2.166;R;SP95;2;2026-10-07 09:35:00;2.279
92420002;18 Boulevard de la République;VAUCRESSON;48.839;2.166;R;E10;5;2026-10-07 09:35:00;2.169
92420002;18 Boulevard de la République;VAUCRESSON;48.839;2.166;R;SP98;6;2026-10-07 09:35:00;2.299
21200010;ZA LA Berlhotte - RD 113;LEVERNOIS;46.999;4.854;R;Gazole;1;2026-10-07 08:51:48;2.369
21200010;ZA LA Berlhotte - RD 113;LEVERNOIS;46.999;4.854;R;E85;3;2026-10-07 08:51:49;0.869
21200010;ZA LA Berlhotte - RD 113;LEVERNOIS;46.999;4.854;R;GPLc;4;2026-10-07 08:51:49;1.079
21200010;ZA LA Berlhotte - RD 113;LEVERNOIS;46.999;4.854;R;E10;5;2026-10-07 08:51:49;2.209
21200010;ZA LA Berlhotte - RD 113;LEVERNOIS;46.999;4.854;R;SP98;6;2026-10-07 08:51:49;2.299
42270002;2 Rue Lé Lagrange;SAINT-PRIEST-EN-JAREZ;45.476;4.383;R;Gazole;1;2026-10-07 09:41:00;2.299
42270002;2 Rue Lé Lagrange;SAINT-PRIEST-EN-JAREZ;45.476;4.383;R;SP95;2;2026-10-07 09:41:00;2.268
42270002;2 Rue Lé Lagrange;SAINT-PRIEST-EN-JAREZ;45.476;4.383;R;E85;3;2026-10-07 09:41:00;0.869
42270002;2 Rue Lé Lagrange;SAINT-PRIEST-EN-JAREZ;45.476;4.383;R;E10;5;2026-10-07 09:41:00;2.178
42270002;2 Rue Lé Lagrange;SAINT-PRIEST-EN-JAREZ;45.476;4.383;R;SP98;6;2026-10-07 09:41:00;2.299
29900005;209 Rue de Trégunc;Concarneau;47.861;-3.885;R;Gazole;1;2026-10-07 08:05:44;2.25
29900005;209 Rue de Trégunc;Concarneau;47.861;-3.885;R;E10;5;2026-10-07 08:05:44;1.99
26000005;114 Avenue de la Libération;VALENCE;44.907;4.886;R;Gazole;1;2026-10-07 07:32:52;2.25
26000005;114 Avenue de la Libération;VALENCE;44.907;4.886;R;SP95;2;2026-10-07 07:32:52;1.99
66700001;ROUTE DE PERPIGNAN;ARGELèS-SUR-MER;42.557;3.01;R;Gazole;1;2026-10-07 06:24:21;2.329
66700001;ROUTE DE PERPIGNAN;ARGELèS-SUR-MER;42.557;3.01;R;SP95;2;2026-10-07 06:24:21;2.219
66700001;ROUTE DE PERPIGNAN;ARGELèS-SUR-MER;42.557;3.01;R;E10;5;2026-10-07 06:24:21;2.189
13480002;PLAN DE CAMPAGNE;CABRIES;43.41711;5.35583;R;Gazole;1;2026-10-07 08:17:02;2.317
13480002;PLAN DE CAMPAGNE;CABRIES;43.41711;5.35583;R;SP95;2;2026-10-07 08:17:02;2.209
13480002;PLAN DE CAMPAGNE;CABRIES;43.41711;5.35583;R;E10;5;2026-10-07 08:17:02;2.141
13480002;PLAN DE CAMPAGNE;CABRIES;43.41711;5.35583;R;SP98;6;2026-10-07 08:17:02;2.241
45330001;17 Rue Adolphe Cochery;Malesherbes;48.298;2.418;R;Gazole;1;2026-10-07 07:49:20;2.25
45330001;17 Rue Adolphe Cochery;Malesherbes;48.298;2.418;R;E10;5;2026-10-07 07:49:20;1.99
45330001;17 Rue Adolphe Cochery;Malesherbes;48.298;2.418;R;SP98;6;2026-10-07 07:49:20;1.99
13550001;RN 7 QUARTIER DU RABET;NOVES;43.861;4.914;R;Gazole;1;2026-10-07 09:09:59;2.365
62138005;Rue des anciens combattants d'Afrique du Nord;VIOLAINES;50.540594649516;2.7973236932458;R;Gazole;1;2026-10-07 08:51:23;2.294
62138005;Rue des anciens combattants d'Afrique du Nord;VIOLAINES;50.540594649516;2.7973236932458;R;E85;3;2026-10-07 08:51:23;0.876
62138005;Rue des anciens combattants d'Afrique du Nord;VIOLAINES;50.540594649516;2.7973236932458;R;SP98;6;2026-10-07 08:51:23;2.228
62330001;Rue de l'Eglise Berguette;ISBERGUES;50.609;2.472;R;Gazole;1;2026-10-07 08:11:46;2.33
62330001;Rue de l'Eglise Berguette;ISBERGUES;50.609;2.472;R;E10;5;2026-10-07 08:11:46;2.163
62330001;Rue de l'Eglise Berguette;ISBERGUES;50.609;2.472;R;SP98;6;2026-10-07 08:11:46;2.227
12000011;Avenue de Bamberg;Rodez;44.361351370221;2.5884617569915;R;Gazole;1;2026-10-07 08:26:27;2.299
31520003;1 Rue Louis Braille;RAMONVILLE-SAINT-AGNE;43.5357316;1.47830373;R;Gazole;1;2026-10-07 09:24:37;2.299
31520003;1 Rue Louis Braille;RAMONVILLE-SAINT-AGNE;43.5357316;1.47830373;R;E10;5;2026-10-07 09:24:37;2.149
31520003;1 Rue Louis Braille;RAMONVILLE-SAINT-AGNE;43.5357316;1.47830373;R;SP98;6;2026-10-07 09:24:37;2.289
62110004;389 RUE DES HAUTS DE FRANCE/PLAT;Hénin-Beaumont;50.45828;2.97598;A;Gazole;1;2026-10-07 00:01:00;2.25
62110004;389 RUE DES HAUTS DE FRANCE/PLAT;Hénin-Beaumont;50.45828;2.97598;A;E10;5;2026-10-07 00:01:00;1.99
78100002;122 RUE DU PRESIDENT ROOSEVELT;Saint-Germain-en-Laye;48.89957;2.07564;R;Gazole;1;2026-10-07 00:01:00;2.25
76420006;184 ROUTE DE NEUFCHATEL;BIHOREL;49.458;1.108;R;Gazole;1;2026-10-07 00:01:00;2.25
76420006;184 ROUTE DE NEUFCHATEL;BIHOREL;49.458;1.108;R;E85;3;2026-10-07 00:01:00;0.893
76420006;184 ROUTE DE NEUFCHATEL;BIHOREL;49.458;1.108;R;GPLc;4;2026-10-07 00:01:00;1.001
4160008;30 ROUTE NATIONALE 96;Château-Arnoux-Saint-Auban;44.074616472074;5.992643254634699;R;Gazole;1;2026-10-07 08:38:05;2.288
4160008;30 ROUTE NATIONALE 96;Château-Arnoux-Saint-Auban;44.074616472074;5.992643254634699;R;E85;3;2026-10-07 08:38:05;0.844
4160008;30 ROUTE NATIONALE 96;Château-Arnoux-Saint-Auban;44.074616472074;5.992643254634699;R;E10;5;2026-10-07 08:38:05;2.064
4160008;30 ROUTE NATIONALE 96;Château-Arnoux-Saint-Auban;44.074616472074;5.992643254634699;R;SP98;6;2026-10-07 08:38:05;2.124
58220001;1 rue Guy de Jean;Donzy;47.37;3.127;R;Gazole;1;2026-10-07 09:32:18;2.319
58220001;1 rue Guy de Jean;Donzy;47.37;3.127;R;E10;5;2026-10-07 09:32:18;2.129
11000019;1 rue Joséphine Baker;Carcassonne;43.207;2.393;R;Gazole;1;2026-10-07 08:45:00;2.379
11000019;1 rue Joséphine Baker;Carcassonne;43.207;2.393;R;E85;3;2026-10-07 08:45:00;0.899
11000019;1 rue Joséphine Baker;Carcassonne;43.207;2.393;R;E10;5;2026-10-07 08:45:00;2.193
11000019;1 rue Joséphine Baker;Carcassonne;43.207;2.393;R;SP98;6;2026-10-07 08:45:00;2.295
85800003;rd pt de l'Europe parc Océanis;Saint-Gilles-Croix-de-Vie;46.694;-1.914;R;Gazole;1;2026-10-07 10:00:00;2.299
85800003;rd pt de l'Europe parc Océanis;Saint-Gilles-Croix-de-Vie;46.694;-1.914;R;E85;3;2026-10-07 10:00:00;0.825
85800003;rd pt de l'Europe parc Océanis;Saint-Gilles-Croix-de-Vie;46.694;-1.914;R;E10;5;2026-10-07 10:00:00;2.098
85800003;rd pt de l'Europe parc Océanis;Saint-Gilles-Croix-de-Vie;46.694;-1.914;R;SP98;6;2026-10-07 10:00:00;2.218
74700006;45 RUE LEON CURRAL;SALLANCHES;45.932719000000006;6.6377109999999995;R;Gazole;1;2026-10-07 00:01:00;2.349
74500012;RUE DE CARTHERAY;PUBLIER;46.39;6.525;R;Gazole;1;2026-10-07 09:51:31;2.279
74500012;RUE DE CARTHERAY;PUBLIER;46.39;6.525;R;E10;5;2026-10-07 09:51:31;2.149
74500012;RUE DE CARTHERAY;PUBLIER;46.39;6.525;R;SP98;6;2026-10-07 09:51:31;2.279
23160002;82-84 rue grande;AZERABLES;46.354;1.467;R;Gazole;1;2026-10-07 10:38:51;2.48
23160002;82-84 rue grande;AZERABLES;46.354;1.467;R;SP95;2;2026-10-07 10:38:51;2.3
17100013;AVENUE DE SAINTONGES;SAINTES;45.741;-0.625;R;Gazole;1;2026-10-07 00:01:00;2.25
17100013;AVENUE DE SAINTONGES;SAINTES;45.741;-0.625;R;E10;5;2026-10-07 00:01:00;1.99
29910004;ROUTE DE CONCARNEAU;TREGUNC;47.856905999999995;-3.866559;R;Gazole;1;2026-10-07 07:29:03;2.349
29910004;ROUTE DE CONCARNEAU;TREGUNC;47.856905999999995;-3.866559;R;E10;5;2026-10-07 07:29:03;2.109
29910004;ROUTE DE CONCARNEAU;TREGUNC;47.856905999999995;-3.866559;R;SP98;6;2026-10-07 07:29:03;2.229
88300008;24 AVENUE HERRINGEN;NEUFCHATEAU;48.354;5.707;R;Gazole;1;2026-10-07 00:01:00;2.25
88300008;24 AVENUE HERRINGEN;NEUFCHATEAU;48.354;5.707;R;E85;3;2026-10-07 00:01:00;0.891
88300008;24 AVENUE HERRINGEN;NEUFCHATEAU;48.354;5.707;R;E10;5;2026-10-07 00:01:00;1.99
11000003;AVENUE DU 3ème RPIMA;Carcassonne;43.207;2.386;R;Gazole;1;2026-10-07 07:45:00;2.25
11000003;AVENUE DU 3ème RPIMA;Carcassonne;43.207;2.386;R;E10;5;2026-10-07 07:45:00;1.99
30000008;Route de Beaucaire;NîMES;43.837;4.395;R;Gazole;1;2026-10-07 10:51:00;2.349
30000008;Route de Beaucaire;NîMES;43.837;4.395;R;E85;3;2026-10-07 10:51:00;0.873
30000008;Route de Beaucaire;NîMES;43.837;4.395;R;GPLc;4;2026-10-07 10:51:00;1.056
30000008;Route de Beaucaire;NîMES;43.837;4.395;R;E10;5;2026-10-07 10:51:00;2.16
30000008;Route de Beaucaire;NîMES;43.837;4.395;R;SP98;6;2026-10-07 10:51:00;2.261
78590003;3 Rue André Lebourblanc;NOISY-LE-ROI;48.842;2.068;R;Gazole;1;2026-10-07 02:15:00;2.395
78590003;3 Rue André Lebourblanc;NOISY-LE-ROI;48.842;2.068;R;E85;3;2026-10-07 02:15:00;0.865
78590003;3 Rue André Lebourblanc;NOISY-LE-ROI;48.842;2.068;R;E10;5;2026-10-07 02:15:00;2.199
78590003;3 Rue André Lebourblanc;NOISY-LE-ROI;48.842;2.068;R;SP98;6;2026-10-07 02:15:00;2.299
7260002;135 ROUTES DES VERNADES;ROSIèRES;44.483;4.267;R;Gazole;1;2026-10-07 03:00:00;2.319
7260002;135 ROUTES DES VERNADES;ROSIèRES;44.483;4.267;R;E10;5;2026-10-07 03:00:00;2.159
7260002;135 ROUTES DES VERNADES;ROSIèRES;44.483;4.267;R;SP98;6;2026-10-07 03:00:00;2.285
89100004;Route de Lyon;SENS;48.184;3.287;R;Gazole;1;2026-10-07 07:13:59;2.25
89100004;Route de Lyon;SENS;48.184;3.287;R;E10;5;2026-10-07 07:13:59;1.99
89100004;Route de Lyon;SENS;48.184;3.287;R;SP98;6;2026-10-07 07:13:59;1.99
53000005;140 Avenue de Fougères;Laval;48.07959;-0.79216;R;Gazole;1;2026-10-07 07:25:52;2.25
53000005;140 Avenue de Fougères;Laval;48.07959;-0.79216;R;E10;5;2026-10-07 07:25:52;1.99
53000005;140 Avenue de Fougères;Laval;48.07959;-0.79216;R;SP98;6;2026-10-07 07:25:53;1.99
17100006;Cours Charles de Gaulle;Saintes;45.741008800341;-0.62603359222409;R;Gazole;1;2026-10-07 09:51:29;2.299
71680002;RN6;Crêches-sur-Saône;46.25;4.788;R;SP98;6;2026-10-07 09:34:05;2.436
24490002;59 Avenue d'Aquitaine;La Roche-Chalais;45.146;0.005;R;Gazole;1;2026-10-07 08:41:36;2.349
24490002;59 Avenue d'Aquitaine;La Roche-Chalais;45.146;0.005;R;SP95;2;2026-10-07 08:41:36;2.219
24490002;59 Avenue d'Aquitaine;La Roche-Chalais;45.146;0.005;R;E85;3;2026-10-07 08:41:36;0.869
24490002;59 Avenue d'Aquitaine;La Roche-Chalais;45.146;0.005;R;E10;5;2026-10-07 08:41:37;2.129
24490002;59 Avenue d'Aquitaine;La Roche-Chalais;45.146;0.005;R;SP98;6;2026-10-07 08:41:37;2.249
44230002;80 Boulevard des Pas Enchantés;Saint-Sébastien-sur-Loire;47.209033556831;-1.5109141112012;R;Gazole;1;2026-10-07 02:15:00;2.349
44230002;80 Boulevard des Pas Enchantés;Saint-Sébastien-sur-Loire;47.209033556831;-1.5109141112012;R;SP95;2;2026-10-07 02:15:00;2.219
44230002;80 Boulevard des Pas Enchantés;Saint-Sébastien-sur-Loire;47.209033556831;-1.5109141112012;R;E10;5;2026-10-07 02:15:00;2.149
44230002;80 Boulevard des Pas Enchantés;Saint-Sébastien-sur-Loire;47.209033556831;-1.5109141112012;R;SP98;6;2026-10-07 02:15:00;2.239
61200006;21-23 Rue Pierre Bérégovoy;ARGENTAN;48.752;-0.014;R;Gazole;1;2026-10-07 08:21:38;2.289
61200006;21-23 Rue Pierre Bérégovoy;ARGENTAN;48.752;-0.014;R;SP95;2;2026-10-07 08:21:38;2.16
61200006;21-23 Rue Pierre Bérégovoy;ARGENTAN;48.752;-0.014;R;GPLc;4;2026-10-07 08:21:38;1.046
61200006;21-23 Rue Pierre Bérégovoy;ARGENTAN;48.752;-0.014;R;SP98;6;2026-10-07 08:21:38;2.199
34600004;57 Route de Clermont l'herault;BEDARIEUX;43.611861511738;3.1708982933764998;R;Gazole;1;2026-10-07 07:02:20;2.359
34600004;57 Route de Clermont l'herault;BEDARIEUX;43.611861511738;3.1708982933764998;R;E85;3;2026-10-07 07:02:20;0.889
34600004;57 Route de Clermont l'herault;BEDARIEUX;43.611861511738;3.1708982933764998;R;SP98;6;2026-10-07 07:02:20;2.296
40800007;AUTOROUTE A65 - AIRE DE L'ADOUR;Aire-sur-l'Adour;43.732;-0.239;A;Gazole;1;2026-10-07 00:01:00;2.25
40800007;AUTOROUTE A65 - AIRE DE L'ADOUR;Aire-sur-l'Adour;43.732;-0.239;A;E85;3;2026-10-07 00:01:00;0.999
40800007;AUTOROUTE A65 - AIRE DE L'ADOUR;Aire-sur-l'Adour;43.732;-0.239;A;E10;5;2026-10-07 00:01:00;1.99
40800007;AUTOROUTE A65 - AIRE DE L'ADOUR;Aire-sur-l'Adour;43.732;-0.239;A;SP98;6;2026-10-07 00:01:00;1.99
59157002;RD 643 LE JEUNE BOIS;Beauvois-en-Cambrésis;50.138;3.395;R;Gazole;1;2026-10-07 08:36:26;2.25
59157002;RD 643 LE JEUNE BOIS;Beauvois-en-Cambrésis;50.138;3.395;R;E85;3;2026-10-07 08:36:26;0.871
44600009;LIEU DIT RETON;Saint-Nazaire;47.271;-2.25;R;E85;3;2026-10-07 00:01:00;0.894
44600009;LIEU DIT RETON;Saint-Nazaire;47.271;-2.25;R;GPLc;4;2026-10-07 00:01:00;0.939
42150001;La Béraudière;La Ricamarie;45.413;4.374;R;Gazole;1;2026-10-07 08:42:43;2.266
42150001;La Béraudière;La Ricamarie;45.413;4.374;R;E10;5;2026-10-07 08:42:43;2.129
42150001;La Béraudière;La Ricamarie;45.413;4.374;R;SP98;6;2026-10-07 08:42:43;2.232
95712003;VOIE P5 ET F2 BP 20212;Roissy-en-France;49.0;2.523;R;E85;3;2026-10-07 10:39:08;0.887
95712003;VOIE P5 ET F2 BP 20212;Roissy-en-France;49.0;2.523;R;SP98;6;2026-10-07 10:26:13;1.99
30470001;Route des Plages;Aimargues;43.694;4.203;R;Gazole;1;2026-10-07 08:45:54;2.349
30470001;Route des Plages;Aimargues;43.694;4.203;R;E10;5;2026-10-07 08:45:54;2.169
30470001;Route des Plages;Aimargues;43.694;4.203;R;SP98;6;2026-10-07 08:45:54;2.269
60490009;A1 SENS LILLE/PARIS REPERE 80.260;RESSONS SUR MATZ;49.519649613694995;2.7195533558196;A;Gazole;1;2026-10-07 00:01:00;2.25
60490009;A1 SENS LILLE/PARIS REPERE 80.260;RESSONS SUR MATZ;49.519649613694995;2.7195533558196;A;E85;3;2026-10-07 00:01:00;0.999
60490009;A1 SENS LILLE/PARIS REPERE 80.260;RESSONS SUR MATZ;49.519649613694995;2.7195533558196;A;GPLc;4;2026-10-07 00:01:00;1.059
60490009;A1 SENS LILLE/PARIS REPERE 80.260;RESSONS SUR MATZ;49.519649613694995;2.7195533558196;A;E10;5;2026-10-07 00:01:00;1.99
60490009;A1 SENS LILLE/PARIS REPERE 80.260;RESSONS SUR MATZ;49.519649613694995;2.7195533558196;A;SP98;6;2026-10-07 00:01:00;1.99
79200003;Route de Bressuire;CHâTILLON-SUR-THOUET;46.668;-0.254;R;Gazole;1;2026-10-07 08:30:00;2.259
50300006;228 Rue Du Bourg Robert;Ponts;48.709;-1.319;R;Gazole;1;2026-10-07 10:01:09;2.249
50300006;228 Rue Du Bourg Robert;Ponts;48.709;-1.319;R;SP95;2;2026-10-07 10:01:10;1.989
92000018;47 BLD DU HAVRE;NANTERRE;48.919;2.223;R;Gazole;1;2026-10-07 00:01:00;2.25
92000018;47 BLD DU HAVRE;NANTERRE;48.919;2.223;R;E85;3;2026-10-07 00:01:00;0.894
92000018;47 BLD DU HAVRE;NANTERRE;48.919;2.223;R;GPLc;4;2026-10-07 00:01:00;1.009
92000018;47 BLD DU HAVRE;NANTERRE;48.919;2.223;R;E10;5;2026-10-07 00:01:00;1.99
51200005;Les Rechignons DIZY;ÉPERNAY;49.063;3.96;R;Gazole;1;2026-10-07 10:07:00;2.364
51200005;Les Rechignons DIZY;ÉPERNAY;49.063;3.96;R;SP95;2;2026-10-07 10:07:00;2.226
51200005;Les Rechignons DIZY;ÉPERNAY;49.063;3.96;R;E85;3;2026-10-07 10:07:00;0.884
51200005;Les Rechignons DIZY;ÉPERNAY;49.063;3.96;R;E10;5;2026-10-07 10:07:00;2.144
51200005;Les Rechignons DIZY;ÉPERNAY;49.063;3.96;R;SP98;6;2026-10-07 10:07:00;2.248
72000020;162, AVENUE BOLLEE;LE MANS;47.997;0.218;R;Gazole;1;2026-10-07 07:34:52;2.25
72000020;162, AVENUE BOLLEE;LE MANS;47.997;0.218;R;E85;3;2026-10-07 07:34:52;0.896
72000020;162, AVENUE BOLLEE;LE MANS;47.997;0.218;R;E10;5;2026-10-07 07:34:52;1.99
67200012;142 ROUTE D' OBERHAUSBERGEN;STRASBOURG;48.596;7.709;R;Gazole;1;2026-10-07 00:01:00;2.25
67200012;142 ROUTE D' OBERHAUSBERGEN;STRASBOURG;48.596;7.709;R;GPLc;4;2026-10-07 00:01:00;0.949
67200012;142 ROUTE D' OBERHAUSBERGEN;STRASBOURG;48.596;7.709;R;E10;5;2026-10-07 00:01:00;1.99
44350007;2 impasse de Breninguen;Saint-Molf;47.39;-2.432;R;Gazole;1;2026-10-07 08:08:53;2.368
44350007;2 impasse de Breninguen;Saint-Molf;47.39;-2.432;R;E85;3;2026-10-07 08:08:53;0.869
44350007;2 impasse de Breninguen;Saint-Molf;47.39;-2.432;R;E10;5;2026-10-07 08:08:53;2.158
44350007;2 impasse de Breninguen;Saint-Molf;47.39;-2.432;R;SP98;6;2026-10-07 08:08:54;2.258
23000006;Le Verger Sainte Feyre;GUéRET;46.176728050277994;1.8979191984533998;R;Gazole;1;2026-10-07 08:12:46;2.359
23000006;Le Verger Sainte Feyre;GUéRET;46.176728050277994;1.8979191984533998;R;E10;5;2026-10-07 08:12:46;2.148
42100022;QUARTIER DE MONTHIEU140 RUE DE LA MONTAT;ST ETIENNE MONTHIEU;45.442;4.419;R;Gazole;1;2026-10-07 09:53:55;2.263
42100022;QUARTIER DE MONTHIEU140 RUE DE LA MONTAT;ST ETIENNE MONTHIEU;45.442;4.419;R;GPLc;4;2026-10-07 08:20:34;0.993
42100022;QUARTIER DE MONTHIEU140 RUE DE LA MONTAT;ST ETIENNE MONTHIEU;45.442;4.419;R;E10;5;2026-10-07 08:20:34;2.124
42100022;QUARTIER DE MONTHIEU140 RUE DE LA MONTAT;ST ETIENNE MONTHIEU;45.442;4.419;R;SP98;6;2026-10-07 09:53:55;2.232
68140003;18 Rue Martin Hilti;Munster;48.043;7.16;R;Gazole;1;2026-10-07 08:13:50;2.429
68140003;18 Rue Martin Hilti;Munster;48.043;7.16;R;E10;5;2026-10-07 08:13:51;2.289
68140003;18 Rue Martin Hilti;Munster;48.043;7.16;R;SP98;6;2026-10-07 08:13:51;2.389
47140001;Route de Villeneuve;SAINTE-LIVRADE-SUR-LOT;44.401;0.614;R;Gazole;1;2026-10-07 09:49:49;2.345
47140001;Route de Villeneuve;SAINTE-LIVRADE-SUR-LOT;44.401;0.614;R;GPLc;4;2026-10-07 09:49:49;1.099
47140001;Route de Villeneuve;SAINTE-LIVRADE-SUR-LOT;44.401;0.614;R;E10;5;2026-10-07 09:49:49;2.165
47140001;Route de Villeneuve;SAINTE-LIVRADE-SUR-LOT;44.401;0.614;R;SP98;6;2026-10-07 09:49:49;2.255
83500005;Chemin de l'evescat aux sablettes;La Seyne-sur-Mer;43.083;5.894;R;Gazole;1;2026-10-07 08:52:47;2.295
83500005;Chemin de l'evescat aux sablettes;La Seyne-sur-Mer;43.083;5.894;R;E85;3;2026-10-07 08:52:47;0.857
83500005;Chemin de l'evescat aux sablettes;La Seyne-sur-Mer;43.083;5.894;R;E10;5;2026-10-07 08:52:47;2.155
83500005;Chemin de l'evescat aux sablettes;La Seyne-sur-Mer;43.083;5.894;R;SP98;6;2026-10-07 08:52:48;2.265
84240001;428 Boulevard St Roch;LA TOUR-D'AIGUES;43.721;5.542;R;Gazole;1;2026-10-07 08:11:44;2.25
84240001;428 Boulevard St Roch;LA TOUR-D'AIGUES;43.721;5.542;R;E10;5;2026-10-07 08:11:44;1.99
84240001;428 Boulevard St Roch;LA TOUR-D'AIGUES;43.721;5.542;R;SP98;6;2026-10-07 08:11:44;1.99
71800003;26 Rue des Forges;LA CLAYETTE;46.289;4.299;R;Gazole;1;2026-10-07 08:04:08;2.385
71800003;26 Rue des Forges;LA CLAYETTE;46.289;4.299;R;SP95;2;2026-10-07 08:04:08;2.279
33370014;80 AVENUE DE BRANNE;TRESSES;44.84;-0.492;R;Gazole;1;2026-10-07 00:01:00;2.25
33370014;80 AVENUE DE BRANNE;TRESSES;44.84;-0.492;R;GPLc;4;2026-10-07 00:01:00;0.944
33370014;80 AVENUE DE BRANNE;TRESSES;44.84;-0.492;R;E10;5;2026-10-07 00:01:00;1.99
79390008;30 Place de l'hôtel de ville;Thenezay;46.719078639784;-0.025559026374689;R;Gazole;1;2026-10-07 09:56:05;2.366
91170006;RN 445 / 29 ROUTE DE FLEURY;Viry-Châtillon;48.653;2.369;R;Gazole;1;2026-10-07 00:01:00;2.25
91170006;RN 445 / 29 ROUTE DE FLEURY;Viry-Châtillon;48.653;2.369;R;E85;3;2026-10-07 00:01:00;0.891
91170006;RN 445 / 29 ROUTE DE FLEURY;Viry-Châtillon;48.653;2.369;R;E10;5;2026-10-07 00:01:00;1.99
91170006;RN 445 / 29 ROUTE DE FLEURY;Viry-Châtillon;48.653;2.369;R;SP98;6;2026-10-07 00:01:00;1.99
37800005;ZAC Les Marchaux - Les Rotes;SAINTE-MAURE DE TOURAINE;47.104;0.615;R;Gazole;1;2026-10-07 06:30:00;2.299
78520002;ROUTE NATIONALE 190;LIMAY;48.995;1.729;R;Gazole;1;2026-10-07 10:18:49;2.41
26140004;ZA LA TULANDIERE 26 route de la Maison Blanche;Saint-Rambert-d'Albon;45.287;4.815;R;Gazole;1;2026-10-07 09:41:00;2.353
26140004;ZA LA TULANDIERE 26 route de la Maison Blanche;Saint-Rambert-d'Albon;45.287;4.815;R;E85;3;2026-10-07 09:41:00;0.869
26140004;ZA LA TULANDIERE 26 route de la Maison Blanche;Saint-Rambert-d'Albon;45.287;4.815;R;E10;5;2026-10-07 09:41:00;2.202
26140004;ZA LA TULANDIERE 26 route de la Maison Blanche;Saint-Rambert-d'Albon;45.287;4.815;R;SP98;6;2026-10-07 09:41:00;2.292
35720001;AVENUE DE LA LIBERATION;COMBOURG;48.4126705209;-1.74328401232;R;Gazole;1;2026-10-07 10:35:16;2.25
35720001;AVENUE DE LA LIBERATION;COMBOURG;48.4126705209;-1.74328401232;R;E10;5;2026-10-07 10:35:16;1.99
35720001;AVENUE DE LA LIBERATION;COMBOURG;48.4126705209;-1.74328401232;R;SP98;6;2026-10-07 10:35:16;1.99
26800009;PLACE DU 8 MAI 1945;PORTES LES VALENCES;44.875;4.879;R;Gazole;1;2026-10-07 09:16:39;2.299
26800009;PLACE DU 8 MAI 1945;PORTES LES VALENCES;44.875;4.879;R;E85;3;2026-10-07 09:16:40;0.869
26800009;PLACE DU 8 MAI 1945;PORTES LES VALENCES;44.875;4.879;R;E10;5;2026-10-07 09:16:40;2.179
69882001;rue de la République;Meyzieu;45.769;4.987;R;SP95;2;2026-10-07 05:30:00;2.184
69882001;rue de la République;Meyzieu;45.769;4.987;R;E10;5;2026-10-07 05:30:00;2.149
93120005;AUTOROUTE A1 - AIRE DE LA COURNEUVE OUEST - SENS LILLE/PARIS;LA COURNEUVE;48.935;2.394;A;Gazole;1;2026-10-07 00:01:00;2.25
93120005;AUTOROUTE A1 - AIRE DE LA COURNEUVE OUEST - SENS LILLE/PARIS;LA COURNEUVE;48.935;2.394;A;E85;3;2026-10-07 00:01:00;0.958
93120005;AUTOROUTE A1 - AIRE DE LA COURNEUVE OUEST - SENS LILLE/PARIS;LA COURNEUVE;48.935;2.394;A;GPLc;4;2026-10-07 00:01:00;1.059
93120005;AUTOROUTE A1 - AIRE DE LA COURNEUVE OUEST - SENS LILLE/PARIS;LA COURNEUVE;48.935;2.394;A;E10;5;2026-10-07 00:01:00;1.99
93120005;AUTOROUTE A1 - AIRE DE LA COURNEUVE OUEST - SENS LILLE/PARIS;LA COURNEUVE;48.935;2.394;A;SP98;6;2026-10-07 00:01:00;1.99
81000004;120 Avenue François Verdier;Albi;43.92;2.132;R;Gazole;1;2026-10-07 07:10:02;2.25
81000004;120 Avenue François Verdier;Albi;43.92;2.132;R;GPLc;4;2026-10-07 07:10:02;1.135
1500007;CENTRE COMMERCIAL DE L'AVIATIONRAIS;Ambérieu-en-Bugey;45.972;5.338;R;SP98;6;2026-10-07 08:55:46;2.264
44330001;Route d'Ancenis;Vallet;47.17;-1.267;R;SP95;2;2026-10-07 09:00:00;2.184
80190001;Pôle Activité du Pays Neslois - Route de Rouy;NESLE;49.76;2.914;R;Gazole;1;2026-10-07 10:35:54;2.25
80190001;Pôle Activité du Pays Neslois - Route de Rouy;NESLE;49.76;2.914;R;E10;5;2026-10-07 10:35:54;1.99
80190001;Pôle Activité du Pays Neslois - Route de Rouy;NESLE;49.76;2.914;R;SP98;6;2026-10-07 10:35:54;1.99
76560001;6 rue Jean Varin;DOUDEVILLE;49.721;0.782;R;Gazole;1;2026-10-07 09:17:12;2.379
76560001;6 rue Jean Varin;DOUDEVILLE;49.721;0.782;R;SP95;2;2026-10-07 09:17:12;2.239
76560001;6 rue Jean Varin;DOUDEVILLE;49.721;0.782;R;SP98;6;2026-10-07 09:17:12;2.299
11100013;60AVENUE DU GENERAL LECLERC;NARBONNE;43.174;2.992;R;Gazole;1;2026-10-07 00:01:00;2.25
11100013;60AVENUE DU GENERAL LECLERC;NARBONNE;43.174;2.992;R;E85;3;2026-10-07 00:01:00;0.915
11100013;60AVENUE DU GENERAL LECLERC;NARBONNE;43.174;2.992;R;GPLc;4;2026-10-07 00:01:00;1.029
11100013;60AVENUE DU GENERAL LECLERC;NARBONNE;43.174;2.992;R;E10;5;2026-10-07 00:01:00;1.99
11100013;60AVENUE DU GENERAL LECLERC;NARBONNE;43.174;2.992;R;SP98;6;2026-10-07 07:45:54;1.99
85306001;BOULEVARD JEAN XXIII;CHALLANS;46.836;-1.872;R;Gazole;1;2026-10-07 10:55:24;2.305
85306001;BOULEVARD JEAN XXIII;CHALLANS;46.836;-1.872;R;E85;3;2026-10-07 10:55:25;0.824
40400002;1850 ROUTE DE LALANDE;Carcarès-Sainte-Croix;43.833;-0.808;R;Gazole;1;2026-10-07 07:31:25;2.25
40400002;1850 ROUTE DE LALANDE;Carcarès-Sainte-Croix;43.833;-0.808;R;SP95;2;2026-10-07 07:31:25;1.989
40400002;1850 ROUTE DE LALANDE;Carcarès-Sainte-Croix;43.833;-0.808;R;GPLc;4;2026-10-07 07:31:25;1.1
40400002;1850 ROUTE DE LALANDE;Carcarès-Sainte-Croix;43.833;-0.808;R;SP98;6;2026-10-07 07:31:25;1.99
60730002;Centre Commercial du Château;SAINTE-GENEVIèVE;49.29;2.201;R;Gazole;1;2026-10-07 09:15:00;2.399
60730002;Centre Commercial du Château;SAINTE-GENEVIèVE;49.29;2.201;R;E10;5;2026-10-07 09:15:00;2.175
60730002;Centre Commercial du Château;SAINTE-GENEVIèVE;49.29;2.201;R;SP98;6;2026-10-07 09:15:00;2.285
13100015;AVENUE DU MAL DE LATTRE TASSIGNY;Aix-en-Provence;43.532005608599995;5.43734451063;R;Gazole;1;2026-10-07 00:01:00;2.25
13100015;AVENUE DU MAL DE LATTRE TASSIGNY;Aix-en-Provence;43.532005608599995;5.43734451063;R;E85;3;2026-10-07 00:01:00;0.909
13100015;AVENUE DU MAL DE LATTRE TASSIGNY;Aix-en-Provence;43.532005608599995;5.43734451063;R;E10;5;2026-10-07 00:01:00;1.99
13100015;AVENUE DU MAL DE LATTRE TASSIGNY;Aix-en-Provence;43.532005608599995;5.43734451063;R;SP98;6;2026-10-07 00:01:00;1.99
1590001;18, Rue du 21 Juillet 1944;DORTAN;46.322;5.656;R;Gazole;1;2026-10-07 06:38:17;2.359
37300001;Boulevard des Bretonnières;JOUé-LèS-TOURS;47.346;0.643;R;Gazole;1;2026-10-07 07:46:59;2.309
37300001;Boulevard des Bretonnières;JOUé-LèS-TOURS;47.346;0.643;R;SP95;2;2026-10-07 07:46:59;2.159
37300001;Boulevard des Bretonnières;JOUé-LèS-TOURS;47.346;0.643;R;SP98;6;2026-10-07 07:46:59;2.259
44140004;Avenue de Nantes ZA le Haut Coin;Aigrefeuille-sur-Maine;47.082;-1.412;R;Gazole;1;2026-10-07 09:20:00;2.299
31500015;228 AVENUE DE CASTRES;Toulouse;43.594384491655;1.4889336316694;R;Gazole;1;2026-10-07 00:01:00;2.399
31500015;228 AVENUE DE CASTRES;Toulouse;43.594384491655;1.4889336316694;R;E85;3;2026-10-07 05:03:00;1.025
31500015;228 AVENUE DE CASTRES;Toulouse;43.594384491655;1.4889336316694;R;E10;5;2026-10-07 05:03:00;2.219
31500015;228 AVENUE DE CASTRES;Toulouse;43.594384491655;1.4889336316694;R;SP98;6;2026-10-07 05:03:00;2.319
74230006;Avenue d'Annecy;Thônes;45.882;6.323;R;Gazole;1;2026-10-07 09:38:22;2.419
65000010;AVENUE DU MARECHAL JOFFRE;TARBES;43.239;0.062;R;Gazole;1;2026-10-07 00:01:00;2.25
65000010;AVENUE DU MARECHAL JOFFRE;TARBES;43.239;0.062;R;GPLc;4;2026-10-07 00:01:00;0.989
71260009;Autoroute A6 - Aire de Macon Saint-Albain;SAINT ALBAIN;46.42;4.863;A;Gazole;1;2026-10-07 09:30:00;2.494
71260009;Autoroute A6 - Aire de Macon Saint-Albain;SAINT ALBAIN;46.42;4.863;A;E10;5;2026-10-07 09:30:00;2.312
71260009;Autoroute A6 - Aire de Macon Saint-Albain;SAINT ALBAIN;46.42;4.863;A;SP98;6;2026-10-07 09:30:00;2.462
41200002;4 Avenue de Villefranche;ROMORANTIN-LANTHENAY;47.353;1.744;R;Gazole;1;2026-10-07 08:03:10;2.25
41200002;4 Avenue de Villefranche;ROMORANTIN-LANTHENAY;47.353;1.744;R;SP95;2;2026-10-07 08:03:10;1.99
13545001;1175 Rue Guillaume du Vair;Aix-en-Provence;43.506;5.399;R;Gazole;1;2026-10-07 08:23:31;2.277
13545001;1175 Rue Guillaume du Vair;Aix-en-Provence;43.506;5.399;R;SP95;2;2026-10-07 08:43:00;2.211
13545001;1175 Rue Guillaume du Vair;Aix-en-Provence;43.506;5.399;R;E85;3;2026-10-07 08:43:00;0.913
13545001;1175 Rue Guillaume du Vair;Aix-en-Provence;43.506;5.399;R;GPLc;4;2026-10-07 08:23:32;0.994
13545001;1175 Rue Guillaume du Vair;Aix-en-Provence;43.506;5.399;R;E10;5;2026-10-07 08:43:00;2.137
13545001;1175 Rue Guillaume du Vair;Aix-en-Provence;43.506;5.399;R;SP98;6;2026-10-07 08:43:00;2.275
24400003;rue du 11 juin 1944;Saint-Médard-de-Mussidan;45.041;0.352;R;Gazole;1;2026-10-07 09:53:52;2.299
3500006;168 ROUTE DE GANNAT;Saint-Pourçain-sur-Sioule;46.29;3.293;R;GPLc;4;2026-10-07 06:32:35;1.099
3500006;168 ROUTE DE GANNAT;Saint-Pourçain-sur-Sioule;46.29;3.293;R;E10;5;2026-10-07 06:32:35;1.99
3500006;168 ROUTE DE GANNAT;Saint-Pourçain-sur-Sioule;46.29;3.293;R;SP98;6;2026-10-07 06:32:35;1.99
21160005;355 Avenue Jean Moulin;Marsannay-la-Côte;47.28;5.019;R;Gazole;1;2026-10-07 09:41:00;2.359
21160005;355 Avenue Jean Moulin;Marsannay-la-Côte;47.28;5.019;R;E85;3;2026-10-07 09:41:00;0.889
21160005;355 Avenue Jean Moulin;Marsannay-la-Côte;47.28;5.019;R;GPLc;4;2026-10-07 09:41:00;0.949
21160005;355 Avenue Jean Moulin;Marsannay-la-Côte;47.28;5.019;R;E10;5;2026-10-07 09:41:00;2.187
21160005;355 Avenue Jean Moulin;Marsannay-la-Côte;47.28;5.019;R;SP98;6;2026-10-07 09:41:00;2.27
59470004;703 Route de Bergues;Wormhout;50.891;2.463;R;Gazole;1;2026-10-07 07:34:28;2.25
59470004;703 Route de Bergues;Wormhout;50.891;2.463;R;E10;5;2026-10-07 07:34:28;1.99
72800003;9936 AVENUE DE TALHOUET;LE LUDE;47.647;0.146;R;Gazole;1;2026-10-07 07:40:29;2.25
72800003;9936 AVENUE DE TALHOUET;LE LUDE;47.647;0.146;R;E10;5;2026-10-07 07:40:30;1.99
72800003;9936 AVENUE DE TALHOUET;LE LUDE;47.647;0.146;R;SP98;6;2026-10-07 07:40:30;1.99
77400011;RN 34;Lagny-sur-Marne;48.877;2.729;R;Gazole;1;2026-10-07 00:01:00;2.25
77400011;RN 34;Lagny-sur-Marne;48.877;2.729;R;E85;3;2026-10-07 00:01:00;0.897
77400011;RN 34;Lagny-sur-Marne;48.877;2.729;R;E10;5;2026-10-07 00:01:00;1.99
1000013;BOULEVARD CHARLES DE GAULLE;Bourg-en-Bresse;46.199;5.244;R;Gazole;1;2026-10-07 00:01:00;2.25
1000013;BOULEVARD CHARLES DE GAULLE;Bourg-en-Bresse;46.199;5.244;R;E10;5;2026-10-07 00:01:00;1.99
1000013;BOULEVARD CHARLES DE GAULLE;Bourg-en-Bresse;46.199;5.244;R;SP98;6;2026-10-07 00:01:00;1.99
63000022;24 BOULEVARD AMBROISE BRUGIERE;Clermont-Ferrand;45.789;3.118;R;E10;5;2026-10-07 00:01:00;1.99
76300009;57 BD INDUSTRIEL;Sotteville-lès-Rouen;49.404;1.111;R;E85;3;2026-10-07 00:01:00;0.891
69370002;107 ROUTE DE ST CYR;Saint-Didier-au-Mont-d'Or;45.791;4.808;R;Gazole;1;2026-10-07 00:01:00;2.25
69370002;107 ROUTE DE ST CYR;Saint-Didier-au-Mont-d'Or;45.791;4.808;R;E85;3;2026-10-07 00:01:00;0.923
69370002;107 ROUTE DE ST CYR;Saint-Didier-au-Mont-d'Or;45.791;4.808;R;E10;5;2026-10-07 00:01:00;1.99
67700011;39 ROUTE DE PARIS RN4;SAVERNE;48.742;7.357;R;Gazole;1;2026-10-07 06:33:55;2.25
67700011;39 ROUTE DE PARIS RN4;SAVERNE;48.742;7.357;R;E10;5;2026-10-07 06:33:55;1.99
26600014;RN7;Pont-de-l'Isère;45.008;4.87;R;E85;3;2026-10-07 00:01:00;0.897
30900016;BD PASTEUR MARC BOEGNER;NIMES;43.822;4.329;R;Gazole;1;2026-10-07 00:01:00;2.25
30900016;BD PASTEUR MARC BOEGNER;NIMES;43.822;4.329;R;GPLc;4;2026-10-07 00:01:00;0.999
30900016;BD PASTEUR MARC BOEGNER;NIMES;43.822;4.329;R;E10;5;2026-10-07 00:01:00;1.99
37170007;77 GRAND SUD AVENUE;Chambray-lès-Tours;47.342;0.704;R;Gazole;1;2026-10-07 00:01:00;2.25
31700009;120 ROUTE DE GRENADE;BLAGNAC;43.646;1.385;R;E10;5;2026-10-07 07:00:33;1.99
93330006;29-33 BLD DU MARECHAL FOCH;Neuilly-sur-Marne;48.855521586507;2.5253154972287;R;Gazole;1;2026-10-07 07:23:31;2.25
93330006;29-33 BLD DU MARECHAL FOCH;Neuilly-sur-Marne;48.855521586507;2.5253154972287;R;E10;5;2026-10-07 07:23:31;1.99
77410009;AUTOROUTE N104 - AIRE DE VILLEVAUDÉ;VILLEVAUDE;48.905;2.641;A;Gazole;1;2026-10-07 00:01:00;2.25
77410009;AUTOROUTE N104 - AIRE DE VILLEVAUDÉ;VILLEVAUDE;48.905;2.641;A;GPLc;4;2026-10-07 00:01:00;1.029
77410009;AUTOROUTE N104 - AIRE DE VILLEVAUDÉ;VILLEVAUDE;48.905;2.641;A;E10;5;2026-10-07 00:01:00;1.99
77410009;AUTOROUTE N104 - AIRE DE VILLEVAUDÉ;VILLEVAUDE;48.905;2.641;A;SP98;6;2026-10-07 08:00:02;1.99
34800004;2 rue du servent;Clermont-l'Hérault;43.618;3.452;R;Gazole;1;2026-10-07 07:30:00;2.369
34800004;2 rue du servent;Clermont-l'Hérault;43.618;3.452;R;E10;5;2026-10-07 07:30:00;2.169
34800004;2 rue du servent;Clermont-l'Hérault;43.618;3.452;R;SP98;6;2026-10-07 07:30:00;2.279
3800005;77 rue des Capucins;GANNAT;46.11;3.198;R;Gazole;1;2026-10-07 07:40:50;2.25
3800005;77 rue des Capucins;GANNAT;46.11;3.198;R;E10;5;2026-10-07 07:40:51;1.99
3800005;77 rue des Capucins;GANNAT;46.11;3.198;R;SP98;6;2026-10-07 07:40:51;1.99
37700011;AVENUE JACQUES DUCLOS;Saint-Pierre-des-Corps;47.381;0.73;R;Gazole;1;2026-10-07 00:01:00;2.25
37700011;AVENUE JACQUES DUCLOS;Saint-Pierre-des-Corps;47.381;0.73;R;E85;3;2026-10-07 00:01:00;0.893
37700011;AVENUE JACQUES DUCLOS;Saint-Pierre-des-Corps;47.381;0.73;R;GPLc;4;2026-10-07 00:01:00;0.949
37700011;AVENUE JACQUES DUCLOS;Saint-Pierre-des-Corps;47.381;0.73;R;E10;5;2026-10-07 00:01:00;1.99
74960005;60 Route des Creuses;CRAN-GEVRIER;45.892;6.092;R;Gazole;1;2026-10-07 09:41:00;2.37
74960005;60 Route des Creuses;CRAN-GEVRIER;45.892;6.092;R;E10;5;2026-10-07 09:41:00;2.18
74960005;60 Route des Creuses;CRAN-GEVRIER;45.892;6.092;R;SP98;6;2026-10-07 09:41:00;2.302
92600009;272 AVENUE DES GRESILLONS;Asnières-sur-Seine;48.92;2.313;R;Gazole;1;2026-10-07 00:01:00;2.25
92600009;272 AVENUE DES GRESILLONS;Asnières-sur-Seine;48.92;2.313;R;E10;5;2026-10-07 00:01:00;1.99
6200028;PROMENADE DES ANGLAIS;NICE;43.675;7.229;R;Gazole;1;2026-10-07 00:01:00;2.25
6200028;PROMENADE DES ANGLAIS;NICE;43.675;7.229;R;E85;3;2026-10-07 00:01:00;0.916
6200028;PROMENADE DES ANGLAIS;NICE;43.675;7.229;R;GPLc;4;2026-10-07 00:01:00;0.989
6200028;PROMENADE DES ANGLAIS;NICE;43.675;7.229;R;E10;5;2026-10-07 00:01:00;1.99
6200028;PROMENADE DES ANGLAIS;NICE;43.675;7.229;R;SP98;6;2026-10-07 00:01:00;1.99
45430006;ROUTE NATIONALE 60;MARDIE;47.9075978017;2.06066757849;R;Gazole;1;2026-10-07 00:01:00;2.25
45430006;ROUTE NATIONALE 60;MARDIE;47.9075978017;2.06066757849;R;E10;5;2026-10-07 00:01:00;1.99
45430006;ROUTE NATIONALE 60;MARDIE;47.9075978017;2.06066757849;R;SP98;6;2026-10-07 05:09:41;1.99
69550002;Z.i. la Gaité;AMPLEPUIS;45.981;4.334;R;Gazole;1;2026-10-07 08:37:38;2.25
69550002;Z.i. la Gaité;AMPLEPUIS;45.981;4.334;R;E10;5;2026-10-07 08:37:38;1.99
13007001;13 Avenue Pasteur;Marseille;43.291;5.359;R;Gazole;1;2026-10-07 07:31:00;2.362
13007001;13 Avenue Pasteur;Marseille;43.291;5.359;R;E10;5;2026-10-07 07:31:00;2.19
13007001;13 Avenue Pasteur;Marseille;43.291;5.359;R;SP98;6;2026-10-07 07:31:00;2.303
13680008;AUTOROUTE A7 - AIRE DE LANÇON OUEST;Lançon-Provence;43.585629439;5.2019342191;A;Gazole;1;2026-10-07 00:01:00;2.25
13680008;AUTOROUTE A7 - AIRE DE LANÇON OUEST;Lançon-Provence;43.585629439;5.2019342191;A;E85;3;2026-10-07 00:01:00;0.999
13680008;AUTOROUTE A7 - AIRE DE LANÇON OUEST;Lançon-Provence;43.585629439;5.2019342191;A;GPLc;4;2026-10-07 00:01:00;1.088
13680008;AUTOROUTE A7 - AIRE DE LANÇON OUEST;Lançon-Provence;43.585629439;5.2019342191;A;E10;5;2026-10-07 00:01:00;1.99
13680008;AUTOROUTE A7 - AIRE DE LANÇON OUEST;Lançon-Provence;43.585629439;5.2019342191;A;SP98;6;2026-10-07 00:01:00;1.99
1210003;Route de Meyrin;FERNEY-VOLTAIRE;46.244;6.095;R;Gazole;1;2026-10-07 09:31:14;2.334
1210003;Route de Meyrin;FERNEY-VOLTAIRE;46.244;6.095;R;E10;5;2026-10-07 09:31:14;2.168
1210003;Route de Meyrin;FERNEY-VOLTAIRE;46.244;6.095;R;SP98;6;2026-10-07 09:31:14;2.268
6800019;79 AV. DE NICE;Cagnes-sur-Mer;43.65936;7.16732;R;Gazole;1;2026-10-07 00:01:00;2.25
6800019;79 AV. DE NICE;Cagnes-sur-Mer;43.65936;7.16732;R;E10;5;2026-10-07 00:01:00;1.99
44150003;Espace 23 SAINT-GEREON;ANCENIS;47.373;-1.194;R;Gazole;1;2026-10-07 10:01:00;2.299
44150003;Espace 23 SAINT-GEREON;ANCENIS;47.373;-1.194;R;SP95;2;2026-10-07 10:01:00;2.207
44150003;Espace 23 SAINT-GEREON;ANCENIS;47.373;-1.194;R;E85;3;2026-10-07 10:01:00;0.839
44150003;Espace 23 SAINT-GEREON;ANCENIS;47.373;-1.194;R;E10;5;2026-10-07 10:01:00;2.119
44150003;Espace 23 SAINT-GEREON;ANCENIS;47.373;-1.194;R;SP98;6;2026-10-07 10:01:00;2.199
64450002;1 ROUTE DE BORDEAUX;AURIAC;43.466308074834004;-0.32354437640108;R;Gazole;1;2026-10-07 09:49:39;2.25
64450002;1 ROUTE DE BORDEAUX;AURIAC;43.466308074834004;-0.32354437640108;R;SP95;2;2026-10-07 09:49:39;1.99
41100004;74 Rue de Courtiras;VENDôME;47.803;1.044;R;Gazole;1;2026-10-07 09:59:00;2.385
41100004;74 Rue de Courtiras;VENDôME;47.803;1.044;R;SP95;2;2026-10-07 09:59:00;2.255
41100004;74 Rue de Courtiras;VENDôME;47.803;1.044;R;E10;5;2026-10-07 09:59:00;2.195
41100004;74 Rue de Courtiras;VENDôME;47.803;1.044;R;SP98;6;2026-10-07 09:59:00;2.275
91140002;CHEMIN DE BRIIS CD 59;Villebon-sur-Yvette;48.705;2.254;R;Gazole;1;2026-10-07 00:01:00;2.25
91140002;CHEMIN DE BRIIS CD 59;Villebon-sur-Yvette;48.705;2.254;R;E10;5;2026-10-07 00:01:00;1.99
35137001;2 Rue de l'Epinette;PLEUMELEUC;48.178;-1.92;R;Gazole;1;2026-10-07 09:59:00;2.294
35137001;2 Rue de l'Epinette;PLEUMELEUC;48.178;-1.92;R;E85;3;2026-10-07 09:59:00;0.855
35137001;2 Rue de l'Epinette;PLEUMELEUC;48.178;-1.92;R;E10;5;2026-10-07 09:59:00;2.109
35137001;2 Rue de l'Epinette;PLEUMELEUC;48.178;-1.92;R;SP98;6;2026-10-07 09:59:00;2.199
76720002;A29;VARNEVILLE  BRETTEVILLE;49.634;1.044;R;Gazole;1;2026-10-07 08:22:31;2.329
76720002;A29;VARNEVILLE  BRETTEVILLE;49.634;1.044;R;SP95;2;2026-10-07 08:22:31;2.189
76720002;A29;VARNEVILLE  BRETTEVILLE;49.634;1.044;R;SP98;6;2026-10-07 08:22:31;2.265
6201002;456 Boulevard du Mercantour - Quartier Saint Isidore;Nice;43.71005;7.18846;R;Gazole;1;2026-10-07 07:43:55;2.249
6201002;456 Boulevard du Mercantour - Quartier Saint Isidore;Nice;43.71005;7.18846;R;SP95;2;2026-10-07 07:43:55;2.209
6201002;456 Boulevard du Mercantour - Quartier Saint Isidore;Nice;43.71005;7.18846;R;GPLc;4;2026-10-07 07:43:55;0.934
6201002;456 Boulevard du Mercantour - Quartier Saint Isidore;Nice;43.71005;7.18846;R;E10;5;2026-10-07 07:43:55;2.157
6201002;456 Boulevard du Mercantour - Quartier Saint Isidore;Nice;43.71005;7.18846;R;SP98;6;2026-10-07 07:43:55;2.269
40990004;1800, Avenue de la Résistance;Saint-Paul-lès-Dax;43.726;-1.072;R;Gazole;1;2026-10-07 09:04:30;2.363
40990004;1800, Avenue de la Résistance;Saint-Paul-lès-Dax;43.726;-1.072;R;E85;3;2026-10-07 09:04:30;0.869
40990004;1800, Avenue de la Résistance;Saint-Paul-lès-Dax;43.726;-1.072;R;E10;5;2026-10-07 09:04:30;2.138
40990004;1800, Avenue de la Résistance;Saint-Paul-lès-Dax;43.726;-1.072;R;SP98;6;2026-10-07 09:04:30;2.259
35770001;Rue de l'Orson;VERN-SUR-SEICHE;48.065;-1.627;R;Gazole;1;2026-10-07 10:01:00;2.29
35770001;Rue de l'Orson;VERN-SUR-SEICHE;48.065;-1.627;R;SP95;2;2026-10-07 10:01:00;2.189
35770001;Rue de l'Orson;VERN-SUR-SEICHE;48.065;-1.627;R;E10;5;2026-10-07 10:01:00;2.119
56690004;VE165 - AIRE DE BOUL SAPIN;NOSTANG;47.779;-3.195;R;Gazole;1;2026-10-07 00:01:00;2.25
56690004;VE165 - AIRE DE BOUL SAPIN;NOSTANG;47.779;-3.195;R;E85;3;2026-10-07 00:01:00;0.895
56690004;VE165 - AIRE DE BOUL SAPIN;NOSTANG;47.779;-3.195;R;E10;5;2026-10-07 00:01:00;1.99
56690004;VE165 - AIRE DE BOUL SAPIN;NOSTANG;47.779;-3.195;R;SP98;6;2026-10-07 00:01:00;1.99
79130001;PLACE DU MARCHE;SECONDIGNY;46.611;-0.419;R;Gazole;1;2026-10-07 10:20:40;2.299
79130001;PLACE DU MARCHE;SECONDIGNY;46.611;-0.419;R;E10;5;2026-10-07 10:20:40;2.139
38110004;ROUTE DE BOURGOIN;SAINT-JEAN-DE-SOUDAIN;45.568;5.425;R;Gazole;1;2026-10-07 08:37:20;2.279
38110004;ROUTE DE BOURGOIN;SAINT-JEAN-DE-SOUDAIN;45.568;5.425;R;E85;3;2026-10-07 08:37:20;0.869
38110004;ROUTE DE BOURGOIN;SAINT-JEAN-DE-SOUDAIN;45.568;5.425;R;E10;5;2026-10-07 08:37:20;2.139
38110004;ROUTE DE BOURGOIN;SAINT-JEAN-DE-SOUDAIN;45.568;5.425;R;SP98;6;2026-10-07 08:37:20;2.259
57070013;RUE DE L ABATTOIR;Saint-Julien-lès-Metz;49.127;6.189;R;Gazole;1;2026-10-07 00:01:00;2.25
57070013;RUE DE L ABATTOIR;Saint-Julien-lès-Metz;49.127;6.189;R;E10;5;2026-10-07 00:01:00;1.99
39000010;Rue Des Salines;LONS LE SAUNIER;46.674094018411004;5.5395137771469996;R;Gazole;1;2026-10-07 09:43:40;2.274
39000010;Rue Des Salines;LONS LE SAUNIER;46.674094018411004;5.5395137771469996;R;GPLc;4;2026-10-07 09:43:40;1.014
39000010;Rue Des Salines;LONS LE SAUNIER;46.674094018411004;5.5395137771469996;R;E10;5;2026-10-07 09:43:40;2.161
39000010;Rue Des Salines;LONS LE SAUNIER;46.674094018411004;5.5395137771469996;R;SP98;6;2026-10-07 09:43:40;2.264
91630007;RN 20 DIRECTION PARIS;AVRAINVILLE;48.562;2.227;R;Gazole;1;2026-10-07 00:01:00;2.25
91630007;RN 20 DIRECTION PARIS;AVRAINVILLE;48.562;2.227;R;GPLc;4;2026-10-07 00:01:00;0.962
93240008;17 AVENUE MARCEL CACHIN;STAINS;48.95763;2.38253;R;Gazole;1;2026-10-07 00:01:00;2.25
93240008;17 AVENUE MARCEL CACHIN;STAINS;48.95763;2.38253;R;E10;5;2026-10-07 00:01:00;1.99
93240008;17 AVENUE MARCEL CACHIN;STAINS;48.95763;2.38253;R;SP98;6;2026-10-07 00:01:00;1.99
38260009;2605 ROUTE DES ALPES;CHAMPIER;45.439745;5.295729000000001;R;Gazole;1;2026-10-07 09:48:44;2.25
38260009;2605 ROUTE DES ALPES;CHAMPIER;45.439745;5.295729000000001;R;SP95;2;2026-10-07 09:48:44;1.99
38260009;2605 ROUTE DES ALPES;CHAMPIER;45.439745;5.295729000000001;R;SP98;6;2026-10-07 09:48:44;1.99
23008001;Avenue du Berry 36;Guéret;46.18;1.876;R;Gazole;1;2026-10-07 08:57:02;2.329
23008001;Avenue du Berry 36;Guéret;46.18;1.876;R;SP95;2;2026-10-07 08:57:02;2.235
34000013;1160 AV. PIERRE MENDES FRANCE;MONTPELLIER;43.608;3.916;R;Gazole;1;2026-10-07 00:01:00;2.25
34000013;1160 AV. PIERRE MENDES FRANCE;MONTPELLIER;43.608;3.916;R;E10;5;2026-10-07 00:01:00;1.99
34000013;1160 AV. PIERRE MENDES FRANCE;MONTPELLIER;43.608;3.916;R;SP98;6;2026-10-07 00:01:00;1.99
54520007;5 AVENUE DE LA RESISTANCE;LAXOU;48.694074161799996;6.131897170929999;R;Gazole;1;2026-10-07 09:49:22;2.25
71850002;710 Route de Cluny;CHARNAY-LèS-MâCON;46.311;4.791;R;E10;5;2026-10-07 10:23:34;1.99
71850002;710 Route de Cluny;CHARNAY-LèS-MâCON;46.311;4.791;R;SP98;6;2026-10-07 10:23:34;1.99
17102001;cours du Maréchal Leclerc;SAINTES;45.756247447199996;-0.65210476871;R;Gazole;1;2026-10-07 09:33:23;2.26
91180007;RN 20;Saint-Germain-lès-Arpajon;48.60945;2.25264;R;Gazole;1;2026-10-07 00:01:00;2.25
91180007;RN 20;Saint-Germain-lès-Arpajon;48.60945;2.25264;R;E10;5;2026-10-07 00:01:00;1.99
27370001;Rue de la République;AMFREVILLE-LA-CAMPAGNE;49.21;0.937;R;Gazole;1;2026-10-07 07:43:16;2.225
27370001;Rue de la République;AMFREVILLE-LA-CAMPAGNE;49.21;0.937;R;GPLc;4;2026-10-07 07:43:17;1.01
27370001;Rue de la République;AMFREVILLE-LA-CAMPAGNE;49.21;0.937;R;E10;5;2026-10-07 07:43:17;1.99
27370001;Rue de la République;AMFREVILLE-LA-CAMPAGNE;49.21;0.937;R;SP98;6;2026-10-07 07:43:17;1.99
59501001;345 Boulevard Louis Breguet;Douai;50.381;3.085;R;Gazole;1;2026-10-07 08:47:25;2.339
59501001;345 Boulevard Louis Breguet;Douai;50.381;3.085;R;E85;3;2026-10-07 08:47:25;0.879
59501001;345 Boulevard Louis Breguet;Douai;50.381;3.085;R;E10;5;2026-10-07 08:47:25;2.148
59501001;345 Boulevard Louis Breguet;Douai;50.381;3.085;R;SP98;6;2026-10-07 08:47:25;2.239
54500007;R.N.57 LE DERNIER SOU;Vandoeuvre-lès-nancy;48.655;6.186;R;GPLc;4;2026-10-07 00:01:00;0.999
38431001;VOIE N° 24 VILLENEUVE ECHIROLLES;ÉCHIROLLES;45.157919426704005;5.7239079849312;R;Gazole;1;2026-10-07 07:17:41;2.359
38431001;VOIE N° 24 VILLENEUVE ECHIROLLES;ÉCHIROLLES;45.157919426704005;5.7239079849312;R;SP95;2;2026-10-07 07:17:41;2.229
38431001;VOIE N° 24 VILLENEUVE ECHIROLLES;ÉCHIROLLES;45.157919426704005;5.7239079849312;R;E85;3;2026-10-07 07:17:41;0.949
38431001;VOIE N° 24 VILLENEUVE ECHIROLLES;ÉCHIROLLES;45.157919426704005;5.7239079849312;R;E10;5;2026-10-07 07:17:41;2.18
38431001;VOIE N° 24 VILLENEUVE ECHIROLLES;ÉCHIROLLES;45.157919426704005;5.7239079849312;R;SP98;6;2026-10-07 07:17:41;2.329
56890003;Coet digo;SAINT-AVé;47.682038768502;-2.7645718134344004;R;Gazole;1;2026-10-07 08:07:51;2.329
56890003;Coet digo;SAINT-AVé;47.682038768502;-2.7645718134344004;R;E85;3;2026-10-07 08:07:52;0.809
63670001;Rue Jean Mermoz;LE CENDRE;45.726;3.188;R;Gazole;1;2026-10-07 08:35:05;2.325
35370004;12 ZONE D'ACTIVITE PIQUET OUEST;Étrelles;48.068;-1.198;R;Gazole;1;2026-10-07 08:06:22;2.349
11400009;1033 AVENUE MARTIN DAUCH;CASTELNAUDARY;43.324;1.936;R;Gazole;1;2026-10-07 07:26:16;2.379
50410002;Rue Jean le Couturier;PERCY;48.914;-1.193;R;SP95;2;2026-10-07 08:53:55;2.189
35130001;30 route de NANTES;LA GUERCHE-DE-BRETAGNE;47.935;-1.232;R;Gazole;1;2026-10-07 09:37:22;2.319
35130001;30 route de NANTES;LA GUERCHE-DE-BRETAGNE;47.935;-1.232;R;E10;5;2026-10-07 09:37:22;2.169
35130001;30 route de NANTES;LA GUERCHE-DE-BRETAGNE;47.935;-1.232;R;SP98;6;2026-10-07 09:37:23;2.249
46500006;1 RUE LOUIS FAJOLLES;Gramat;44.781;1.727;R;Gazole;1;2026-10-07 10:04:24;2.348
46500006;1 RUE LOUIS FAJOLLES;Gramat;44.781;1.727;R;E10;5;2026-10-07 10:04:24;2.137
46500006;1 RUE LOUIS FAJOLLES;Gramat;44.781;1.727;R;SP98;6;2026-10-07 10:04:24;2.246
51000001;avenue du président Roosevelt;CHâLONS-EN-CHAMPAGNE;48.942;4.389;R;Gazole;1;2026-10-07 05:52:56;2.371
51000001;avenue du président Roosevelt;CHâLONS-EN-CHAMPAGNE;48.942;4.389;R;E85;3;2026-10-07 05:52:57;0.85
51000001;avenue du président Roosevelt;CHâLONS-EN-CHAMPAGNE;48.942;4.389;R;GPLc;4;2026-10-07 05:52:57;1.0
51000001;avenue du président Roosevelt;CHâLONS-EN-CHAMPAGNE;48.942;4.389;R;E10;5;2026-10-07 05:52:57;2.167
51000001;avenue du président Roosevelt;CHâLONS-EN-CHAMPAGNE;48.942;4.389;R;SP98;6;2026-10-07 05:52:57;2.3
78200008;16 Rue Jean Hoët;Mantes-la-Jolie;48.997;1.711;R;Gazole;1;2026-10-07 08:29:33;2.371
78200008;16 Rue Jean Hoët;Mantes-la-Jolie;48.997;1.711;R;SP95;2;2026-10-07 08:29:34;2.216
78200008;16 Rue Jean Hoët;Mantes-la-Jolie;48.997;1.711;R;E85;3;2026-10-07 08:29:34;0.869
78200008;16 Rue Jean Hoët;Mantes-la-Jolie;48.997;1.711;R;E10;5;2026-10-07 08:29:34;2.149
78200008;16 Rue Jean Hoët;Mantes-la-Jolie;48.997;1.711;R;SP98;6;2026-10-07 08:29:34;2.275
27300004;Route de Rouen;MENNEVAL;49.105;0.613;R;Gazole;1;2026-10-07 10:00:00;2.279
27300004;Route de Rouen;MENNEVAL;49.105;0.613;R;E85;3;2026-10-07 10:00:00;0.873
27300004;Route de Rouen;MENNEVAL;49.105;0.613;R;E10;5;2026-10-07 10:00:00;2.109
27300004;Route de Rouen;MENNEVAL;49.105;0.613;R;SP98;6;2026-10-07 10:00:00;2.199
44350004;Rue de Villejames;Guérande;47.32944;-2.41115;R;Gazole;1;2026-10-07 09:20:26;2.329
44350004;Rue de Villejames;Guérande;47.32944;-2.41115;R;E10;5;2026-10-07 09:20:26;2.119
44350004;Rue de Villejames;Guérande;47.32944;-2.41115;R;SP98;6;2026-10-07 09:20:26;2.219
31700010;RD 902;BLAGNAC;43.641;1.375;R;GPLc;4;2026-10-07 00:01:00;0.999
85190002;ROUTE DE LA ROCHE;AIZENAY;46.7351051952;-1.59515861226;R;Gazole;1;2026-10-07 08:09:23;2.25
85190002;ROUTE DE LA ROCHE;AIZENAY;46.7351051952;-1.59515861226;R;SP95;2;2026-10-07 08:09:23;1.99
61000006;1 rue Denis Papin;Alençon;48.434881600000004;0.09830530000000001;R;Gazole;1;2026-10-07 08:44:40;2.454
61000006;1 rue Denis Papin;Alençon;48.434881600000004;0.09830530000000001;R;E10;5;2026-10-07 08:44:40;2.21
61000006;1 rue Denis Papin;Alençon;48.434881600000004;0.09830530000000001;R;SP98;6;2026-10-07 08:44:40;2.316
83640001;Avenue Augustin Juramy;SAINT-ZACHARIE;43.383;5.706;R;Gazole;1;2026-10-07 08:46:12;2.229
83640001;Avenue Augustin Juramy;SAINT-ZACHARIE;43.383;5.706;R;SP95;2;2026-10-07 08:40:30;2.209
83640001;Avenue Augustin Juramy;SAINT-ZACHARIE;43.383;5.706;R;E10;5;2026-10-07 08:46:13;2.149
34790004;790 Route de Montpellier;Grabels;43.645885;3.8109659999999996;R;Gazole;1;2026-10-07 09:01:23;2.349
34790004;790 Route de Montpellier;Grabels;43.645885;3.8109659999999996;R;E10;5;2026-10-07 09:01:23;2.159
31200023;353 AVENUE DES ETATS UNIS;TOULOUSE;43.658;1.419;R;Gazole;1;2026-10-07 09:23:54;2.25
31200023;353 AVENUE DES ETATS UNIS;TOULOUSE;43.658;1.419;R;GPLc;4;2026-10-07 09:23:54;0.999
31200023;353 AVENUE DES ETATS UNIS;TOULOUSE;43.658;1.419;R;E10;5;2026-10-07 09:23:54;1.99
31200023;353 AVENUE DES ETATS UNIS;TOULOUSE;43.658;1.419;R;SP98;6;2026-10-07 09:23:54;1.99
92150006;131 BOULEVARD HENRI SELLIER;SURESNES;48.865;2.219;R;Gazole;1;2026-10-07 00:01:00;2.25
92150006;131 BOULEVARD HENRI SELLIER;SURESNES;48.865;2.219;R;E10;5;2026-10-07 00:01:00;1.99
24300007;2 route de nontron;st martial de valette;45.519667075417004;0.65543455886564;R;Gazole;1;2026-10-07 08:06:38;2.25
24300007;2 route de nontron;st martial de valette;45.519667075417004;0.65543455886564;R;E85;3;2026-10-07 08:06:38;0.911
24300007;2 route de nontron;st martial de valette;45.519667075417004;0.65543455886564;R;E10;5;2026-10-07 08:06:38;1.99
24300007;2 route de nontron;st martial de valette;45.519667075417004;0.65543455886564;R;SP98;6;2026-10-07 08:06:38;1.99
37600004;La Cloutiere    PERRUSSON;LOCHES;47.111;1.005;R;Gazole;1;2026-10-07 09:00:28;2.339
37600004;La Cloutiere    PERRUSSON;LOCHES;47.111;1.005;R;E10;5;2026-10-07 09:00:28;2.165
25720013;ROUTE DE LYON;BEURE;47.20723099999999;5.999076;R;Gazole;1;2026-10-07 08:00:00;2.499
25720013;ROUTE DE LYON;BEURE;47.20723099999999;5.999076;R;GPLc;4;2026-10-07 08:00:00;1.099
25720013;ROUTE DE LYON;BEURE;47.20723099999999;5.999076;R;E10;5;2026-10-07 08:00:00;2.269
25720013;ROUTE DE LYON;BEURE;47.20723099999999;5.999076;R;SP98;6;2026-10-07 08:00:00;2.399
91000007;BOULEVARD DES COQUIBUS;EVRY;48.624;2.441;R;Gazole;1;2026-10-07 00:01:00;2.25
91000007;BOULEVARD DES COQUIBUS;EVRY;48.624;2.441;R;GPLc;4;2026-10-07 00:01:00;0.954
2100009;Route de Guise;HARLY;49.843;3.323;R;Gazole;1;2026-10-07 10:44:34;2.349
2100009;Route de Guise;HARLY;49.843;3.323;R;E10;5;2026-10-07 10:44:34;2.139
2100009;Route de Guise;HARLY;49.843;3.323;R;SP98;6;2026-10-07 10:44:34;2.237
88000009;47, AVENUE DE LA FONTENELLE;EPINAL;48.192;6.44;R;E85;3;2026-10-07 00:01:00;0.895
88000009;47, AVENUE DE LA FONTENELLE;EPINAL;48.192;6.44;R;E10;5;2026-10-07 00:01:00;1.99
88000009;47, AVENUE DE LA FONTENELLE;EPINAL;48.192;6.44;R;SP98;6;2026-10-07 00:01:00;1.99
33560004;8 AVENUE DES GRIFFONS;Carbon-Blanc;44.888;-0.517;R;Gazole;1;2026-10-07 00:01:00;2.25
80290009;4, le coq gaulois, Digeon;Morvillers-Saint-Saturnin;49.767;1.801;R;Gazole;1;2026-10-07 08:38:06;2.25
80290009;4, le coq gaulois, Digeon;Morvillers-Saint-Saturnin;49.767;1.801;R;E10;5;2026-10-07 08:38:06;1.99
80290009;4, le coq gaulois, Digeon;Morvillers-Saint-Saturnin;49.767;1.801;R;SP98;6;2026-10-07 08:38:06;1.99
95270006;RN 16;CHAUMONTEL;49.123;2.427;R;Gazole;1;2026-10-07 00:01:00;2.25
95270006;RN 16;CHAUMONTEL;49.123;2.427;R;GPLc;4;2026-10-07 00:01:00;0.984
95270006;RN 16;CHAUMONTEL;49.123;2.427;R;E10;5;2026-10-07 00:01:00;1.99
52100015;ROUTE NATIONALE 4;HALLIGNICOURT;48.647;4.868;R;E10;5;2026-10-07 00:01:00;1.99
52100015;ROUTE NATIONALE 4;HALLIGNICOURT;48.647;4.868;R;SP98;6;2026-10-07 00:01:00;1.99
33120007;112 BLD DE LA COTE D ARGENT;ARCACHON;44.65;-1.187;R;Gazole;1;2026-10-07 00:01:00;2.25
33120007;112 BLD DE LA COTE D ARGENT;ARCACHON;44.65;-1.187;R;E10;5;2026-10-07 00:01:00;1.99
33120007;112 BLD DE LA COTE D ARGENT;ARCACHON;44.65;-1.187;R;SP98;6;2026-10-07 00:01:00;1.99
46090002;Route de Luzech;CAHORS;44.464;1.421;R;Gazole;1;2026-10-07 10:07:48;2.378
46090002;Route de Luzech;CAHORS;44.464;1.421;R;E10;5;2026-10-07 10:07:48;2.173
77220005;RUE DE LA LIBERATION;Tournan-en-Brie;48.74;2.777;R;Gazole;1;2026-10-07 10:13:37;2.379
77220005;RUE DE LA LIBERATION;Tournan-en-Brie;48.74;2.777;R;E85;3;2026-10-07 10:13:38;0.949
77220005;RUE DE LA LIBERATION;Tournan-en-Brie;48.74;2.777;R;E10;5;2026-10-07 10:13:38;2.379
77220005;RUE DE LA LIBERATION;Tournan-en-Brie;48.74;2.777;R;SP98;6;2026-10-07 10:13:38;2.279
84000020;COURTINE OUEST-ROCADE CH. DE GAU;AVIGNON;43.932;4.783;R;Gazole;1;2026-10-07 00:01:00;2.25
56250004;VOIE EXPRESS - RN 166 - LE BOLAN;Saint-Nolff;47.704;-2.649;R;Gazole;1;2026-10-07 00:01:00;2.25
56250004;VOIE EXPRESS - RN 166 - LE BOLAN;Saint-Nolff;47.704;-2.649;R;E85;3;2026-10-07 00:01:00;0.893
56250004;VOIE EXPRESS - RN 166 - LE BOLAN;Saint-Nolff;47.704;-2.649;R;E10;5;2026-10-07 00:01:00;1.99
2100001;route d'Amiens;St Quentin;49.858;3.253;R;Gazole;1;2026-10-07 09:26:10;2.277
78150013;18 ROUTE DE MAULE- D 307;ROCQUENCOURT;48.836;2.098;R;Gazole;1;2026-10-07 00:01:00;2.25
78150013;18 ROUTE DE MAULE- D 307;ROCQUENCOURT;48.836;2.098;R;E10;5;2026-10-07 00:01:00;1.99
42100018;100 RUE DE LA MONTAT;Saint-Étienne;45.442;4.41;R;Gazole;1;2026-10-07 00:01:00;2.25
42100018;100 RUE DE LA MONTAT;Saint-Étienne;45.442;4.41;R;E85;3;2026-10-07 00:01:00;0.908
42100018;100 RUE DE LA MONTAT;Saint-Étienne;45.442;4.41;R;GPLc;4;2026-10-07 00:01:00;0.999
61700004;111 Rue du Maréchal Foch;Domfront en Poiraie;48.589;-0.635;R;E85;3;2026-10-07 09:43:08;0.912
61700004;111 Rue du Maréchal Foch;Domfront en Poiraie;48.589;-0.635;R;E10;5;2026-10-07 09:43:08;1.99
61700004;111 Rue du Maréchal Foch;Domfront en Poiraie;48.589;-0.635;R;SP98;6;2026-10-07 09:43:08;1.99
35350003;LE PORTAIL;Saint-Méloir-des-Ondes;48.635;-1.899;R;Gazole;1;2026-10-07 09:11:49;2.345
78190010;RN 10;TRAPPES;48.78205422;2.02329658;R;Gazole;1;2026-10-07 00:01:00;2.25
78190010;RN 10;TRAPPES;48.78205422;2.02329658;R;E85;3;2026-10-07 00:01:00;0.893
78190010;RN 10;TRAPPES;48.78205422;2.02329658;R;GPLc;4;2026-10-07 00:01:00;0.984
78190010;RN 10;TRAPPES;48.78205422;2.02329658;R;E10;5;2026-10-07 00:01:00;1.99
78190010;RN 10;TRAPPES;48.78205422;2.02329658;R;SP98;6;2026-10-07 05:32:11;1.99
4160006;AVENUE DU JASRN 96;CHATEAU-ARNOUX-SAINT-AUBAN;44.081;6.002;R;Gazole;1;2026-10-07 08:12:50;2.359
4160006;AVENUE DU JASRN 96;CHATEAU-ARNOUX-SAINT-AUBAN;44.081;6.002;R;E10;5;2026-10-07 08:12:51;2.179
56440003;RN24 - 131 ROUTE ER POPINEC;LANGUIDIC;47.836;-3.164;R;Gazole;1;2026-10-07 00:01:00;2.25
56440003;RN24 - 131 ROUTE ER POPINEC;LANGUIDIC;47.836;-3.164;R;E10;5;2026-10-07 00:01:00;1.99
49160001;ROUTE DE SAUMUR;LONGUé-JUMELLES;47.371;-0.098;R;Gazole;1;2026-10-07 10:48:28;2.299
49160001;ROUTE DE SAUMUR;LONGUé-JUMELLES;47.371;-0.098;R;E85;3;2026-10-07 10:48:28;0.839
49160001;ROUTE DE SAUMUR;LONGUé-JUMELLES;47.371;-0.098;R;GPLc;4;2026-10-07 10:48:28;1.099
49160001;ROUTE DE SAUMUR;LONGUé-JUMELLES;47.371;-0.098;R;E10;5;2026-10-07 10:48:28;2.129
49160001;ROUTE DE SAUMUR;LONGUé-JUMELLES;47.371;-0.098;R;SP98;6;2026-10-07 10:48:28;2.239
75014010;RUE LEGION ETRANGERE;Paris;48.829;2.326;R;E10;5;2026-10-07 00:01:00;1.99
75014010;RUE LEGION ETRANGERE;Paris;48.829;2.326;R;SP98;6;2026-10-07 00:01:00;1.99
79360001;1 impasse des Acacias;BEAUVOIR-SUR-NIORT;46.184;-0.472;R;Gazole;1;2026-10-07 08:06:23;2.289
79360001;1 impasse des Acacias;BEAUVOIR-SUR-NIORT;46.184;-0.472;R;SP95;2;2026-10-07 08:06:23;2.189
13220003;RN 568;CHATEAUNEUF-LES-MARTIGUES;43.394;5.135;R;Gazole;1;2026-10-07 08:26:00;2.296
13220003;RN 568;CHATEAUNEUF-LES-MARTIGUES;43.394;5.135;R;SP95;2;2026-10-07 08:26:00;2.216
13220003;RN 568;CHATEAUNEUF-LES-MARTIGUES;43.394;5.135;R;GPLc;4;2026-10-07 08:26:00;1.01
13220003;RN 568;CHATEAUNEUF-LES-MARTIGUES;43.394;5.135;R;E10;5;2026-10-07 08:26:00;2.15
13220003;RN 568;CHATEAUNEUF-LES-MARTIGUES;43.394;5.135;R;SP98;6;2026-10-07 08:26:00;2.268
27930002;Route Nationnale 13;GUICHAINVILLE;49.015;1.174;R;Gazole;1;2026-10-07 08:23:48;2.319
27930002;Route Nationnale 13;GUICHAINVILLE;49.015;1.174;R;E85;3;2026-10-07 08:23:48;0.894
27930002;Route Nationnale 13;GUICHAINVILLE;49.015;1.174;R;E10;5;2026-10-07 08:23:48;2.159
27930002;Route Nationnale 13;GUICHAINVILLE;49.015;1.174;R;SP98;6;2026-10-07 08:23:48;2.267
92400017;72 BLD DE VERDUN;COURBEVOIE;48.902;2.259;R;Gazole;1;2026-10-07 00:01:00;2.25
92400017;72 BLD DE VERDUN;COURBEVOIE;48.902;2.259;R;GPLc;4;2026-10-07 00:01:00;1.009
91290007;25 ROUTE D'ORLEANS RN 20;Saint-Germain-lès-Arpajon;48.603201054200994;2.2478151377558;R;Gazole;1;2026-10-07 00:01:00;2.25
91290007;25 ROUTE D'ORLEANS RN 20;Saint-Germain-lès-Arpajon;48.603201054200994;2.2478151377558;R;E10;5;2026-10-07 00:01:00;1.99
13626002;551 avenue du 22 aout 1944;SALON DE PROVENCE;43.635;5.077;R;Gazole;1;2026-10-07 08:17:58;2.343
13626002;551 avenue du 22 aout 1944;SALON DE PROVENCE;43.635;5.077;R;E10;5;2026-10-07 08:17:58;2.157
54300006;Rue Boutet de Monvel;LUNEVILLE;48.6;6.492;R;Gazole;1;2026-10-07 10:07:00;2.378
54300006;Rue Boutet de Monvel;LUNEVILLE;48.6;6.492;R;E85;3;2026-10-07 10:07:00;0.863
54300006;Rue Boutet de Monvel;LUNEVILLE;48.6;6.492;R;E10;5;2026-10-07 10:07:00;2.17
54300006;Rue Boutet de Monvel;LUNEVILLE;48.6;6.492;R;SP98;6;2026-10-07 10:07:00;2.278
67441001;ROUTE DE SAVERNE;MARMOUTIER;48.701;7.375;R;Gazole;1;2026-10-07 08:00:00;2.339
62130006;16 RN 39;HUMIERES;50.391;2.203;R;Gazole;1;2026-10-07 08:18:02;2.25
89300003;31 Avenue Jean Hemery;JOIGNY;47.977;3.411;R;Gazole;1;2026-10-07 06:18:02;2.25
89300003;31 Avenue Jean Hemery;JOIGNY;47.977;3.411;R;SP95;2;2026-10-07 06:18:03;1.99
94270005;Avenue de Fontainebleau;LE KREMLIN-BICêTRE;48.807706768264;2.3626414755006997;R;Gazole;1;2026-10-07 00:00:00;2.349
76220010;23 RUE DU VAL LAURENT;LA FEUILLIE;49.461;1.52;R;Gazole;1;2026-10-07 09:06:00;2.399
76220010;23 RUE DU VAL LAURENT;LA FEUILLIE;49.461;1.52;R;E85;3;2026-10-07 09:06:00;0.869
76220010;23 RUE DU VAL LAURENT;LA FEUILLIE;49.461;1.52;R;E10;5;2026-10-07 09:06:00;2.179
76220010;23 RUE DU VAL LAURENT;LA FEUILLIE;49.461;1.52;R;SP98;6;2026-10-07 09:06:00;2.299
53000008;195 AVENUE DE CHANZY;LAVAL;48.06952;-0.7508;R;E10;5;2026-10-07 09:19:01;2.139
73100012;ROND POINT LAMARTINE;Aix-les-Bains;45.694;5.9;R;Gazole;1;2026-10-07 00:01:00;2.25
73100012;ROND POINT LAMARTINE;Aix-les-Bains;45.694;5.9;R;E85;3;2026-10-07 00:01:00;0.898
73100012;ROND POINT LAMARTINE;Aix-les-Bains;45.694;5.9;R;E10;5;2026-10-07 00:01:00;1.99
10700003;104 rue de Paris;Arcis-sur-Aube;48.535;4.13;R;Gazole;1;2026-10-07 06:14:32;2.329
10700003;104 rue de Paris;Arcis-sur-Aube;48.535;4.13;R;E10;5;2026-10-07 06:11:29;2.159
10700003;104 rue de Paris;Arcis-sur-Aube;48.535;4.13;R;SP98;6;2026-10-07 06:11:29;2.285
92200005;RUE ACHILE PERETTI - TOTAL;Neuilly-sur-Seine;48.8836134;2.2725178;R;Gazole;1;2026-10-07 00:01:00;2.25
92200005;RUE ACHILE PERETTI - TOTAL;Neuilly-sur-Seine;48.8836134;2.2725178;R;E10;5;2026-10-07 00:01:00;1.99
38300026;ROUTE DE LYON;BOURGOIN;45.585676;5.262491;R;Gazole;1;2026-10-07 06:00:00;2.499
38300026;ROUTE DE LYON;BOURGOIN;45.585676;5.262491;R;E85;3;2026-10-07 06:00:00;0.949
38300026;ROUTE DE LYON;BOURGOIN;45.585676;5.262491;R;E10;5;2026-10-07 06:00:00;2.299
38300026;ROUTE DE LYON;BOURGOIN;45.585676;5.262491;R;SP98;6;2026-10-07 06:00:00;2.399
2800003;Le Chemin Blanc;BEAUTOR;49.66;3.346;R;Gazole;1;2026-10-07 10:06:00;2.356
2800003;Le Chemin Blanc;BEAUTOR;49.66;3.346;R;E85;3;2026-10-07 10:06:00;0.867
2800003;Le Chemin Blanc;BEAUTOR;49.66;3.346;R;GPLc;4;2026-10-07 10:06:00;1.158
2800003;Le Chemin Blanc;BEAUTOR;49.66;3.346;R;E10;5;2026-10-07 10:06:00;2.154
2800003;Le Chemin Blanc;BEAUTOR;49.66;3.346;R;SP98;6;2026-10-07 10:06:00;2.243
10100004;Zone Commerciale la Belle Idée Rn19;Romilly-sur-Seine;48.505;3.763;R;Gazole;1;2026-10-07 10:07:00;2.394
10100004;Zone Commerciale la Belle Idée Rn19;Romilly-sur-Seine;48.505;3.763;R;E85;3;2026-10-07 10:07:00;0.859
10100004;Zone Commerciale la Belle Idée Rn19;Romilly-sur-Seine;48.505;3.763;R;GPLc;4;2026-10-07 10:07:00;1.016
10100004;Zone Commerciale la Belle Idée Rn19;Romilly-sur-Seine;48.505;3.763;R;E10;5;2026-10-07 10:07:00;2.149
10100004;Zone Commerciale la Belle Idée Rn19;Romilly-sur-Seine;48.505;3.763;R;SP98;6;2026-10-07 10:07:00;2.238
33170005;6 avenue Favard;GRADIGNAN;44.785863382799995;-0.603423825687;R;Gazole;1;2026-10-07 09:57:51;2.322
33170005;6 avenue Favard;GRADIGNAN;44.785863382799995;-0.603423825687;R;E10;5;2026-10-07 09:57:52;2.088
33170005;6 avenue Favard;GRADIGNAN;44.785863382799995;-0.603423825687;R;SP98;6;2026-10-07 09:57:52;2.272
62136001;580 route de bethune;Lestrem;50.618;2.686;R;Gazole;1;2026-10-07 07:19:56;2.25
62136001;580 route de bethune;Lestrem;50.618;2.686;R;E85;3;2026-10-07 07:19:56;0.863
62136001;580 route de bethune;Lestrem;50.618;2.686;R;E10;5;2026-10-07 07:19:56;1.99
86000012;10 rue de la Demi-Lune;POITIERS;46.597;0.322;R;Gazole;1;2026-10-07 10:42:50;2.319
86000012;10 rue de la Demi-Lune;POITIERS;46.597;0.322;R;E85;3;2026-10-07 10:42:50;0.849
86000012;10 rue de la Demi-Lune;POITIERS;46.597;0.322;R;GPLc;4;2026-10-07 10:42:51;1.018
86000012;10 rue de la Demi-Lune;POITIERS;46.597;0.322;R;E10;5;2026-10-07 10:42:51;2.149
86000012;10 rue de la Demi-Lune;POITIERS;46.597;0.322;R;SP98;6;2026-10-07 10:42:51;2.249
76240006;37 ROUTE DE PARIS;LE MESNIL ESNARD;49.407;1.148;R;Gazole;1;2026-10-07 00:01:00;2.249
57000022;10 RUE DES ALLIES;METZ;49.13;6.165;R;E10;5;2026-10-07 00:01:00;1.99
29000011;52 AVENUE DE LA LIBERATION;QUIMPER;47.993;-4.084;R;Gazole;1;2026-10-07 00:01:00;2.25
29000011;52 AVENUE DE LA LIBERATION;QUIMPER;47.993;-4.084;R;E10;5;2026-10-07 00:01:00;1.99
29000011;52 AVENUE DE LA LIBERATION;QUIMPER;47.993;-4.084;R;SP98;6;2026-10-07 00:01:00;1.99
67220005;10 RUE DU HAUT KOENIGSBOURG;Villé;48.340376299999996;7.313382900000001;R;Gazole;1;2026-10-07 07:54:41;2.25
67220005;10 RUE DU HAUT KOENIGSBOURG;Villé;48.340376299999996;7.313382900000001;R;E10;5;2026-10-07 07:54:41;1.99
13011016;AUTOROUTE A50 - AIRE DE LA POMME;Marseille;43.293;5.456;A;Gazole;1;2026-10-07 09:00:00;2.25
13011016;AUTOROUTE A50 - AIRE DE LA POMME;Marseille;43.293;5.456;A;E85;3;2026-10-07 09:00:00;0.908
13011016;AUTOROUTE A50 - AIRE DE LA POMME;Marseille;43.293;5.456;A;GPLc;4;2026-10-07 09:00:00;1.009
13011016;AUTOROUTE A50 - AIRE DE LA POMME;Marseille;43.293;5.456;A;E10;5;2026-10-07 09:00:00;1.99
13011016;AUTOROUTE A50 - AIRE DE LA POMME;Marseille;43.293;5.456;A;SP98;6;2026-10-07 09:00:00;1.99
45140007;20 RUE CHARLES BEAUHAIRE;Saint-Jean-de-la-Ruelle;47.91;1.881;R;Gazole;1;2026-10-07 00:01:00;2.25
45140007;20 RUE CHARLES BEAUHAIRE;Saint-Jean-de-la-Ruelle;47.91;1.881;R;E85;3;2026-10-07 00:01:00;0.891
45140007;20 RUE CHARLES BEAUHAIRE;Saint-Jean-de-la-Ruelle;47.91;1.881;R;E10;5;2026-10-07 00:01:00;1.99
80730001;421 Avenue Louis Pasteur;DREUIL-LèS-AMIENS;49.914;2.235;R;Gazole;1;2026-10-07 09:23:15;2.25
80730001;421 Avenue Louis Pasteur;DREUIL-LèS-AMIENS;49.914;2.235;R;E10;5;2026-10-07 09:23:15;1.99
80730001;421 Avenue Louis Pasteur;DREUIL-LèS-AMIENS;49.914;2.235;R;SP98;6;2026-10-07 09:23:15;1.99
54300001;6 rue tuilier;Moncel-lès-Lunéville;48.579;6.518;R;Gazole;1;2026-10-07 10:20:00;2.349
54300001;6 rue tuilier;Moncel-lès-Lunéville;48.579;6.518;R;SP95;2;2026-10-07 10:20:00;2.208
54300001;6 rue tuilier;Moncel-lès-Lunéville;48.579;6.518;R;E10;5;2026-10-07 10:20:00;2.159
54300001;6 rue tuilier;Moncel-lès-Lunéville;48.579;6.518;R;SP98;6;2026-10-07 10:20:00;2.276
57070005;192 Avenue de Strasbourg;Metz;49.106;6.209;R;Gazole;1;2026-10-07 07:31:00;2.421
57070005;192 Avenue de Strasbourg;Metz;49.106;6.209;R;E85;3;2026-10-07 07:31:00;1.009
57070005;192 Avenue de Strasbourg;Metz;49.106;6.209;R;E10;5;2026-10-07 07:31:00;2.213
57070005;192 Avenue de Strasbourg;Metz;49.106;6.209;R;SP98;6;2026-10-07 07:31:00;2.374
92140015;6 AVENUE CLAUDE TREBIGNAUD;CLAMART;48.793;2.253;R;Gazole;1;2026-10-07 00:01:00;2.25
92140015;6 AVENUE CLAUDE TREBIGNAUD;CLAMART;48.793;2.253;R;E85;3;2026-10-07 00:01:00;0.929
92140015;6 AVENUE CLAUDE TREBIGNAUD;CLAMART;48.793;2.253;R;E10;5;2026-10-07 00:01:00;1.99
33170008;62 COURS DU GENERAL DE GAULLE;GRADIGNAN;44.777;-0.61;R;Gazole;1;2026-10-07 00:01:00;2.25
33170008;62 COURS DU GENERAL DE GAULLE;GRADIGNAN;44.777;-0.61;R;E10;5;2026-10-07 00:01:00;1.99
33170008;62 COURS DU GENERAL DE GAULLE;GRADIGNAN;44.777;-0.61;R;SP98;6;2026-10-07 07:17:04;1.99
67700005;38 Rue de Dettwiller;SAVERNE;48.74041;7.37466;R;Gazole;1;2026-10-07 09:05:16;2.25
67700005;38 Rue de Dettwiller;SAVERNE;48.74041;7.37466;R;E10;5;2026-10-07 09:05:16;1.99
2100020;BLD CAMILLE GUERIN;Saint-Quentin;49.834;3.3;R;Gazole;1;2026-10-07 06:32:08;2.25
2100020;BLD CAMILLE GUERIN;Saint-Quentin;49.834;3.3;R;E85;3;2026-10-07 06:32:08;0.871
2100020;BLD CAMILLE GUERIN;Saint-Quentin;49.834;3.3;R;E10;5;2026-10-07 06:32:09;1.99
2100020;BLD CAMILLE GUERIN;Saint-Quentin;49.834;3.3;R;SP98;6;2026-10-07 06:32:09;1.99
26000014;162 AVENUE DE PROVENCE;VALENCE;44.919;4.878;R;Gazole;1;2026-10-07 00:01:00;2.25
26000014;162 AVENUE DE PROVENCE;VALENCE;44.919;4.878;R;GPLc;4;2026-10-07 00:01:00;1.009
26000014;162 AVENUE DE PROVENCE;VALENCE;44.919;4.878;R;E10;5;2026-10-07 00:01:00;1.99
26000014;162 AVENUE DE PROVENCE;VALENCE;44.919;4.878;R;SP98;6;2026-10-07 00:01:00;1.99
83700004;Boulevard de l'Aspé / 50 Av. Commandant Camille Suzanne;Saint-Raphaël;43.431782649633995;6.805659865787599;R;Gazole;1;2026-10-07 07:20:44;2.312
83700004;Boulevard de l'Aspé / 50 Av. Commandant Camille Suzanne;Saint-Raphaël;43.431782649633995;6.805659865787599;R;SP95;2;2026-10-07 07:20:45;2.24
83700004;Boulevard de l'Aspé / 50 Av. Commandant Camille Suzanne;Saint-Raphaël;43.431782649633995;6.805659865787599;R;E85;3;2026-10-07 07:20:45;0.908
83700004;Boulevard de l'Aspé / 50 Av. Commandant Camille Suzanne;Saint-Raphaël;43.431782649633995;6.805659865787599;R;GPLc;4;2026-10-07 07:20:45;0.99
83700004;Boulevard de l'Aspé / 50 Av. Commandant Camille Suzanne;Saint-Raphaël;43.431782649633995;6.805659865787599;R;E10;5;2026-10-07 07:20:45;2.19
59290002;Rue de la Couture;Wasquehal;50.653;3.126;R;Gazole;1;2026-10-07 07:31:00;2.38
59290002;Rue de la Couture;Wasquehal;50.653;3.126;R;E85;3;2026-10-07 07:31:00;0.971
59290002;Rue de la Couture;Wasquehal;50.653;3.126;R;E10;5;2026-10-07 07:31:00;2.132
59290002;Rue de la Couture;Wasquehal;50.653;3.126;R;SP98;6;2026-10-07 07:31:00;2.27
32250001;61 rue Aurensan - Quatier Saint Orens;MONTREAL du GERS;43.950187988262996;0.20801008897301998;R;Gazole;1;2026-10-07 09:00:30;2.34
33133003;68 AVENUE FERNAND PILLOT;GALGON;44.989;-0.27;R;SP95;2;2026-10-07 08:52:30;1.99
62220002;165 route de Meurchin;CARVIN;50.498;2.945;R;Gazole;1;2026-10-07 07:25:00;2.333
62220002;165 route de Meurchin;CARVIN;50.498;2.945;R;E85;3;2026-10-07 07:25:00;0.88
62220002;165 route de Meurchin;CARVIN;50.498;2.945;R;E10;5;2026-10-07 07:25:00;2.15
13004005;70 BD FRANCOISE DUPARC;Marseille;43.304;5.401;R;Gazole;1;2026-10-07 00:01:00;2.25
13004005;70 BD FRANCOISE DUPARC;Marseille;43.304;5.401;R;GPLc;4;2026-10-07 00:01:00;0.989
13004005;70 BD FRANCOISE DUPARC;Marseille;43.304;5.401;R;E10;5;2026-10-07 00:01:00;1.99
13004005;70 BD FRANCOISE DUPARC;Marseille;43.304;5.401;R;SP98;6;2026-10-07 00:01:00;1.99
69007009;AVENUE TONY GARNIER;LYON;45.726;4.84;R;Gazole;1;2026-10-07 00:01:00;2.25
24100014;RUE DES DOCTEURS VIZERIE;BERGERAC;44.85;0.493;R;Gazole;1;2026-10-07 09:44:50;2.25
24100014;RUE DES DOCTEURS VIZERIE;BERGERAC;44.85;0.493;R;GPLc;4;2026-10-07 09:44:51;0.989
24100014;RUE DES DOCTEURS VIZERIE;BERGERAC;44.85;0.493;R;E10;5;2026-10-07 09:44:51;1.99
24100014;RUE DES DOCTEURS VIZERIE;BERGERAC;44.85;0.493;R;SP98;6;2026-10-07 09:44:51;1.99
81500007;QUAI DE LA TOUR DES RONDES;LAVAUR;43.695978;1.8164989999999999;R;Gazole;1;2026-10-07 05:30:00;2.499
81500007;QUAI DE LA TOUR DES RONDES;LAVAUR;43.695978;1.8164989999999999;R;E85;3;2026-10-07 05:30:00;0.949
81500007;QUAI DE LA TOUR DES RONDES;LAVAUR;43.695978;1.8164989999999999;R;GPLc;4;2026-10-07 05:30:00;1.069
81500007;QUAI DE LA TOUR DES RONDES;LAVAUR;43.695978;1.8164989999999999;R;E10;5;2026-10-07 05:30:00;2.279
81500007;QUAI DE LA TOUR DES RONDES;LAVAUR;43.695978;1.8164989999999999;R;SP98;6;2026-10-07 05:30:00;2.379
50300002;BOULEVARD DU LUXEMBOURG;LE VAL-SAINT-PèRE;48.673;-1.355;R;Gazole;1;2026-10-07 08:52:14;2.25
50300002;BOULEVARD DU LUXEMBOURG;LE VAL-SAINT-PèRE;48.673;-1.355;R;E10;5;2026-10-07 08:52:14;1.99
50300002;BOULEVARD DU LUXEMBOURG;LE VAL-SAINT-PèRE;48.673;-1.355;R;SP98;6;2026-10-07 08:52:14;1.99
59113009;1 Route d'Avelin;SECLIN;50.546;3.05;R;E85;3;2026-10-07 00:01:00;0.869
59113009;1 Route d'Avelin;SECLIN;50.546;3.05;R;GPLc;4;2026-10-07 00:01:00;0.971
83500013;278 BD MARECHAL JUIN;La Seyne-sur-Mer;43.108;5.868;R;Gazole;1;2026-10-07 00:01:00;2.25
64300003;419 Route de Bayonne;Orthez;43.49;-0.797;R;Gazole;1;2026-10-07 10:51:00;2.328
64300003;419 Route de Bayonne;Orthez;43.49;-0.797;R;E85;3;2026-10-07 10:51:00;0.878
64300003;419 Route de Bayonne;Orthez;43.49;-0.797;R;GPLc;4;2026-10-07 10:51:00;1.13
64300003;419 Route de Bayonne;Orthez;43.49;-0.797;R;E10;5;2026-10-07 10:51:00;2.138
64300003;419 Route de Bayonne;Orthez;43.49;-0.797;R;SP98;6;2026-10-07 10:51:00;2.248
93230005;22 AVENUE LENINE;ROMAINVILLE;48.884;2.43;R;Gazole;1;2026-10-07 00:01:00;2.25
93230005;22 AVENUE LENINE;ROMAINVILLE;48.884;2.43;R;E10;5;2026-10-07 00:01:00;1.99
35740001;34 Bd Dumaine de la Josserie;Pacé;48.148;-1.767;R;Gazole;1;2026-10-07 09:49:03;2.25
35740001;34 Bd Dumaine de la Josserie;Pacé;48.148;-1.767;R;SP95;2;2026-10-07 09:49:04;1.99
49480001;LA MAISON BLANCHE;Saint-Sylvain-d'Anjou;47.514;-0.473;R;Gazole;1;2026-10-07 08:31:31;2.309
45200007;RN 7 LA COMMODITE;SOLTERRE;47.918;2.739;R;Gazole;1;2026-10-07 00:01:00;2.25
45200007;RN 7 LA COMMODITE;SOLTERRE;47.918;2.739;R;E85;3;2026-10-07 00:01:00;0.891
29510004;Lieu-Dit Lannechuen;BRIEC;48.1;-4.013;R;Gazole;1;2026-10-07 09:18:02;2.315
29510004;Lieu-Dit Lannechuen;BRIEC;48.1;-4.013;R;E10;5;2026-10-07 09:18:02;2.139
29510004;Lieu-Dit Lannechuen;BRIEC;48.1;-4.013;R;SP98;6;2026-10-07 09:18:02;2.239
44470002;RUE DE LA MALNOUE;Thouaré-sur-Loire;47.262;-1.447;R;Gazole;1;2026-10-07 09:00:00;2.309
44470002;RUE DE LA MALNOUE;Thouaré-sur-Loire;47.262;-1.447;R;SP95;2;2026-10-07 09:00:00;2.199
44470002;RUE DE LA MALNOUE;Thouaré-sur-Loire;47.262;-1.447;R;E10;5;2026-10-07 09:00:00;2.129
44470002;RUE DE LA MALNOUE;Thouaré-sur-Loire;47.262;-1.447;R;SP98;6;2026-10-07 09:00:00;2.229
26780008;A 7 - AIRE DE MONTELIMAR OUEST;ALLAN;44.516;4.78;A;Gazole;1;2026-10-07 09:30:00;2.591
26780008;A 7 - AIRE DE MONTELIMAR OUEST;ALLAN;44.516;4.78;A;GPLc;4;2026-10-07 09:30:00;1.118
26780008;A 7 - AIRE DE MONTELIMAR OUEST;ALLAN;44.516;4.78;A;E10;5;2026-10-07 09:30:00;2.552
26780008;A 7 - AIRE DE MONTELIMAR OUEST;ALLAN;44.516;4.78;A;SP98;6;2026-10-07 09:30:00;2.702
33160003;Route de Lacanau;SAINT-MéDARD-EN-JALLES;44.905;-0.746;R;Gazole;1;2026-10-07 09:00:00;2.259
33160003;Route de Lacanau;SAINT-MéDARD-EN-JALLES;44.905;-0.746;R;SP95;2;2026-10-07 09:00:00;2.165
33160003;Route de Lacanau;SAINT-MéDARD-EN-JALLES;44.905;-0.746;R;SP98;6;2026-10-07 09:00:00;2.229
72100014;110 -112 BLD DEMORIEUX;LE MANS;47.997;0.187;R;Gazole;1;2026-10-07 07:15:30;2.25
62450005;RN 17 - RUE DU TOUR DE VILLE;BAPAUME;50.116;2.851;R;Gazole;1;2026-10-07 00:01:00;2.25
62450005;RN 17 - RUE DU TOUR DE VILLE;BAPAUME;50.116;2.851;R;E85;3;2026-10-07 00:01:00;0.873
62450005;RN 17 - RUE DU TOUR DE VILLE;BAPAUME;50.116;2.851;R;E10;5;2026-10-07 00:01:00;1.99
62450005;RN 17 - RUE DU TOUR DE VILLE;BAPAUME;50.116;2.851;R;SP98;6;2026-10-07 00:01:00;1.99
79120002;23 route de Melle;LEZAY;46.262469501134994;-0.013664468007797;R;Gazole;1;2026-10-07 10:48:11;2.299
79120002;23 route de Melle;LEZAY;46.262469501134994;-0.013664468007797;R;E10;5;2026-10-07 10:48:12;2.149
79120002;23 route de Melle;LEZAY;46.262469501134994;-0.013664468007797;R;SP98;6;2026-10-07 10:48:12;2.269
20110003;San Giuseppu;Propriano;41.671;8.913;R;SP95;2;2026-10-07 07:39:44;2.16
38230005;ROUTE DES PERVES;Charvieu-Chavagneux;45.751;5.145;R;Gazole;1;2026-10-07 09:40:00;2.297
38230005;ROUTE DES PERVES;Charvieu-Chavagneux;45.751;5.145;R;E85;3;2026-10-07 09:40:00;0.852
38230005;ROUTE DES PERVES;Charvieu-Chavagneux;45.751;5.145;R;E10;5;2026-10-07 09:40:00;2.149
38230005;ROUTE DES PERVES;Charvieu-Chavagneux;45.751;5.145;R;SP98;6;2026-10-07 09:40:00;2.269
59650012;76, RUE JEAN JAURES;Villeneuve-d'Ascq;50.65925;3.13527;R;Gazole;1;2026-10-07 00:01:00;2.25
21700005;20 RN 74;Corgoloin;47.097;4.913;R;Gazole;1;2026-10-07 06:47:24;2.25
21700005;20 RN 74;Corgoloin;47.097;4.913;R;SP95;2;2026-10-07 06:47:25;1.99
75020008;217 BOULEVARD MARECHAL DAVOUT;PARIS;48.863;2.407;R;Gazole;1;2026-10-07 00:01:00;2.25
75020008;217 BOULEVARD MARECHAL DAVOUT;PARIS;48.863;2.407;R;E85;3;2026-10-07 00:01:00;0.919
75020008;217 BOULEVARD MARECHAL DAVOUT;PARIS;48.863;2.407;R;E10;5;2026-10-07 00:01:00;1.99
75020008;217 BOULEVARD MARECHAL DAVOUT;PARIS;48.863;2.407;R;SP98;6;2026-10-07 00:01:00;1.99
31250007;Chemin des Bordes;REVEL;43.462910546939995;2.0055022143824;R;Gazole;1;2026-10-07 08:51:40;2.349
31250007;Chemin des Bordes;REVEL;43.462910546939995;2.0055022143824;R;E85;3;2026-10-07 08:51:41;0.879
31250007;Chemin des Bordes;REVEL;43.462910546939995;2.0055022143824;R;E10;5;2026-10-07 08:51:41;2.169
31250007;Chemin des Bordes;REVEL;43.462910546939995;2.0055022143824;R;SP98;6;2026-10-07 08:51:41;2.254
33320008;388 ROUTE DU MEDOC;EYSINES;44.893;-0.666;R;Gazole;1;2026-10-07 10:45:55;2.25
33320008;388 ROUTE DU MEDOC;EYSINES;44.893;-0.666;R;GPLc;4;2026-10-07 00:01:00;0.994
33320008;388 ROUTE DU MEDOC;EYSINES;44.893;-0.666;R;E10;5;2026-10-07 10:45:55;1.99
87400007;ZA DU THEIL;SAINT-LEONARD-DE-NOBLAT;45.847349917372995;1.4469714475958;R;Gazole;1;2026-10-07 06:56:32;2.349
35510005;27 RTE DE RENNES;Cesson-Sévigné;48.114;-1.614;R;Gazole;1;2026-10-07 00:01:00;2.25
7300006;55 AVENUE DE NIMES - RN86;Tournon-sur-Rhône;45.057;4.84;R;Gazole;1;2026-10-07 07:56:22;2.25
7300006;55 AVENUE DE NIMES - RN86;Tournon-sur-Rhône;45.057;4.84;R;E10;5;2026-10-07 07:56:22;1.99
7300006;55 AVENUE DE NIMES - RN86;Tournon-sur-Rhône;45.057;4.84;R;SP98;6;2026-10-07 07:56:22;1.99
13090017;RN8 PONT DE L ARC;Aix-en-Provence;43.509;5.439;R;Gazole;1;2026-10-07 00:01:00;2.25
13090017;RN8 PONT DE L ARC;Aix-en-Provence;43.509;5.439;R;E10;5;2026-10-07 00:01:00;1.99
13090017;RN8 PONT DE L ARC;Aix-en-Provence;43.509;5.439;R;SP98;6;2026-10-07 00:01:00;1.99
57804001;4 rue des Genêts Zac de Betting;Freyming-Merlebach;49.137;6.808;R;Gazole;1;2026-10-07 08:28:08;2.419
57804001;4 rue des Genêts Zac de Betting;Freyming-Merlebach;49.137;6.808;R;E85;3;2026-10-07 08:28:08;0.899
57804001;4 rue des Genêts Zac de Betting;Freyming-Merlebach;49.137;6.808;R;E10;5;2026-10-07 08:28:08;2.239
57804001;4 rue des Genêts Zac de Betting;Freyming-Merlebach;49.137;6.808;R;SP98;6;2026-10-07 08:28:08;2.299
13015020;516 AV DU CHEMIN DE MADRAGUE;MARSEILLE;43.345797000000005;5.354901999999999;R;Gazole;1;2026-10-07 05:30:00;2.549
13015020;516 AV DU CHEMIN DE MADRAGUE;MARSEILLE;43.345797000000005;5.354901999999999;R;E85;3;2026-10-07 05:30:00;0.949
13015020;516 AV DU CHEMIN DE MADRAGUE;MARSEILLE;43.345797000000005;5.354901999999999;R;E10;5;2026-10-07 05:30:00;2.299
13015020;516 AV DU CHEMIN DE MADRAGUE;MARSEILLE;43.345797000000005;5.354901999999999;R;SP98;6;2026-10-07 05:30:00;2.399
62123005;9 Rue nationale 25;Beaumetz-lès-Loges;50.240930550775;2.6573450374759;R;Gazole;1;2026-10-07 10:34:57;2.359
62123005;9 Rue nationale 25;Beaumetz-lès-Loges;50.240930550775;2.6573450374759;R;SP95;2;2026-10-07 10:34:57;2.249
62123005;9 Rue nationale 25;Beaumetz-lès-Loges;50.240930550775;2.6573450374759;R;SP98;6;2026-10-07 10:34:57;2.289
68200027;184 ROUTE DE BELFORT;MULHOUSE;47.73966;7.30054;R;Gazole;1;2026-10-07 06:00:00;2.649
68200027;184 ROUTE DE BELFORT;MULHOUSE;47.73966;7.30054;R;E10;5;2026-10-07 06:00:00;2.369
68200027;184 ROUTE DE BELFORT;MULHOUSE;47.73966;7.30054;R;SP98;6;2026-10-07 06:00:00;2.499
4130005;AUTOROUTE A51 - AIRE DE MANOSQUE;VOLX;43.842885752117;5.851421022464799;A;Gazole;1;2026-10-07 00:01:00;2.25
4130005;AUTOROUTE A51 - AIRE DE MANOSQUE;VOLX;43.842885752117;5.851421022464799;A;E85;3;2026-10-07 00:01:00;0.999
4130005;AUTOROUTE A51 - AIRE DE MANOSQUE;VOLX;43.842885752117;5.851421022464799;A;E10;5;2026-10-07 00:01:00;1.99
4130005;AUTOROUTE A51 - AIRE DE MANOSQUE;VOLX;43.842885752117;5.851421022464799;A;SP98;6;2026-10-07 00:01:00;1.99
56190011;ZAC DE TOULAN;Ambon;47.56016876;-2.50584059;R;Gazole;1;2026-10-07 10:55:31;2.349
56190011;ZAC DE TOULAN;Ambon;47.56016876;-2.50584059;R;E10;5;2026-10-07 10:55:31;2.149
56190011;ZAC DE TOULAN;Ambon;47.56016876;-2.50584059;R;SP98;6;2026-10-07 10:55:31;2.249
17700004;24 Chemin de la perche;Surgères;46.106628368687;-0.76915309298864;R;Gazole;1;2026-10-07 08:51:21;2.257
17700004;24 Chemin de la perche;Surgères;46.106628368687;-0.76915309298864;R;E10;5;2026-10-07 08:51:22;2.11
17700004;24 Chemin de la perche;Surgères;46.106628368687;-0.76915309298864;R;SP98;6;2026-10-07 08:51:22;2.232
82000015;350 ROUTE DE TOULOUSE;MONTAUBAN;44.004;1.341;R;Gazole;1;2026-10-07 00:01:00;2.25
82000015;350 ROUTE DE TOULOUSE;MONTAUBAN;44.004;1.341;R;GPLc;4;2026-10-07 00:01:00;0.999
59100011;660 AVENUE DES NATIONS UNIES;ROUBAIX;50.698;3.166;R;Gazole;1;2026-10-07 00:01:00;2.25
59100011;660 AVENUE DES NATIONS UNIES;ROUBAIX;50.698;3.166;R;GPLc;4;2026-10-07 00:01:00;0.999
59100011;660 AVENUE DES NATIONS UNIES;ROUBAIX;50.698;3.166;R;E10;5;2026-10-07 00:01:00;1.99
44840002;AUTOROUTE A83 - AIRE DE LA GRASSINIÈRE;LES SORINIERES;47.159;-1.513;A;Gazole;1;2026-10-07 00:01:00;2.25
44840002;AUTOROUTE A83 - AIRE DE LA GRASSINIÈRE;LES SORINIERES;47.159;-1.513;A;E85;3;2026-10-07 00:01:00;0.894
44840002;AUTOROUTE A83 - AIRE DE LA GRASSINIÈRE;LES SORINIERES;47.159;-1.513;A;GPLc;4;2026-10-07 00:01:00;1.024
44840002;AUTOROUTE A83 - AIRE DE LA GRASSINIÈRE;LES SORINIERES;47.159;-1.513;A;E10;5;2026-10-07 00:01:00;1.99
51700007;60 RUE DU DOCTEUR MORET;DORMANS;49.081;3.65;R;Gazole;1;2026-10-07 00:01:00;2.25
51700007;60 RUE DU DOCTEUR MORET;DORMANS;49.081;3.65;R;E10;5;2026-10-07 00:01:00;1.99
6800020;RN.7 COTE HIPPODROME;Cagnes-sur-Mer;43.654;7.148;R;Gazole;1;2026-10-07 00:01:00;2.25
6800020;RN.7 COTE HIPPODROME;Cagnes-sur-Mer;43.654;7.148;R;E10;5;2026-10-07 00:01:00;1.99
63000014;98 rue Fontgiève;CLERMONT-FERRAND;45.781;3.077;R;Gazole;1;2026-10-07 07:45:34;2.329
63000014;98 rue Fontgiève;CLERMONT-FERRAND;45.781;3.077;R;E10;5;2026-10-07 07:45:34;2.159
63000014;98 rue Fontgiève;CLERMONT-FERRAND;45.781;3.077;R;SP98;6;2026-10-07 07:45:34;2.289
14330001;rue de la gare;LE MOLAY-LITTRY;49.248;-0.878;R;Gazole;1;2026-10-07 08:55:00;2.339
14330001;rue de la gare;LE MOLAY-LITTRY;49.248;-0.878;R;E10;5;2026-10-07 08:55:00;2.149
66400006;place de la resistance;ceret;42.49;2.751;R;Gazole;1;2026-10-07 08:36:34;2.335
49160003;AUT A 85  AIRE DE LA COUAILLE;Longué-Jumelles;47.418894168087995;-0.13452322125889998;A;Gazole;1;2026-10-07 09:30:00;2.659
49160003;AUT A 85  AIRE DE LA COUAILLE;Longué-Jumelles;47.418894168087995;-0.13452322125889998;A;E10;5;2026-10-07 09:30:00;2.57
49160003;AUT A 85  AIRE DE LA COUAILLE;Longué-Jumelles;47.418894168087995;-0.13452322125889998;A;SP98;6;2026-10-07 09:30:00;2.72
10000018;1 CHAUSSEE DU VOULDY;TROYES;48.294;4.083;R;Gazole;1;2026-10-07 00:01:00;2.25
10000018;1 CHAUSSEE DU VOULDY;TROYES;48.294;4.083;R;E10;5;2026-10-07 00:01:00;1.99
10000018;1 CHAUSSEE DU VOULDY;TROYES;48.294;4.083;R;SP98;6;2026-10-07 00:01:00;1.99
10600012;ROUTE NATIONALE 19;BARBEREY ST SULPICE;48.333094630000005;4.023111421;R;Gazole;1;2026-10-07 10:42:14;2.352
10600012;ROUTE NATIONALE 19;BARBEREY ST SULPICE;48.333094630000005;4.023111421;R;E85;3;2026-10-07 10:42:14;0.868
10600012;ROUTE NATIONALE 19;BARBEREY ST SULPICE;48.333094630000005;4.023111421;R;GPLc;4;2026-10-07 10:42:14;0.999
10600012;ROUTE NATIONALE 19;BARBEREY ST SULPICE;48.333094630000005;4.023111421;R;E10;5;2026-10-07 10:42:14;2.169
87410002;Avenue de Limoges;Le Palais-sur-Vienne;45.8560017;1.3093986;R;Gazole;1;2026-10-07 07:07:18;2.349
87410002;Avenue de Limoges;Le Palais-sur-Vienne;45.8560017;1.3093986;R;E10;5;2026-10-07 07:07:18;2.169
87410002;Avenue de Limoges;Le Palais-sur-Vienne;45.8560017;1.3093986;R;SP98;6;2026-10-07 07:07:18;2.269
54230002;Rue Pasteur;NEUVES-MAISONS;48.613;6.096;R;SP95;2;2026-10-07 08:30:00;2.236
54230002;Rue Pasteur;NEUVES-MAISONS;48.613;6.096;R;SP98;6;2026-10-07 08:30:00;2.333
43360004;A75 AIRE DE LAFAYETTE;LORLANGES;45.338244;3.274313;A;Gazole;1;2026-10-07 09:09:11;2.424
43360004;A75 AIRE DE LAFAYETTE;LORLANGES;45.338244;3.274313;A;E85;3;2026-10-07 09:09:11;0.989
43360004;A75 AIRE DE LAFAYETTE;LORLANGES;45.338244;3.274313;A;GPLc;4;2026-10-07 09:09:11;1.082
43360004;A75 AIRE DE LAFAYETTE;LORLANGES;45.338244;3.274313;A;E10;5;2026-10-07 09:09:11;2.208
43360004;A75 AIRE DE LAFAYETTE;LORLANGES;45.338244;3.274313;A;SP98;6;2026-10-07 09:09:11;2.273
28290002;Route de Brou - Arrou;VAL D'YERRE;48.103697000000004;1.11963;R;Gazole;1;2026-10-07 10:07:09;2.399
33260005; Boulevard des Miquelots;LA TESTE-DE-BUCH;44.61039;-1.146;R;SP95;2;2026-10-07 08:34:14;2.219
33260005; Boulevard des Miquelots;LA TESTE-DE-BUCH;44.61039;-1.146;R;E10;5;2026-10-07 08:34:14;2.149
61400005;Les Gaillons;Saint-Langis-lès-Mortagne;48.531873198923996;0.51166496256938;R;E10;5;2026-10-07 06:55:35;1.99
61400005;Les Gaillons;Saint-Langis-lès-Mortagne;48.531873198923996;0.51166496256938;R;SP98;6;2026-10-07 06:55:35;1.99
77370005;RN 19 , AVENUE DU GENERAL DE GAU;NANGIS;48.559;3.021;R;Gazole;1;2026-10-07 00:01:00;2.25
33120003;7 Boulevard Mestrézat;ARCACHON;44.652;-1.147;R;Gazole;1;2026-10-07 07:30:00;2.389
33120003;7 Boulevard Mestrézat;ARCACHON;44.652;-1.147;R;E85;3;2026-10-07 07:30:00;0.895
33120003;7 Boulevard Mestrézat;ARCACHON;44.652;-1.147;R;GPLc;4;2026-10-07 07:30:00;1.089
33120003;7 Boulevard Mestrézat;ARCACHON;44.652;-1.147;R;E10;5;2026-10-07 07:30:00;2.239
33120003;7 Boulevard Mestrézat;ARCACHON;44.652;-1.147;R;SP98;6;2026-10-07 07:30:00;2.339
93130006;140 Rue de Paris;NOISY-LE-SEC;48.902;2.462;R;Gazole;1;2026-10-07 07:00:00;2.399
93130006;140 Rue de Paris;NOISY-LE-SEC;48.902;2.462;R;E10;5;2026-10-07 07:00:00;2.249
22700004;6 Rue de Kervilzic;Perros-Guirec;48.805195322655;-3.4597700543750003;R;Gazole;1;2026-10-07 09:52:57;2.999
22700004;6 Rue de Kervilzic;Perros-Guirec;48.805195322655;-3.4597700543750003;R;E10;5;2026-10-07 09:52:57;2.109
22700004;6 Rue de Kervilzic;Perros-Guirec;48.805195322655;-3.4597700543750003;R;SP98;6;2026-10-07 09:52:57;2.199
74500011;7 AVENUE DES BOCQUIES;EVIAN LES BAINS;46.39647900000001;6.573086999999999;R;Gazole;1;2026-10-07 00:01:00;2.359
59640002;AV DE LA VILLETTE;DUNKERQUE;51.024;2.36;R;Gazole;1;2026-10-07 00:01:00;2.25
59640002;AV DE LA VILLETTE;DUNKERQUE;51.024;2.36;R;GPLc;4;2026-10-07 00:01:00;0.974
68200026;170, Rue des Romains;Mulhouse;47.777;7.335;R;Gazole;1;2026-10-07 10:30:00;2.38
68200026;170, Rue des Romains;Mulhouse;47.777;7.335;R;E10;5;2026-10-07 10:30:00;2.156
68200026;170, Rue des Romains;Mulhouse;47.777;7.335;R;SP98;6;2026-10-07 10:30:00;2.261
88025001;33 ROUTE DU SAUT LE CERF;EPINAL - JEUXEY;48.2;6.48;R;Gazole;1;2026-10-07 10:28:58;2.339
88025001;33 ROUTE DU SAUT LE CERF;EPINAL - JEUXEY;48.2;6.48;R;SP95;2;2026-10-07 10:28:58;2.239
88025001;33 ROUTE DU SAUT LE CERF;EPINAL - JEUXEY;48.2;6.48;R;GPLc;4;2026-10-07 10:28:59;1.049
88025001;33 ROUTE DU SAUT LE CERF;EPINAL - JEUXEY;48.2;6.48;R;E10;5;2026-10-07 10:28:59;2.199
88025001;33 ROUTE DU SAUT LE CERF;EPINAL - JEUXEY;48.2;6.48;R;SP98;6;2026-10-07 10:28:59;2.289
42600011;Aire de Plaines du Forez Est;Magneux Haute Rive;45.679958;4.1564309999999995;A;Gazole;1;2026-10-07 09:30:00;2.598
42600011;Aire de Plaines du Forez Est;Magneux Haute Rive;45.679958;4.1564309999999995;A;E10;5;2026-10-07 09:30:00;2.581
42600011;Aire de Plaines du Forez Est;Magneux Haute Rive;45.679958;4.1564309999999995;A;SP98;6;2026-10-07 09:30:00;2.731
54000014;6 AVENUE DE BOUFFLERS;NANCY;48.689260999999995;6.161748;R;Gazole;1;2026-10-07 07:36:26;2.439
54000014;6 AVENUE DE BOUFFLERS;NANCY;48.689260999999995;6.161748;R;SP95;2;2026-10-07 07:36:26;2.299
54000014;6 AVENUE DE BOUFFLERS;NANCY;48.689260999999995;6.161748;R;SP98;6;2026-10-07 07:36:27;2.349
33170003;AUT A 630  ROCADE PERIPHERIQUE SUD;GRADIGNAN;44.786;-0.596;A;Gazole;1;2026-10-07 06:00:00;2.339
33170003;AUT A 630  ROCADE PERIPHERIQUE SUD;GRADIGNAN;44.786;-0.596;A;E85;3;2026-10-07 06:00:00;0.905
33170003;AUT A 630  ROCADE PERIPHERIQUE SUD;GRADIGNAN;44.786;-0.596;A;GPLc;4;2026-10-07 06:00:00;1.059
33170003;AUT A 630  ROCADE PERIPHERIQUE SUD;GRADIGNAN;44.786;-0.596;A;E10;5;2026-10-07 06:00:00;2.219
33170003;AUT A 630  ROCADE PERIPHERIQUE SUD;GRADIGNAN;44.786;-0.596;A;SP98;6;2026-10-07 06:00:00;2.319
3240003;route de longeville;Deux-Chaises;46.38;3.04;R;Gazole;1;2026-10-07 08:01:59;2.25
3240003;route de longeville;Deux-Chaises;46.38;3.04;R;SP98;6;2026-10-07 08:01:59;1.99
23000007;Rue du Docteur Manouvrier;GUéRET;46.168;1.874;R;Gazole;1;2026-10-07 00:00:00;2.419
23000007;Rue du Docteur Manouvrier;GUéRET;46.168;1.874;R;SP98;6;2026-10-07 00:00:00;2.359
60200012;142 RUE DE PARIS;COMPIEGNE;49.407;2.813;R;Gazole;1;2026-10-07 00:01:00;2.25
33700022;ROCADE PÉRIPHÉRIQUE INTERIEUR;MERIGNAC;44.85;-0.667;A;Gazole;1;2026-10-07 00:01:00;2.25
33700022;ROCADE PÉRIPHÉRIQUE INTERIEUR;MERIGNAC;44.85;-0.667;A;GPLc;4;2026-10-07 00:01:00;0.949
33700022;ROCADE PÉRIPHÉRIQUE INTERIEUR;MERIGNAC;44.85;-0.667;A;E10;5;2026-10-07 00:01:00;1.99
33700022;ROCADE PÉRIPHÉRIQUE INTERIEUR;MERIGNAC;44.85;-0.667;A;SP98;6;2026-10-07 00:01:00;1.99
33920006;A10 aire de saugon ouest;SAUGON;45.188854000000006;-0.492614;A;E10;5;2026-10-07 00:00:00;2.37
33920006;A10 aire de saugon ouest;SAUGON;45.188854000000006;-0.492614;A;SP98;6;2026-10-07 00:00:00;2.47
14160004;106, RUE DU GENERAL DE GAULLE;Dives-sur-Mer;49.28517;-0.1096;R;Gazole;1;2026-10-07 00:01:00;2.25
14160004;106, RUE DU GENERAL DE GAULLE;Dives-sur-Mer;49.28517;-0.1096;R;E85;3;2026-10-07 00:01:00;0.883
14160004;106, RUE DU GENERAL DE GAULLE;Dives-sur-Mer;49.28517;-0.1096;R;E10;5;2026-10-07 00:01:00;1.99
33380005;AVENUE ZAC 2000;MIOS;44.66;-0.829;R;Gazole;1;2026-10-07 00:01:00;2.25
33380005;AVENUE ZAC 2000;MIOS;44.66;-0.829;R;E10;5;2026-10-07 00:01:00;1.99
74130018;1612 ROUTE DU MONT-BLANC;VOUGY;46.066;6.511;R;Gazole;1;2026-10-07 07:57:44;2.359
74130018;1612 ROUTE DU MONT-BLANC;VOUGY;46.066;6.511;R;SP95;2;2026-10-07 07:57:44;2.229
74130018;1612 ROUTE DU MONT-BLANC;VOUGY;46.066;6.511;R;E85;3;2026-10-07 07:57:44;0.859
74130018;1612 ROUTE DU MONT-BLANC;VOUGY;46.066;6.511;R;GPLc;4;2026-10-07 07:57:44;0.999
74130018;1612 ROUTE DU MONT-BLANC;VOUGY;46.066;6.511;R;E10;5;2026-10-07 07:57:44;2.189
74130018;1612 ROUTE DU MONT-BLANC;VOUGY;46.066;6.511;R;SP98;6;2026-10-07 07:57:44;2.289
16260001;Route d'Angoulême;Chasseneuil-sur-Bonnieure;45.815;0.443;R;Gazole;1;2026-10-07 08:20:44;2.25
16260001;Route d'Angoulême;Chasseneuil-sur-Bonnieure;45.815;0.443;R;E85;3;2026-10-07 08:20:44;0.904
16260001;Route d'Angoulême;Chasseneuil-sur-Bonnieure;45.815;0.443;R;E10;5;2026-10-07 08:20:44;1.99
16260001;Route d'Angoulême;Chasseneuil-sur-Bonnieure;45.815;0.443;R;SP98;6;2026-10-07 08:20:44;1.99
35400011;RN 137 - COTE OUEST - DIRECTION;Saint-servan-sur-mer;48.615;-1.984;R;Gazole;1;2026-10-07 09:26:56;2.25
35400011;RN 137 - COTE OUEST - DIRECTION;Saint-servan-sur-mer;48.615;-1.984;R;GPLc;4;2026-10-07 00:01:00;0.964
35400011;RN 137 - COTE OUEST - DIRECTION;Saint-servan-sur-mer;48.615;-1.984;R;E10;5;2026-10-07 00:01:00;1.99
35400011;RN 137 - COTE OUEST - DIRECTION;Saint-servan-sur-mer;48.615;-1.984;R;SP98;6;2026-10-07 00:01:00;1.99
63160004;5 ROUTE DE CLERMONT;BILLOM;45.728562503968;3.3395019953926;R;Gazole;1;2026-10-07 10:45:07;2.25
63160004;5 ROUTE DE CLERMONT;BILLOM;45.728562503968;3.3395019953926;R;E10;5;2026-10-07 10:45:07;1.99
63160004;5 ROUTE DE CLERMONT;BILLOM;45.728562503968;3.3395019953926;R;SP98;6;2026-10-07 10:45:07;1.99
44600010;ANGLE RUE FONDELINE ET AUGUSTIN FRESNEL;SAINT NAZAIRE;47.287;-2.299;R;Gazole;1;2026-10-07 00:01:00;2.25
44600010;ANGLE RUE FONDELINE ET AUGUSTIN FRESNEL;SAINT NAZAIRE;47.287;-2.299;R;E85;3;2026-10-07 00:01:00;0.888
44600010;ANGLE RUE FONDELINE ET AUGUSTIN FRESNEL;SAINT NAZAIRE;47.287;-2.299;R;E10;5;2026-10-07 00:01:00;1.99
90000013;AVENUE D'ALTKIRCH;BELFORT;47.631;6.867;R;E85;3;2026-10-07 00:01:00;0.936
90000013;AVENUE D'ALTKIRCH;BELFORT;47.631;6.867;R;GPLc;4;2026-10-07 00:01:00;0.979
90000013;AVENUE D'ALTKIRCH;BELFORT;47.631;6.867;R;E10;5;2026-10-07 09:12:59;1.99
45640001;Route de Jargeau;SANDILLON;47.848;2.036;R;SP98;6;2026-10-07 08:50:37;2.229
10600009;RD 619;BARBEREY;48.336;4.018;R;Gazole;1;2026-10-07 10:31:41;2.25
10600009;RD 619;BARBEREY;48.336;4.018;R;E10;5;2026-10-07 10:31:42;1.99
10600009;RD 619;BARBEREY;48.336;4.018;R;SP98;6;2026-10-07 10:31:42;1.99
22400004;66 rue Mouëxigné;LAMBALLE ARMOR;48.462;-2.515;R;Gazole;1;2026-10-07 09:17:24;2.28
22400004;66 rue Mouëxigné;LAMBALLE ARMOR;48.462;-2.515;R;E10;5;2026-10-07 09:17:25;2.111
79200001;1 Avenue François Mitterrand;Parthenay;46.645;-0.253;R;Gazole;1;2026-10-07 08:37:13;2.259
79200001;1 Avenue François Mitterrand;Parthenay;46.645;-0.253;R;E10;5;2026-10-07 08:37:13;2.139
79200001;1 Avenue François Mitterrand;Parthenay;46.645;-0.253;R;SP98;6;2026-10-07 08:37:13;2.259
31320001;Route de Labège;CASTANET-TOLOSAN;43.521;1.512;R;Gazole;1;2026-10-07 08:36:10;2.299
31320001;Route de Labège;CASTANET-TOLOSAN;43.521;1.512;R;E10;5;2026-10-07 08:36:10;2.149
31320001;Route de Labège;CASTANET-TOLOSAN;43.521;1.512;R;SP98;6;2026-10-07 08:36:11;2.289
38150005;ZA Le Parc du Soleil - Route Nationale 7;CHANAS;45.324650795146006;4.8082875238038;R;Gazole;1;2026-10-07 09:20:28;2.309
38150005;ZA Le Parc du Soleil - Route Nationale 7;CHANAS;45.324650795146006;4.8082875238038;R;E10;5;2026-10-07 09:20:29;2.129
76400009;2010 ROUTE DU HAVRE;FECAMP-SAINT LEONARD;49.74544;0.37202;R;Gazole;1;2026-10-07 10:01:00;2.338
76400009;2010 ROUTE DU HAVRE;FECAMP-SAINT LEONARD;49.74544;0.37202;R;SP95;2;2026-10-07 10:01:00;2.16
76400009;2010 ROUTE DU HAVRE;FECAMP-SAINT LEONARD;49.74544;0.37202;R;E85;3;2026-10-07 10:01:00;0.863
76400009;2010 ROUTE DU HAVRE;FECAMP-SAINT LEONARD;49.74544;0.37202;R;E10;5;2026-10-07 10:01:00;2.117
76400009;2010 ROUTE DU HAVRE;FECAMP-SAINT LEONARD;49.74544;0.37202;R;SP98;6;2026-10-07 10:01:00;2.212
52140006;AIRE DE MONTIGNY LE ROI A31;VAL DE MEUSE;47.977370419776;5.497400864934001;A;Gazole;1;2026-10-07 06:00:00;2.444
52140006;AIRE DE MONTIGNY LE ROI A31;VAL DE MEUSE;47.977370419776;5.497400864934001;A;GPLc;4;2026-10-07 06:00:00;1.163
52140006;AIRE DE MONTIGNY LE ROI A31;VAL DE MEUSE;47.977370419776;5.497400864934001;A;E10;5;2026-10-07 06:00:00;2.228
52140006;AIRE DE MONTIGNY LE ROI A31;VAL DE MEUSE;47.977370419776;5.497400864934001;A;SP98;6;2026-10-07 06:00:00;2.293
6000029;57, av. J.RAYBAUD;NICE;43.728;7.282;R;Gazole;1;2026-10-07 00:01:00;2.25
6000029;57, av. J.RAYBAUD;NICE;43.728;7.282;R;E85;3;2026-10-07 00:01:00;0.916
6000029;57, av. J.RAYBAUD;NICE;43.728;7.282;R;E10;5;2026-10-07 00:01:00;1.99
83570005;22 Loup à Loup;Cotignac;43.509982222407004;6.1511814978312005;R;Gazole;1;2026-10-07 10:44:36;2.349
83570005;22 Loup à Loup;Cotignac;43.509982222407004;6.1511814978312005;R;E10;5;2026-10-07 10:44:36;2.154
83570005;22 Loup à Loup;Cotignac;43.509982222407004;6.1511814978312005;R;SP98;6;2026-10-07 10:44:37;2.255
7110006;635 route d'ales;Vinezac;44.537373090372995;4.3467285781021;R;Gazole;1;2026-10-07 07:55:53;2.339
7110006;635 route d'ales;Vinezac;44.537373090372995;4.3467285781021;R;E10;5;2026-10-07 07:55:53;2.169
7110006;635 route d'ales;Vinezac;44.537373090372995;4.3467285781021;R;SP98;6;2026-10-07 07:55:53;2.299
29870001;rue de Verdun - La Gare;Lannilis;48.57;-4.512;R;E85;3;2026-10-07 09:05:33;0.849
34402001;Rue du Levant;LUNEL;43.681;4.148;R;Gazole;1;2026-10-07 08:29:16;2.331
34402001;Rue du Levant;LUNEL;43.681;4.148;R;E85;3;2026-10-07 08:29:16;0.858
34402001;Rue du Levant;LUNEL;43.681;4.148;R;E10;5;2026-10-07 08:29:16;2.149
89420008;AIRE DE LA CHAPONNE AUTOROUTEA6;guillon en terre plaine;47.503302875357996;4.0352394865034;A;E85;3;2026-10-07 08:26:19;1.035
52140007;A31 AIRE DE LA VAL DE MEUSE;VAL DE MEUSE;47.9752;5.49859;A;Gazole;1;2026-10-07 00:01:00;2.25
52140007;A31 AIRE DE LA VAL DE MEUSE;VAL DE MEUSE;47.9752;5.49859;A;E10;5;2026-10-07 00:01:00;1.99
67230005;Rue de Strasbourg;Benfeld;48.374;7.597;R;Gazole;1;2026-10-07 08:08:37;2.479
67230005;Rue de Strasbourg;Benfeld;48.374;7.597;R;E10;5;2026-10-07 08:08:37;2.299
67230005;Rue de Strasbourg;Benfeld;48.374;7.597;R;SP98;6;2026-10-07 08:08:37;2.449
24114001;Route de Bordeaux;Bergerac;44.834924988994004;0.44823906051395;R;Gazole;1;2026-10-07 08:58:21;2.317
24114001;Route de Bordeaux;Bergerac;44.834924988994004;0.44823906051395;R;E10;5;2026-10-07 08:58:21;2.124
82017001;785 Avenue Jean Moulin;MONTAUBAN;44.029;1.37;R;Gazole;1;2026-10-07 09:46:40;2.349
82017001;785 Avenue Jean Moulin;MONTAUBAN;44.029;1.37;R;GPLc;4;2026-10-07 09:46:40;1.043
82017001;785 Avenue Jean Moulin;MONTAUBAN;44.029;1.37;R;E10;5;2026-10-07 09:46:40;2.159
82017001;785 Avenue Jean Moulin;MONTAUBAN;44.029;1.37;R;SP98;6;2026-10-07 09:46:41;2.279
74120011;271 Route de Sallanches;DEMI QUARTIER;45.871446511715;6.6305923018323005;R;Gazole;1;2026-10-07 09:57:57;2.386
74120011;271 Route de Sallanches;DEMI QUARTIER;45.871446511715;6.6305923018323005;R;E10;5;2026-10-07 09:57:57;2.23
33720010;Aire des Terres Graves Nord A62;SAINT MICHEL DE RIEUFRET;44.647490999999995;-0.43686300000000006;A;Gazole;1;2026-10-07 09:30:00;2.607
33720010;Aire des Terres Graves Nord A62;SAINT MICHEL DE RIEUFRET;44.647490999999995;-0.43686300000000006;A;GPLc;4;2026-10-07 09:30:00;1.108
33720010;Aire des Terres Graves Nord A62;SAINT MICHEL DE RIEUFRET;44.647490999999995;-0.43686300000000006;A;E10;5;2026-10-07 09:30:00;2.558
33720010;Aire des Terres Graves Nord A62;SAINT MICHEL DE RIEUFRET;44.647490999999995;-0.43686300000000006;A;SP98;6;2026-10-07 09:30:00;2.708
75013026;231 Rue de Tolbiac;Paris;48.826;2.344;R;Gazole;1;2026-10-07 10:41:10;2.559
75013026;231 Rue de Tolbiac;Paris;48.826;2.344;R;E10;5;2026-10-07 10:41:10;2.299
75013026;231 Rue de Tolbiac;Paris;48.826;2.344;R;SP98;6;2026-10-07 10:41:10;2.499
37700001;Avenue Jacques DUCLOS;SAINT-PIERRE-DES-CORPS;47.38;0.715;R;Gazole;1;2026-10-07 08:26:00;2.342
37700001;Avenue Jacques DUCLOS;SAINT-PIERRE-DES-CORPS;47.38;0.715;R;SP95;2;2026-10-07 08:26:00;2.208
37700001;Avenue Jacques DUCLOS;SAINT-PIERRE-DES-CORPS;47.38;0.715;R;E10;5;2026-10-07 08:26:00;2.169
37700001;Avenue Jacques DUCLOS;SAINT-PIERRE-DES-CORPS;47.38;0.715;R;SP98;6;2026-10-07 08:26:00;2.259
10110002;20 Avenue du Général Leclerc;Bar-sur-Seine;48.11577;4.38129;R;Gazole;1;2026-10-07 09:03:06;2.336
10110002;20 Avenue du Général Leclerc;Bar-sur-Seine;48.11577;4.38129;R;E85;3;2026-10-07 09:03:06;0.869
10110002;20 Avenue du Général Leclerc;Bar-sur-Seine;48.11577;4.38129;R;E10;5;2026-10-07 09:03:06;2.181
42000015;11 AV DE VERDUN;Saint-Étienne;45.46519;4.37809;R;Gazole;1;2026-10-07 07:21:48;2.25
42000015;11 AV DE VERDUN;Saint-Étienne;45.46519;4.37809;R;E85;3;2026-10-07 07:21:48;0.909
42000015;11 AV DE VERDUN;Saint-Étienne;45.46519;4.37809;R;GPLc;4;2026-10-07 07:21:48;0.994
42000015;11 AV DE VERDUN;Saint-Étienne;45.46519;4.37809;R;E10;5;2026-10-07 07:21:48;1.99
91140003;Réservée aux Membres Costco, 3 avenue de Bréhat;VILLEBON-SUR-YVETTE;48.687;2.223;R;Gazole;1;2026-10-07 10:30:00;2.226
91140003;Réservée aux Membres Costco, 3 avenue de Bréhat;VILLEBON-SUR-YVETTE;48.687;2.223;R;E10;5;2026-10-07 10:30:00;2.098
91140003;Réservée aux Membres Costco, 3 avenue de Bréhat;VILLEBON-SUR-YVETTE;48.687;2.223;R;SP98;6;2026-10-07 10:30:00;2.175
64480001;CD 932 - RUE BAZTER;Ustaritz;43.393;-1.457;R;Gazole;1;2026-10-07 10:22:53;2.329
64480001;CD 932 - RUE BAZTER;Ustaritz;43.393;-1.457;R;E10;5;2026-10-07 10:22:53;2.149
31370001;Route de Samatan;RIEUMES;43.414;1.117;R;Gazole;1;2026-10-07 08:43:10;2.354
31370001;Route de Samatan;RIEUMES;43.414;1.117;R;SP95;2;2026-10-07 08:43:10;2.239
31370001;Route de Samatan;RIEUMES;43.414;1.117;R;E10;5;2026-10-07 08:43:10;2.169
31370001;Route de Samatan;RIEUMES;43.414;1.117;R;SP98;6;2026-10-07 08:43:11;2.284
42300012;82, rue Auguste Dourdein;Roanne;46.041;4.055;R;Gazole;1;2026-10-07 06:30:00;2.25
42300012;82, rue Auguste Dourdein;Roanne;46.041;4.055;R;E10;5;2026-10-07 06:30:00;1.99
42300012;82, rue Auguste Dourdein;Roanne;46.041;4.055;R;SP98;6;2026-10-07 06:30:00;1.99
59474001;15 Route de Lille;Seclin;50.559;3.034;R;Gazole;1;2026-10-07 08:43:07;2.25
59474001;15 Route de Lille;Seclin;50.559;3.034;R;E85;3;2026-10-07 08:43:07;0.869
59474001;15 Route de Lille;Seclin;50.559;3.034;R;E10;5;2026-10-07 08:43:07;1.99
7120001;Route de Vallon Pont d'Arc;RUOMS;44.4434055985;4.348132517390001;R;Gazole;1;2026-10-07 09:29:07;2.345
7120001;Route de Vallon Pont d'Arc;RUOMS;44.4434055985;4.348132517390001;R;E10;5;2026-10-07 09:29:07;2.197
7120001;Route de Vallon Pont d'Arc;RUOMS;44.4434055985;4.348132517390001;R;SP98;6;2026-10-07 09:29:07;2.311
17100001;Route de Bordeaux;LES GONDS;45.719;-0.636;R;Gazole;1;2026-10-07 06:38:34;2.25
17100001;Route de Bordeaux;LES GONDS;45.719;-0.636;R;E10;5;2026-10-07 06:38:34;1.99
17100001;Route de Bordeaux;LES GONDS;45.719;-0.636;R;SP98;6;2026-10-07 06:38:34;1.99
79100011;50 route de Parthenay;Saint jean de Thouars;46.967214886846;-0.21092049315712;R;E85;3;2026-10-07 08:22:27;0.909
79100011;50 route de Parthenay;Saint jean de Thouars;46.967214886846;-0.21092049315712;R;E10;5;2026-10-07 08:22:27;1.99
83490001;145 RN 7 station total;LE MUY;43.47;6.562;R;Gazole;1;2026-10-07 06:48:27;2.25
83490001;145 RN 7 station total;LE MUY;43.47;6.562;R;E10;5;2026-10-07 06:48:27;1.99
83490001;145 RN 7 station total;LE MUY;43.47;6.562;R;SP98;6;2026-10-07 06:48:27;1.99
3500007;1 AVENUE GEORGES POMPIDOU;SAINT POURCAIN SUR SIOULE;46.298;3.296;R;Gazole;1;2026-10-07 11:04:24;2.249
3500007;1 AVENUE GEORGES POMPIDOU;SAINT POURCAIN SUR SIOULE;46.298;3.296;R;E10;5;2026-10-07 11:04:24;2.137
91380010;32 AV. PIERRE BROSSOLETTE;Chilly-Mazarin;48.702;2.32;R;Gazole;1;2026-10-07 00:01:00;2.25
91380010;32 AV. PIERRE BROSSOLETTE;Chilly-Mazarin;48.702;2.32;R;E85;3;2026-10-07 00:01:00;0.919
91380010;32 AV. PIERRE BROSSOLETTE;Chilly-Mazarin;48.702;2.32;R;E10;5;2026-10-07 00:01:00;1.99
18000022;ZAC DE VARENNES 23 RUE NICEPHORE NIEPCE;Bourges;47.041867728406004;2.348930007346;R;Gazole;1;2026-10-07 00:00:00;2.362
18000022;ZAC DE VARENNES 23 RUE NICEPHORE NIEPCE;Bourges;47.041867728406004;2.348930007346;R;E85;3;2026-10-07 09:08:53;0.869
18000022;ZAC DE VARENNES 23 RUE NICEPHORE NIEPCE;Bourges;47.041867728406004;2.348930007346;R;E10;5;2026-10-07 00:00:00;2.149
18000022;ZAC DE VARENNES 23 RUE NICEPHORE NIEPCE;Bourges;47.041867728406004;2.348930007346;R;SP98;6;2026-10-07 00:00:00;2.267
55000010;32 RUE ERNEST BRADFER;Bar-le-Duc;48.767;5.173;R;Gazole;1;2026-10-07 00:01:00;2.25
30126009;Zone d'Activité Commerciale de Tesan - Route de St Genies de Comolas;Saint-Laurent-des-Arbres;44.059424936173;4.7111592904926995;R;Gazole;1;2026-10-07 10:53:55;2.296
30126009;Zone d'Activité Commerciale de Tesan - Route de St Genies de Comolas;Saint-Laurent-des-Arbres;44.059424936173;4.7111592904926995;R;E10;5;2026-10-07 10:53:55;2.178
62143002;Route de Souchez;ANGRES;50.405;2.756;R;Gazole;1;2026-10-07 10:16:04;2.279
41130003;Avenue Cher Sologne;SELLES-SUR-CHER;47.285;1.538;R;Gazole;1;2026-10-07 10:37:11;2.324
41130003;Avenue Cher Sologne;SELLES-SUR-CHER;47.285;1.538;R;SP95;2;2026-10-07 10:37:11;2.224
41130003;Avenue Cher Sologne;SELLES-SUR-CHER;47.285;1.538;R;E10;5;2026-10-07 10:37:11;2.184
41130003;Avenue Cher Sologne;SELLES-SUR-CHER;47.285;1.538;R;SP98;6;2026-10-07 10:37:11;2.244
76410003;ROUTE DE TOURVILLE;Cléon;49.307;1.029;R;Gazole;1;2026-10-07 08:20:39;2.25
76410003;ROUTE DE TOURVILLE;Cléon;49.307;1.029;R;E10;5;2026-10-07 08:20:39;1.99
59320007;7 RUE PAUL COLETTE;HALLENNES LEZ HAUBOURDIN;50.604814996706;2.9530869634065002;R;Gazole;1;2026-10-07 08:34:41;2.345
59320007;7 RUE PAUL COLETTE;HALLENNES LEZ HAUBOURDIN;50.604814996706;2.9530869634065002;R;E10;5;2026-10-07 10:16:01;2.125
17310004;2 Route des Mirouelles;SAINT-PIERRE-D'OLéRON;45.943;-1.321;R;Gazole;1;2026-10-07 09:36:29;2.28
17310004;2 Route des Mirouelles;SAINT-PIERRE-D'OLéRON;45.943;-1.321;R;SP95;2;2026-10-07 09:36:29;2.145
17310004;2 Route des Mirouelles;SAINT-PIERRE-D'OLéRON;45.943;-1.321;R;E85;3;2026-10-07 09:36:29;0.79
17310004;2 Route des Mirouelles;SAINT-PIERRE-D'OLéRON;45.943;-1.321;R;SP98;6;2026-10-07 09:36:29;2.195
22110002;KERLOUIS;Plouguernevel;48.242216194891;-3.296166474018;R;Gazole;1;2026-10-07 10:54:02;2.259
22110002;KERLOUIS;Plouguernevel;48.242216194891;-3.296166474018;R;E10;5;2026-10-07 10:54:02;2.109
71260006;AUTOROUTE A6 - AIRE DE MACON LA SALLE;Saint-Albain;46.41766;4.86506;A;Gazole;1;2026-10-07 00:01:00;2.25
71260006;AUTOROUTE A6 - AIRE DE MACON LA SALLE;Saint-Albain;46.41766;4.86506;A;E85;3;2026-10-07 00:01:00;0.939
71260006;AUTOROUTE A6 - AIRE DE MACON LA SALLE;Saint-Albain;46.41766;4.86506;A;GPLc;4;2026-10-07 00:01:00;1.099
71260006;AUTOROUTE A6 - AIRE DE MACON LA SALLE;Saint-Albain;46.41766;4.86506;A;E10;5;2026-10-07 00:01:00;1.99
71260006;AUTOROUTE A6 - AIRE DE MACON LA SALLE;Saint-Albain;46.41766;4.86506;A;SP98;6;2026-10-07 00:01:00;1.99
94200008;168-180 BLD DE STALINGRAD;Ivry-sur-Seine;48.80595;2.37609;R;Gazole;1;2026-10-07 00:01:00;2.25
94200008;168-180 BLD DE STALINGRAD;Ivry-sur-Seine;48.80595;2.37609;R;E10;5;2026-10-07 00:01:00;1.99
62800004;69 RUE DE LATTRE DE TASSIGNY;LIEVIN;50.418;2.769;R;Gazole;1;2026-10-07 07:10:39;2.25
62800004;69 RUE DE LATTRE DE TASSIGNY;LIEVIN;50.418;2.769;R;GPLc;4;2026-10-07 07:10:39;0.873
62800004;69 RUE DE LATTRE DE TASSIGNY;LIEVIN;50.418;2.769;R;E10;5;2026-10-07 07:10:39;1.99
62800004;69 RUE DE LATTRE DE TASSIGNY;LIEVIN;50.418;2.769;R;SP98;6;2026-10-07 07:10:39;1.99
36100006;215 AVENUE DES COINCHETTES;ISSOUDUN;46.950608335328;2.0073149682598;R;Gazole;1;2026-10-07 08:22:55;2.314
36100006;215 AVENUE DES COINCHETTES;ISSOUDUN;46.950608335328;2.0073149682598;R;SP95;2;2026-10-07 08:22:55;2.209
36100006;215 AVENUE DES COINCHETTES;ISSOUDUN;46.950608335328;2.0073149682598;R;E10;5;2026-10-07 08:22:55;2.184
34730001;Route de Montpellier;PRADES-LE-LEZ;43.69;3.863;R;Gazole;1;2026-10-07 08:41:49;2.428
34730001;Route de Montpellier;PRADES-LE-LEZ;43.69;3.863;R;E10;5;2026-10-07 08:41:49;2.245
34730001;Route de Montpellier;PRADES-LE-LEZ;43.69;3.863;R;SP98;6;2026-10-07 08:41:49;2.356
34400013;CIAL LES PORTES DE LA MER;Lunel;43.683;4.152;R;Gazole;1;2026-10-07 07:11:35;2.341
34400013;CIAL LES PORTES DE LA MER;Lunel;43.683;4.152;R;E10;5;2026-10-07 07:11:35;2.159
31400013;56 AVENUE DE RANGUEIL;TOULOUSE;43.57505711018901;1.4560275656588;R;Gazole;1;2026-10-07 00:01:00;2.399
31400013;56 AVENUE DE RANGUEIL;TOULOUSE;43.57505711018901;1.4560275656588;R;E85;3;2026-10-07 05:04:01;1.065
31400013;56 AVENUE DE RANGUEIL;TOULOUSE;43.57505711018901;1.4560275656588;R;E10;5;2026-10-07 05:04:01;2.219
31400013;56 AVENUE DE RANGUEIL;TOULOUSE;43.57505711018901;1.4560275656588;R;SP98;6;2026-10-07 05:04:01;2.319
60290005;RN.16 RTE DE CLERMONT;RANTIGNY;49.337;2.434;R;Gazole;1;2026-10-07 00:01:00;2.25
60290005;RN.16 RTE DE CLERMONT;RANTIGNY;49.337;2.434;R;E10;5;2026-10-07 00:01:00;1.99
29160004;TAL AR GROAS;CROZON;48.2482909;-4.4194473;R;Gazole;1;2026-10-07 08:41:59;2.316
29160004;TAL AR GROAS;CROZON;48.2482909;-4.4194473;R;SP95;2;2026-10-07 08:41:59;2.177
29160004;TAL AR GROAS;CROZON;48.2482909;-4.4194473;R;E85;3;2026-10-07 08:42:00;0.849
29160004;TAL AR GROAS;CROZON;48.2482909;-4.4194473;R;E10;5;2026-10-07 08:42:00;2.139
92500012;119 AVENUE DU PDT POMPIDOU;Rueil-Malmaison;48.86843;2.19878;R;Gazole;1;2026-10-07 00:01:00;2.25
39110007;13 AVENUE ARISTIDE BRIAND;Salins-les-Bains;46.949;5.874;R;Gazole;1;2026-10-07 00:01:00;2.25
39110007;13 AVENUE ARISTIDE BRIAND;Salins-les-Bains;46.949;5.874;R;E10;5;2026-10-07 00:01:00;1.99
27930010;4 ROUTE D'ORLEANS;ANGERVILLE LA CAMPAGNE;48.995722;1.155791;R;Gazole;1;2026-10-07 07:40:28;2.25
27930010;4 ROUTE D'ORLEANS;ANGERVILLE LA CAMPAGNE;48.995722;1.155791;R;E85;3;2026-10-07 07:40:28;0.901
50500008;RN13 AIRE DE CANTEPIE;CARENTAN LES MARAIS;49.304;-1.162;R;Gazole;1;2026-10-07 00:01:00;2.25
50500008;RN13 AIRE DE CANTEPIE;CARENTAN LES MARAIS;49.304;-1.162;R;E10;5;2026-10-07 00:01:00;1.99
50500008;RN13 AIRE DE CANTEPIE;CARENTAN LES MARAIS;49.304;-1.162;R;SP98;6;2026-10-07 00:01:00;1.99
37330001;75 Avenue du Général de Gaulle;Château-la-Vallière;47.542;0.337;R;SP95;2;2026-10-07 09:08:33;2.235
37330001;75 Avenue du Général de Gaulle;Château-la-Vallière;47.542;0.337;R;SP98;6;2026-10-07 09:08:34;2.265
69350003;66 RUE STEPHANE DECHANT;LA MULATIERE;45.726;4.815;R;Gazole;1;2026-10-07 00:01:00;2.25
69350003;66 RUE STEPHANE DECHANT;LA MULATIERE;45.726;4.815;R;E10;5;2026-10-07 00:01:00;1.99
24000011;138 RUE PIERRE SEMARD LE TOULON;PERIGUEUX;45.197;0.701;R;Gazole;1;2026-10-07 00:01:00;2.25
24000011;138 RUE PIERRE SEMARD LE TOULON;PERIGUEUX;45.197;0.701;R;GPLc;4;2026-10-07 00:01:00;0.989
93100014;48-54 BOULEVARD THEOPHILE SUEUR;MONTREUIL;48.86885;2.47055;R;Gazole;1;2026-10-07 00:01:00;2.25
93100014;48-54 BOULEVARD THEOPHILE SUEUR;MONTREUIL;48.86885;2.47055;R;E85;3;2026-10-07 00:01:00;0.904
93100014;48-54 BOULEVARD THEOPHILE SUEUR;MONTREUIL;48.86885;2.47055;R;E10;5;2026-10-07 00:01:00;1.99
1100007;174 COURS DE VERDUN;OYONNAX;46.25;5.641;R;Gazole;1;2026-10-07 00:01:00;2.25
1100007;174 COURS DE VERDUN;OYONNAX;46.25;5.641;R;E85;3;2026-10-07 00:01:00;0.917
1100007;174 COURS DE VERDUN;OYONNAX;46.25;5.641;R;GPLc;4;2026-10-07 00:01:00;1.019
1100007;174 COURS DE VERDUN;OYONNAX;46.25;5.641;R;E10;5;2026-10-07 00:01:00;1.99
92230011;37 AVENUE LUCIEN LANTERNIER;GENNEVILLIERS;48.932;2.29;R;Gazole;1;2026-10-07 00:01:00;2.25
92230011;37 AVENUE LUCIEN LANTERNIER;GENNEVILLIERS;48.932;2.29;R;E10;5;2026-10-07 00:01:00;1.99
75016029;99 AVENUE DE VERSAILLES;PARIS;48.845;2.271;R;Gazole;1;2026-10-07 07:56:06;2.25
75016029;99 AVENUE DE VERSAILLES;PARIS;48.845;2.271;R;E10;5;2026-10-07 07:56:07;1.99
87160008;AUT A 20  AIRE DE BOISMANDE;Saint-Sulpice-les-Feuilles;46.313794;1.420283;A;Gazole;1;2026-10-07 09:30:00;2.607
87160008;AUT A 20  AIRE DE BOISMANDE;Saint-Sulpice-les-Feuilles;46.313794;1.420283;A;GPLc;4;2026-10-07 09:30:00;1.136
87160008;AUT A 20  AIRE DE BOISMANDE;Saint-Sulpice-les-Feuilles;46.313794;1.420283;A;E10;5;2026-10-07 09:30:00;2.57
87160008;AUT A 20  AIRE DE BOISMANDE;Saint-Sulpice-les-Feuilles;46.313794;1.420283;A;SP98;6;2026-10-07 09:30:00;2.72
88170007;A31 AIRE DE LORRAINE SANDAUCOURT LA TRELLE;SANDAUCOURT;48.26905;5.85964;A;Gazole;1;2026-10-07 09:00:00;2.25
88170007;A31 AIRE DE LORRAINE SANDAUCOURT LA TRELLE;SANDAUCOURT;48.26905;5.85964;A;E10;5;2026-10-07 09:00:00;1.99
88170007;A31 AIRE DE LORRAINE SANDAUCOURT LA TRELLE;SANDAUCOURT;48.26905;5.85964;A;SP98;6;2026-10-07 09:00:00;1.99
36100002;Rue de la Limoise;Issoudun;46.957;2.003;R;Gazole;1;2026-10-07 08:23:22;2.314
36100002;Rue de la Limoise;Issoudun;46.957;2.003;R;SP95;2;2026-10-07 08:23:22;2.209
36100002;Rue de la Limoise;Issoudun;46.957;2.003;R;E10;5;2026-10-07 08:23:22;2.184
62100027;150 AVENUE ROGER SALENGRO;CALAIS;50.945;1.827;R;Gazole;1;2026-10-07 00:01:00;2.25
62100027;150 AVENUE ROGER SALENGRO;CALAIS;50.945;1.827;R;E10;5;2026-10-07 00:01:00;1.99
76620001;centre commercial grand cap;Le Havre;49.523;0.11;R;Gazole;1;2026-10-07 08:51:22;2.26
76620001;centre commercial grand cap;Le Havre;49.523;0.11;R;E85;3;2026-10-07 08:51:22;0.871
76620001;centre commercial grand cap;Le Havre;49.523;0.11;R;GPLc;4;2026-10-07 08:51:23;0.962
76620001;centre commercial grand cap;Le Havre;49.523;0.11;R;E10;5;2026-10-07 08:51:23;2.092
76620001;centre commercial grand cap;Le Havre;49.523;0.11;R;SP98;6;2026-10-07 08:51:23;2.249
31450003;Route Départ. 813 Lieu dit en Rouzaut;MONTGISCARD;43.454;1.585;R;Gazole;1;2026-10-07 08:11:20;2.319
31450003;Route Départ. 813 Lieu dit en Rouzaut;MONTGISCARD;43.454;1.585;R;E10;5;2026-10-07 08:11:20;2.159
31450003;Route Départ. 813 Lieu dit en Rouzaut;MONTGISCARD;43.454;1.585;R;SP98;6;2026-10-07 08:11:20;2.299
33500004;23 Avenue de la Roudet;Libourne;44.93;-0.24;R;Gazole;1;2026-10-07 10:53:00;2.343
33500004;23 Avenue de la Roudet;Libourne;44.93;-0.24;R;E85;3;2026-10-07 10:53:00;0.869
33500004;23 Avenue de la Roudet;Libourne;44.93;-0.24;R;GPLc;4;2026-10-07 10:53:00;1.042
33500004;23 Avenue de la Roudet;Libourne;44.93;-0.24;R;E10;5;2026-10-07 10:53:00;2.122
33500004;23 Avenue de la Roudet;Libourne;44.93;-0.24;R;SP98;6;2026-10-07 10:53:00;2.229
72300006;route de LAVAL;Sablé-sur-Sarthe;47.852;-0.353;R;Gazole;1;2026-10-07 10:28:19;2.319
72300006;route de LAVAL;Sablé-sur-Sarthe;47.852;-0.353;R;E10;5;2026-10-07 10:28:20;2.139
72300006;route de LAVAL;Sablé-sur-Sarthe;47.852;-0.353;R;SP98;6;2026-10-07 10:28:20;2.229
30700004;Route d'Alès;Montaren-et-Saint-Médiers;44.025;4.389;R;Gazole;1;2026-10-07 09:14:23;2.38
30700004;Route d'Alès;Montaren-et-Saint-Médiers;44.025;4.389;R;SP95;2;2026-10-07 09:14:23;2.265
30700004;Route d'Alès;Montaren-et-Saint-Médiers;44.025;4.389;R;E85;3;2026-10-07 09:14:23;0.869
30700004;Route d'Alès;Montaren-et-Saint-Médiers;44.025;4.389;R;E10;5;2026-10-07 09:14:23;2.161
30700004;Route d'Alès;Montaren-et-Saint-Médiers;44.025;4.389;R;SP98;6;2026-10-07 09:14:23;2.278
91570004;RN118;Bièvres;48.746;2.197;R;Gazole;1;2026-10-07 00:01:00;2.25
91570004;RN118;Bièvres;48.746;2.197;R;E85;3;2026-10-07 00:01:00;0.893
91570004;RN118;Bièvres;48.746;2.197;R;E10;5;2026-10-07 00:01:00;1.99
91570004;RN118;Bièvres;48.746;2.197;R;SP98;6;2026-10-07 00:01:00;1.99
14600007;COURS JEAN DE VIENNE;HONFLEUR;49.413;0.25;R;Gazole;1;2026-10-07 00:01:00;2.25
14600007;COURS JEAN DE VIENNE;HONFLEUR;49.413;0.25;R;E85;3;2026-10-07 00:01:00;0.873
14600007;COURS JEAN DE VIENNE;HONFLEUR;49.413;0.25;R;GPLc;4;2026-10-07 00:01:00;0.981
14600007;COURS JEAN DE VIENNE;HONFLEUR;49.413;0.25;R;E10;5;2026-10-07 00:01:00;1.99
14600007;COURS JEAN DE VIENNE;HONFLEUR;49.413;0.25;R;SP98;6;2026-10-07 00:01:00;1.99
83500001;780,Boulevard de l'Europe;LA SEYNE-SUR-MER;43.113;5.858;R;Gazole;1;2026-10-07 09:21:28;2.297
83500001;780,Boulevard de l'Europe;LA SEYNE-SUR-MER;43.113;5.858;R;E85;3;2026-10-07 09:21:28;0.858
83500001;780,Boulevard de l'Europe;LA SEYNE-SUR-MER;43.113;5.858;R;E10;5;2026-10-07 09:21:28;2.155
83500001;780,Boulevard de l'Europe;LA SEYNE-SUR-MER;43.113;5.858;R;SP98;6;2026-10-07 09:21:28;2.265
38080006;AUTOROUTE A43 - AIRE L'ISLE D'ABEAU NORD;L'Isle-d'Abeau;45.613;5.213;A;Gazole;1;2026-10-07 00:01:00;2.25
38080006;AUTOROUTE A43 - AIRE L'ISLE D'ABEAU NORD;L'Isle-d'Abeau;45.613;5.213;A;E85;3;2026-10-07 00:01:00;0.999
38080006;AUTOROUTE A43 - AIRE L'ISLE D'ABEAU NORD;L'Isle-d'Abeau;45.613;5.213;A;GPLc;4;2026-10-07 00:01:00;1.099
38080006;AUTOROUTE A43 - AIRE L'ISLE D'ABEAU NORD;L'Isle-d'Abeau;45.613;5.213;A;E10;5;2026-10-07 00:01:00;1.99
62000013;2 RUE DES ROSATI;ARRAS;50.291;2.784;R;Gazole;1;2026-10-07 00:01:00;2.25
62000013;2 RUE DES ROSATI;ARRAS;50.291;2.784;R;E85;3;2026-10-07 00:01:00;0.872
62000013;2 RUE DES ROSATI;ARRAS;50.291;2.784;R;GPLc;4;2026-10-07 00:01:00;0.996
62000013;2 RUE DES ROSATI;ARRAS;50.291;2.784;R;E10;5;2026-10-07 00:01:00;1.99
62000013;2 RUE DES ROSATI;ARRAS;50.291;2.784;R;SP98;6;2026-10-07 00:01:00;1.99
30700007;6/8 AVENUE MARECHAL FOCH;UZES;44.009;4.419;R;Gazole;1;2026-10-07 00:01:00;2.25
30700007;6/8 AVENUE MARECHAL FOCH;UZES;44.009;4.419;R;E10;5;2026-10-07 08:29:17;1.99
46130003;513 Avenue de la Libération;Bretenoux;44.912;1.842;R;Gazole;1;2026-10-07 08:04:42;2.25
33700012;78 Avenue de Magudas;Mérignac;44.856;-0.654;R;Gazole;1;2026-10-07 06:03:19;2.329
33700012;78 Avenue de Magudas;Mérignac;44.856;-0.654;R;SP98;6;2026-10-07 06:03:19;2.244
18500006;A71 AIRE DE BOURGES MARMAGNE;MARMAGNE;47.095;2.243;A;Gazole;1;2026-10-07 08:00:00;2.669
18500006;A71 AIRE DE BOURGES MARMAGNE;MARMAGNE;47.095;2.243;A;GPLc;4;2026-10-07 08:00:00;1.149
18500006;A71 AIRE DE BOURGES MARMAGNE;MARMAGNE;47.095;2.243;A;E10;5;2026-10-07 08:00:00;2.449
18500006;A71 AIRE DE BOURGES MARMAGNE;MARMAGNE;47.095;2.243;A;SP98;6;2026-10-07 08:00:00;2.549
7500001;1449 Avenue de la République;Guilherand-Granges;44.93828;4.86654;R;Gazole;1;2026-10-07 09:55:36;2.253
38300009;178 Route de Lyon;Domarin;45.59;5.244;R;Gazole;1;2026-10-07 10:06:25;2.369
38300009;178 Route de Lyon;Domarin;45.59;5.244;R;SP95;2;2026-10-07 10:06:25;2.249
38300009;178 Route de Lyon;Domarin;45.59;5.244;R;E10;5;2026-10-07 10:06:25;2.179
59700009;PARC DU CHEVAL BLANC;MARCQ-EN-BAROEUL;50.683;3.085;R;Gazole;1;2026-10-07 00:01:00;2.25
77260012;Autoroute A4 Km 56 sens Strasbourg - Paris;Ussy sur marne;48.96384;3.05281;A;Gazole;1;2026-10-07 08:00:00;2.485
77260012;Autoroute A4 Km 56 sens Strasbourg - Paris;Ussy sur marne;48.96384;3.05281;A;E85;3;2026-10-07 08:00:00;0.999
77260012;Autoroute A4 Km 56 sens Strasbourg - Paris;Ussy sur marne;48.96384;3.05281;A;E10;5;2026-10-07 08:00:00;2.269
77260012;Autoroute A4 Km 56 sens Strasbourg - Paris;Ussy sur marne;48.96384;3.05281;A;SP98;6;2026-10-07 08:00:00;2.329
51800015;Autoroute A4, 51 800 Valmy;Valmy;49.07228;4.788;A;Gazole;1;2026-10-07 08:00:00;2.499
51800015;Autoroute A4, 51 800 Valmy;Valmy;49.07228;4.788;A;E85;3;2026-10-07 08:00:00;0.999
51800015;Autoroute A4, 51 800 Valmy;Valmy;49.07228;4.788;A;GPLc;4;2026-10-07 08:00:00;1.099
51800015;Autoroute A4, 51 800 Valmy;Valmy;49.07228;4.788;A;E10;5;2026-10-07 08:00:00;2.289
51800015;Autoroute A4, 51 800 Valmy;Valmy;49.07228;4.788;A;SP98;6;2026-10-07 08:00:00;2.353
49610001;26 rue Valentin des Ormeaux;MûRS-ERIGNé;47.397;-0.529;R;Gazole;1;2026-10-07 08:25:13;2.285
59113013;Autoroute A1 Km 198 Sens Paris - Lille;Seclin;50.528921600000004;3.0457023999999997;A;Gazole;1;2026-10-07 08:00:00;2.5
59113013;Autoroute A1 Km 198 Sens Paris - Lille;Seclin;50.528921600000004;3.0457023999999997;A;E85;3;2026-10-07 08:00:00;0.99
59113013;Autoroute A1 Km 198 Sens Paris - Lille;Seclin;50.528921600000004;3.0457023999999997;A;GPLc;4;2026-10-07 08:00:00;1.09
59113013;Autoroute A1 Km 198 Sens Paris - Lille;Seclin;50.528921600000004;3.0457023999999997;A;E10;5;2026-10-07 08:00:00;2.28
59113013;Autoroute A1 Km 198 Sens Paris - Lille;Seclin;50.528921600000004;3.0457023999999997;A;SP98;6;2026-10-07 08:00:00;2.35
67000031;9 AVENUE ALSACE;STRASBOURG;48.58715;7.76077;R;Gazole;1;2026-10-07 06:00:00;2.649
67000031;9 AVENUE ALSACE;STRASBOURG;48.58715;7.76077;R;E85;3;2026-10-07 06:00:00;0.999
67000031;9 AVENUE ALSACE;STRASBOURG;48.58715;7.76077;R;E10;5;2026-10-07 06:00:00;2.399
67000031;9 AVENUE ALSACE;STRASBOURG;48.58715;7.76077;R;SP98;6;2026-10-07 06:00:00;2.499
69120013;AVE GABRIEL PERI/ RUE P.TESTE;Vaulx-en-Velin;45.774197;4.9139409999999994;R;Gazole;1;2026-10-07 06:00:00;2.499
69120013;AVE GABRIEL PERI/ RUE P.TESTE;Vaulx-en-Velin;45.774197;4.9139409999999994;R;E10;5;2026-10-07 06:00:00;2.279
69120013;AVE GABRIEL PERI/ RUE P.TESTE;Vaulx-en-Velin;45.774197;4.9139409999999994;R;SP98;6;2026-10-07 06:00:00;2.379
8000010;RTE DE LAFRANCHEVILLE;Charleville-Mézières;49.741;4.726;R;Gazole;1;2026-10-07 00:01:00;2.25
8000010;RTE DE LAFRANCHEVILLE;Charleville-Mézières;49.741;4.726;R;E85;3;2026-10-07 00:01:00;0.876
8000010;RTE DE LAFRANCHEVILLE;Charleville-Mézières;49.741;4.726;R;GPLc;4;2026-10-07 00:01:00;0.995
38000019;5 AVENUE JEAN PERROT;GRENOBLE;45.182628;5.7342569999999995;R;Gazole;1;2026-10-07 06:00:00;2.499
38000019;5 AVENUE JEAN PERROT;GRENOBLE;45.182628;5.7342569999999995;R;E10;5;2026-10-07 06:00:00;2.299
77260013;Autoroute A4 Km 56 sens Paris - Strasbourg;Ussy-sur-Marne;48.970497;3.0641059999999998;A;Gazole;1;2026-10-07 08:00:00;2.525
77260013;Autoroute A4 Km 56 sens Paris - Strasbourg;Ussy-sur-Marne;48.970497;3.0641059999999998;A;E85;3;2026-10-07 08:00:00;0.979
77260013;Autoroute A4 Km 56 sens Paris - Strasbourg;Ussy-sur-Marne;48.970497;3.0641059999999998;A;GPLc;4;2026-10-07 08:00:00;1.119
77260013;Autoroute A4 Km 56 sens Paris - Strasbourg;Ussy-sur-Marne;48.970497;3.0641059999999998;A;E10;5;2026-10-07 08:00:00;2.299
77260013;Autoroute A4 Km 56 sens Paris - Strasbourg;Ussy-sur-Marne;48.970497;3.0641059999999998;A;SP98;6;2026-10-07 08:00:00;2.369
57740010;Autoroute A4 km 358 sens Paris - Strasbourg;Longeville-lès-Saint-Avold;49.1343;6.65722;A;Gazole;1;2026-10-07 08:00:00;2.499
57740010;Autoroute A4 km 358 sens Paris - Strasbourg;Longeville-lès-Saint-Avold;49.1343;6.65722;A;E85;3;2026-10-07 08:00:00;0.999
57740010;Autoroute A4 km 358 sens Paris - Strasbourg;Longeville-lès-Saint-Avold;49.1343;6.65722;A;E10;5;2026-10-07 08:00:00;2.289
57740010;Autoroute A4 km 358 sens Paris - Strasbourg;Longeville-lès-Saint-Avold;49.1343;6.65722;A;SP98;6;2026-10-07 08:00:00;2.353
72400018;A11 AIRE DE VILLAINES LA GONAIS;Villaines-la-Gonais;48.124970999999995;0.6221519999999999;A;Gazole;1;2026-10-07 06:00:00;2.664
72400018;A11 AIRE DE VILLAINES LA GONAIS;Villaines-la-Gonais;48.124970999999995;0.6221519999999999;A;GPLc;4;2026-10-07 06:00:00;1.149
72400018;A11 AIRE DE VILLAINES LA GONAIS;Villaines-la-Gonais;48.124970999999995;0.6221519999999999;A;E10;5;2026-10-07 06:00:00;2.464
72400018;A11 AIRE DE VILLAINES LA GONAIS;Villaines-la-Gonais;48.124970999999995;0.6221519999999999;A;SP98;6;2026-10-07 06:00:00;2.564
62660004;195 ROUTE NATIONALE;BEUVRY;50.523;2.681;R;Gazole;1;2026-10-07 00:01:00;2.25
62660004;195 ROUTE NATIONALE;BEUVRY;50.523;2.681;R;E85;3;2026-10-07 00:01:00;0.863
62660004;195 ROUTE NATIONALE;BEUVRY;50.523;2.681;R;E10;5;2026-10-07 00:01:00;1.99
13013017;75 CHE. DE CHATEAU GOMBERT;MARSEILLE;43.343;5.422;R;Gazole;1;2026-10-07 00:01:00;2.25
13013017;75 CHE. DE CHATEAU GOMBERT;MARSEILLE;43.343;5.422;R;E10;5;2026-10-07 00:01:00;1.99
30130010;PLACE DU PLAN;Pont-Saint-Esprit;44.258;4.649;R;Gazole;1;2026-10-07 06:00:00;2.25
30130010;PLACE DU PLAN;Pont-Saint-Esprit;44.258;4.649;R;E10;5;2026-10-07 06:00:00;1.99
30130010;PLACE DU PLAN;Pont-Saint-Esprit;44.258;4.649;R;SP98;6;2026-10-07 06:00:00;1.99
14000021;AVENUE COTE DE NACRE;CAEN;49.19979;-0.36004;R;Gazole;1;2026-10-07 00:01:00;2.25
14000021;AVENUE COTE DE NACRE;CAEN;49.19979;-0.36004;R;E10;5;2026-10-07 07:03:38;1.99
14000021;AVENUE COTE DE NACRE;CAEN;49.19979;-0.36004;R;SP98;6;2026-10-07 07:03:38;1.99
84100009;R N 7 - AV. DE LATTRE DE TASSIG;ORANGE;44.13559;4.81309;R;E10;5;2026-10-07 00:01:00;1.99
84100009;R N 7 - AV. DE LATTRE DE TASSIG;ORANGE;44.13559;4.81309;R;SP98;6;2026-10-07 00:01:00;1.99
16110001;Route de Limoges;LA ROCHEFOUCAULD;45.742;0.387;R;Gazole;1;2026-10-07 03:00:00;2.293
16110001;Route de Limoges;LA ROCHEFOUCAULD;45.742;0.387;R;E10;5;2026-10-07 03:00:00;2.129
45190017;81 AVENUE D'ORLEANS;BEAUGENCY;47.791359988248004;1.6447741171598;R;Gazole;1;2026-10-07 08:25:29;2.369
45190017;81 AVENUE D'ORLEANS;BEAUGENCY;47.791359988248004;1.6447741171598;R;E10;5;2026-10-07 08:25:29;2.189
83720005;RN 555 LA FOUX;Trans-en-Provence;43.513;6.477;R;Gazole;1;2026-10-07 00:01:00;2.25
83720005;RN 555 LA FOUX;Trans-en-Provence;43.513;6.477;R;E85;3;2026-10-07 06:27:16;0.914
83720005;RN 555 LA FOUX;Trans-en-Provence;43.513;6.477;R;E10;5;2026-10-07 06:27:16;1.99
5500001;10 route de Gap;LA FARE-EN-CHAMPSAUR;44.673;6.074;R;Gazole;1;2026-10-07 07:06:05;2.349
5500001;10 route de Gap;LA FARE-EN-CHAMPSAUR;44.673;6.074;R;E10;5;2026-10-07 07:06:05;2.149
10300005;82 AVENUE DU GENERAL LECLERC;Sainte-Savine;48.292;4.037;R;Gazole;1;2026-10-07 00:01:00;2.25
10300005;82 AVENUE DU GENERAL LECLERC;Sainte-Savine;48.292;4.037;R;E85;3;2026-10-07 00:01:00;0.888
10300005;82 AVENUE DU GENERAL LECLERC;Sainte-Savine;48.292;4.037;R;GPLc;4;2026-10-07 00:01:00;0.999
10300005;82 AVENUE DU GENERAL LECLERC;Sainte-Savine;48.292;4.037;R;E10;5;2026-10-07 00:01:00;1.99
10300005;82 AVENUE DU GENERAL LECLERC;Sainte-Savine;48.292;4.037;R;SP98;6;2026-10-07 10:47:15;1.99
15000016;ROUTE DE SANSAC;AURILLAC;44.908;2.421;R;Gazole;1;2026-10-07 00:01:00;2.25
15000016;ROUTE DE SANSAC;AURILLAC;44.908;2.421;R;SP98;6;2026-10-07 00:01:00;1.99
74100010;66 ROUTE D'ETREMBIERES;ANNEMASSE;46.186;6.231;R;Gazole;1;2026-10-07 00:01:00;2.25
74100010;66 ROUTE D'ETREMBIERES;ANNEMASSE;46.186;6.231;R;E10;5;2026-10-07 00:01:00;1.99
65370003;RUE NATIONALE;LOURES BAROUSSE;43.022985;0.60702;R;Gazole;1;2026-10-07 06:56:19;2.359
65370003;RUE NATIONALE;LOURES BAROUSSE;43.022985;0.60702;R;SP95;2;2026-10-07 06:56:19;2.199
65370003;RUE NATIONALE;LOURES BAROUSSE;43.022985;0.60702;R;SP98;6;2026-10-07 06:56:19;2.269
4100011;RN96 - CHEMIN DES PLANTIERS;MANOSQUE;43.823;5.787;R;Gazole;1;2026-10-07 00:01:00;2.239
4100011;RN96 - CHEMIN DES PLANTIERS;MANOSQUE;43.823;5.787;R;E85;3;2026-10-07 00:01:00;0.912
4100011;RN96 - CHEMIN DES PLANTIERS;MANOSQUE;43.823;5.787;R;GPLc;4;2026-10-07 00:01:00;0.994
4100011;RN96 - CHEMIN DES PLANTIERS;MANOSQUE;43.823;5.787;R;E10;5;2026-10-07 00:01:00;1.99
4100011;RN96 - CHEMIN DES PLANTIERS;MANOSQUE;43.823;5.787;R;SP98;6;2026-10-07 00:01:00;1.99
62500005;1, RUE DES MADELEINES;Saint-Omer;50.744;2.26;R;Gazole;1;2026-10-07 00:01:00;2.25
62500005;1, RUE DES MADELEINES;Saint-Omer;50.744;2.26;R;E85;3;2026-10-07 00:01:00;0.899
62500005;1, RUE DES MADELEINES;Saint-Omer;50.744;2.26;R;E10;5;2026-10-07 00:01:00;1.99
35342001;98 rue de Rennes;Liffré;48.21;-1.516;R;Gazole;1;2026-10-07 08:45:45;2.289
54600005;BD DES AIGUILLETTES;Villers-lès-Nancy;48.67308;6.15342;R;Gazole;1;2026-10-07 00:01:00;2.25
93470002;ZAC DES PRES CD N° 136;COUBRON;48.915;2.589;R;E10;5;2026-10-07 08:55:12;2.169
93470002;ZAC DES PRES CD N° 136;COUBRON;48.915;2.589;R;SP98;6;2026-10-07 08:55:12;2.269
